brand,category,product_name,model,variant,sku,mrp,image_path,source_url
Axor,Helmets,Axor Agera Full Face Helmet With Spoiler,Axor Agera Full Face Helmet With Spoiler,Standard,10483316228228,9251.00,images_processed\axor\1_70280cb3-a04f-497d-99cb-8dc3115345b7.webp,
Axor,Helmets,Axor Agera Raiz Full Face Helmet With Spoiler,Axor Agera Raiz Full Face Helmet With Spoiler,Standard,10487803805828,9251.00,images_processed\axor\37_97e42a78-a03f-43f2-bf86-95cae37873d6.webp,
Axor,Helmets,Axor Agera Rush Full Face Helmet With Spoiler,Axor Agera Rush Full Face Helmet With Spoiler,Standard,10487749345412,9251.00,images_processed\axor\28_d3293d76-e49f-4eb4-ac27-1bf577c31231.webp,
Axor,Helmets,Axor Brutale Airwaves Full Face Helmet with Dual Spoilers,Axor Brutale Airwaves Full Face Helmet with Dual Spoilers,Standard,10483275825284,7991.00,images_processed\axor\1_4fbe3a9e-7006-4f0a-b20f-74efbf9c19bb.webp,
Axor,Helmets,Apex Scratch Helmet With Spoiler,Apex Scratch Helmet With Spoiler,Standard,10420834500740,5498.00,images_processed\axor\19.webp,
Axor,Helmets,Axor Apex Marvel Spider Man Edition Full-Face Helmet With Spoiler,Axor Apex Marvel Spider Man Edition Full-Face Helmet With Spoiler,Standard,10402640789636,6500.00,images_processed\axor\1_936bc0f6-31ef-48c8-af79-3d120215e05a.webp,
Axor,Helmets,Axor Kylo Bean Helmet,Axor Kylo Bean Helmet,Standard,10308755849348,3599.00,images_processed\axor\3_0a592bf5-84cc-460d-afff-c485b11d7cae.webp,
Axor,Helmets,Axor Kylo Bliss Helmet,Axor Kylo Bliss Helmet,Standard,10308683235460,3599.00,images_processed\axor\12_f34ec8f0-b8f2-4a94-93f1-af228afa2e0e.webp,
Axor,Helmets,Axor Kylo Ray Helmet,Axor Kylo Ray Helmet,Standard,10308676747396,3599.00,images_processed\axor\47_1.webp,
Axor,Helmets,Axor Kylo Solid Helmet,Axor Kylo Solid Helmet,Standard,10308561305732,3599.00,images_processed\axor\29_f1edb77f-0972-43fd-97c2-1afd79aecf9e.webp,
Axor,Helmets,Apex Revo Coated Visor,Apex Revo Coated Visor,Standard,10340528619652,1320.00,images_processed\axor\APEXREVOBLUE.webp,
Axor,Helmets,Brutale Insert Complete Set,Brutale Insert Complete Set,Standard,10329882263684,1650.00,images_processed\axor\13_5096eb9e-7952-4487-9c94-887c16efdbac.webp,
Axor,Helmets,Apex Infinity Helmet,Apex Infinity Helmet,Standard,10040850645124,5498.00,images_processed\axor\161.webp,
Axor,Helmets,Axor xBhp Bionic Helmet,Axor xBhp Bionic Helmet,Standard,10090546364548,6500.00,images_processed\axor\APEX_XBHP_BIONIC_WEB-3.webp,
Axor,Helmets,Axor X Altor  Apex Venomous Smart Bluetooth Helmet,Axor X Altor  Apex Venomous Smart Bluetooth Helmet,Standard,10247576518788,7910.00,images_processed\axor\V1.webp,
Axor,Helmets,Street DC Batman Helmet,Street DC Batman Helmet,Standard,7106699853956,6500.00,images_processed\axor\ANTHRACITEBLACK_3.webp,
Axor,Helmets,Axor IRIS Bluetooth Motorcycle Helmet Headset,Axor IRIS Bluetooth Motorcycle Helmet Headset,Standard,10217905094788,2240.00,images_processed\axor\IRISByAltorAxor-2.webp,
Axor,Helmets,Apex Dynamo Helmet,Apex Dynamo Helmet,Standard,7220798128260,5498.00,images_processed\axor\283.webp,
Axor,Helmets,Brutale Corsa Dual Spoiler Helmet,Brutale Corsa Dual Spoiler Helmet,Standard,10147324166276,7991.00,images_processed\axor\64.webp,
Axor,Helmets,Retro Jet West Helmet with Peak,Retro Jet West Helmet with Peak,Standard,7184887939204,2681.00,images_processed\axor\DULL_AQUA_GREEN_2.webp,
Axor,Helmets,Apex Ascetic Helmet,Apex Ascetic Helmet,Standard,10135909171332,5498.00,images_processed\axor\144.webp,
Axor,Helmets,Axor Tom Backpack for Helmet,Axor Tom Backpack for Helmet,Standard,10106433011844,1950.00,images_processed\axor\TOMWEB-1.webp,
Axor,Helmets,Brutale Kryptic Dual Spoiler Helmet,Brutale Kryptic Dual Spoiler Helmet,Standard,10053891653764,7991.00,images_processed\axor\46.webp,
Axor,Helmets,Brutale Ryden Dual Spoiler Helmet,Brutale Ryden Dual Spoiler Helmet,Standard,10053884903556,7991.00,images_processed\axor\2_cf594637-a812-40fa-8303-693d265398d6.webp,
Axor,Helmets,Brutale Solid Colors Dual Spoiler Helmet,Brutale Solid Colors Dual Spoiler Helmet,Standard,10047967854724,7991.00,images_processed\axor\11_11d102cc-ac9b-49a6-b000-8e2cc2a94428.webp,
Axor,Helmets,X-Cross Dual Visor Gambling Helmet,X-Cross Dual Visor Gambling Helmet,Standard,10050695037060,7406.00,images_processed\axor\166_9fe6ca85-cc42-47e4-beb2-9a580948d14b.webp,
Axor,Helmets,Axor X Altor  Apex Smart Bluetooth Helmet,Axor X Altor  Apex Smart Bluetooth Helmet,Standard,10010835943556,7910.00,images_processed\axor\169.webp,
Axor,Helmets,Axor Viper Riding Gloves,Axor Viper Riding Gloves,Standard,10030775730308,2996.00,images_processed\axor\76_5de4c067-1575-4042-a621-4927cc49ffcc.webp,
Axor,Helmets,Hunter DC Superman Helmet,Hunter DC Superman Helmet,Standard,9999541633156,3770.00,images_processed\axor\1_1ee7e1be-f970-4925-ba87-da10985359cc.webp,
Axor,Helmets,Street Marvel Captain America Helmet,Street Marvel Captain America Helmet,Standard,8209666244740,6500.00,images_processed\axor\StreetCaptainAmericaBlue10803.webp,
Axor,Helmets,Saber Sasuke Helmet,Saber Sasuke Helmet,Standard,8195492937860,4670.00,images_processed\axor\SasukeWeb3.webp,
Axor,Helmets,Saber Spark Helmet,Saber Spark Helmet,Standard,8193244430468,4220.00,images_processed\axor\BLACK_RED_3_c6c6ac71-4455-423c-ac7d-fe13e50a0fb3.webp,
Axor,Helmets,Saber Shadow Helmet,Saber Shadow Helmet,Standard,8193242660996,4220.00,images_processed\axor\BLACKMBLUE3.webp,
Axor,Helmets,Hunter Shark Helmet,Hunter Shark Helmet,Standard,8192114589828,3905.00,images_processed\axor\BLACKWHITE_3_7821d6ee-9788-462f-97fa-07db27dbf018.webp,
Axor,Helmets,Apex Marvel Black Panther Helmet,Apex Marvel Black Panther Helmet,Standard,8190896013444,6500.00,images_processed\axor\174.webp,
Axor,Helmets,X-Cross Dual Visor Speedometer Helmet,X-Cross Dual Visor Speedometer Helmet,Standard,8189829939332,7406.00,images_processed\axor\183.webp,
Axor,Helmets,X-Cross Dual Visor Orbit Helmet,X-Cross Dual Visor Orbit Helmet,Standard,8189778362500,7406.00,images_processed\axor\227.webp,
Axor,Helmets,X-Cross Dual Visor Flagstaff Helmet,X-Cross Dual Visor Flagstaff Helmet,Standard,8189784981636,7406.00,images_processed\axor\201.webp,
Axor,Helmets,Apex Prism Helmet,Apex Prism Helmet,Standard,8181870526596,5498.00,images_processed\axor\192.webp,
Axor,Helmets,Hunter Spear Helmet,Hunter Spear Helmet,Standard,8178690982020,3905.00,images_processed\axor\RED_BLACK_3.webp,
Axor,Helmets,Jet Forged Carbon Helmet,Jet Forged Carbon Helmet,Standard,8174846214276,5210.00,images_processed\axor\ForgedCarbon_2_3ac33abd-b570-4de3-bfaa-f8085cca2bd2.webp,
Axor,Helmets,Hunter Turbo Helmet,Hunter Turbo Helmet,Standard,8165627134084,3905.00,images_processed\axor\WHITERED_3_ecb84f10-6ce4-460b-9120-11a74cb03305.webp,
Axor,Helmets,Hunter Solid Colors Helmet,Hunter Solid Colors Helmet,Standard,8164738990212,3905.00,images_processed\axor\Black_3_edbc848a-41f0-4fae-9b7e-8b41ff8a8fd3.webp,
Axor,Helmets,Hunter Cornet Helmet,Hunter Cornet Helmet,Standard,8165629886596,3905.00,images_processed\axor\DARKBLUEBLUE_3.webp,
Axor,Helmets,Saber X-Sport Helmet,Saber X-Sport Helmet,Standard,7301758582916,4220.00,images_processed\axor\BLACK_NEON_YELLOW_3.webp,
Axor,Helmets,Saber Single Colors Helmet,Saber Single Colors Helmet,Standard,7301130190980,4220.00,images_processed\axor\SaberBlack_3.webp,
Axor,Helmets,Saber Naruto Helmet,Saber Naruto Helmet,Standard,7301652742276,4670.00,images_processed\axor\BLACK_ORANGE_3_90a52c97-a617-4465-93d0-9f2e3bcf0552.webp,
Axor,Helmets,Apex Marvel Deadpool Helmet,Apex Marvel Deadpool Helmet,Standard,7285836546180,6500.00,images_processed\axor\209_e677a1f7-4614-4e0c-a8da-4f9a23b52a88.webp,
Axor,Helmets,Apex Solid Color Helmet,Apex Solid Color Helmet,Standard,7102683873412,5498.00,images_processed\axor\597.webp,
Axor,Helmets,Apex Streak Helmet,Apex Streak Helmet,Standard,7262477910148,5498.00,images_processed\axor\229.webp,
Axor,Helmets,Retro Jet Sportz S13 Helmet,Retro Jet Sportz S13 Helmet,Standard,7245393854596,2951.00,images_processed\axor\JetSportsBlueBlack-2.webp,
Axor,Helmets,Retro Jet Sportz C13 Helmet,Retro Jet Sportz C13 Helmet,Standard,7242883727492,2951.00,images_processed\axor\JetSportsOrangeBlue-2.webp,
Axor,Helmets,Apex Seadevil helmet,Apex Seadevil helmet,Standard,7102684070020,5498.00,images_processed\axor\470.webp,
Axor,Helmets,Pinlock 70 Film,Pinlock 70 Film,Standard,7204588126340,2060.00,images_processed\axor\Pinlock70.webp,
Axor,Helmets,Apex Trance Helmet,Apex Trance Helmet,Standard,7201377976452,5498.00,images_processed\axor\318_92b859e1-5847-4b46-87c7-3328e18a8bf4.webp,
Axor,Helmets,X-cross X1 Dual Visor Helmet,X-cross X1 Dual Visor Helmet,Standard,7202020982916,7406.00,images_processed\axor\WHITERED2.webp,
Axor,Helmets,X-cross X1 Helmet,X-cross X1 Helmet,Standard,7103154716804,5984.00,images_processed\axor\419.webp,
Axor,Helmets,Axor Nimbuz Jacket,Axor Nimbuz Jacket,Standard,7185079140484,6821.00,images_processed\axor\BlackGrey_2_379e2546-b70b-4974-bf4d-d88f3bc5617a.webp,
Axor,Helmets,X-Cross Flash Dual Visor Helmet,X-Cross Flash Dual Visor Helmet,Standard,7147987763332,7406.00,images_processed\axor\CoolGreyGreen2.webp,
Axor,Helmets,Retro Jet Euro Globe Helmet,Retro Jet Euro Globe Helmet,Standard,7142961283204,2951.00,images_processed\axor\Black2_9d3041cb-fb1c-4fad-93cd-7f15efd45db3.webp,
Axor,Helmets,Axor Retro Jet Ibiza Women's Helmet,Axor Retro Jet Ibiza Women's Helmet,Standard,7119121023108,2951.00,images_processed\axor\IBIZA_2.webp,
Axor,Helmets,Apex Marvel Venom Helmet,Apex Marvel Venom Helmet,Standard,7115066704004,6500.00,images_processed\axor\346_c48a758d-4fce-4a40-a121-29f6a33de978.webp,
Axor,Helmets,X-Cross Dual Visor Helmet,X-Cross Dual Visor Helmet,Standard,7106981429380,7406.00,images_processed\axor\298.webp,
Axor,Helmets,Axor Jet Carbon Big Checks helmet with bubble visor,Axor Jet Carbon Big Checks helmet with bubble visor,Standard,7106798518404,5210.00,images_processed\axor\CarbonBigChecks_2.webp,
Axor,Helmets,Axor Jet Carbon Small Checks helmet with Bubble Visor,Axor Jet Carbon Small Checks helmet with Bubble Visor,Standard,7106798420100,5210.00,images_processed\axor\CarbonSmallChecks2.webp,
Axor,Helmets,Axor Diva Women's Jacket,Axor Diva Women's Jacket,Standard,7105870692484,5912.00,images_processed\axor\DivaBlackRed2.webp,
Axor,Helmets,Axor Cruise 2 Jacket,Axor Cruise 2 Jacket,Standard,7105870626948,5912.00,images_processed\axor\Cruise2NeonYellowBlack2.webp,
Axor,Helmets,Axor Falcon Jacket,Axor Falcon Jacket,Standard,7105870594180,8990.00,images_processed\axor\Grey_2_76495ab4-ce92-4229-a024-0683be3d574f.webp,
Axor,Helmets,Axor Flow Jacket,Axor Flow Jacket,Standard,7105870561412,4958.00,images_processed\axor\Grey_2.webp,
Axor,Helmets,Apex DC Joker Helmet,Apex DC Joker Helmet,Standard,7105868955780,6500.00,images_processed\axor\364.webp,
Axor,Helmets,Axor xBhp Speed of Thought Helmet,Axor xBhp Speed of Thought Helmet,Standard,7103155110020,6500.00,images_processed\axor\xbhb_3.webp,
Axor,Helmets,Street Solid Black Helmet,Street Solid Black Helmet,Standard,7103154880644,5498.00,images_processed\axor\Streetblack_3.webp,
Axor,Helmets,X-cross Single Color Helmet,X-cross Single Color Helmet,Standard,7103154749572,5984.00,images_processed\axor\376_6d418249-e0e8-4b6d-bd59-d887d4920f1d.webp,
Axor,Helmets,Axor Retro Moto-X Helmet,Axor Retro Moto-X Helmet,Standard,7103154651268,5498.00,images_processed\axor\DullAthenaGrey_2.webp,
Axor,Helmets,Axor Retro Jet Hawaii Women's Helmet,Axor Retro Jet Hawaii Women's Helmet,Standard,7103154618500,2951.00,images_processed\axor\HAWAII_2.webp,
Axor,Helmets,Axor Retro Jet Helmet,Axor Retro Jet Helmet,Standard,7103154585732,2951.00,images_processed\axor\BLACK2.webp,
Axor,Helmets,Apex Turbine Helmet,Apex Turbine Helmet,Standard,7102684168324,5498.00,images_processed\axor\373.webp,
Axor,Helmets,Apex Vivid Helmet,Apex Vivid Helmet,Standard,7102684135556,5498.00,images_processed\axor\382.webp,
Axor,Helmets,Apex Venomous Helmet,Apex Venomous Helmet,Standard,7102684102788,5498.00,images_processed\axor\409_024a5f8b-796f-4c8f-bbb2-328e659d61c8.webp,
Axor,Helmets,Apex Hunter Helmet,Apex Hunter Helmet,Standard,7102684004484,5498.00,images_processed\axor\498.webp,
Axor,Helmets,Apex Hex-2 Helmet,Apex Hex-2 Helmet,Standard,7102683906180,5498.00,images_processed\axor\552_2c52f281-d124-4dca-bd88-3c960f7a3bdd.webp,
KYT,Helmets,KYT Striker Flaming Gloss Anthracite Red Helmet,KYT Striker Flaming Gloss Anthracite Red Helmet,Standard,7989524136001,6950.00,images_processed\kyt\1_25e39557-a3fd-4b2e-9511-668caf80674c.webp,
KYT,Helmets,KYT Striker Brock Parkes Replica Gloss Blue White Helmet,KYT Striker Brock Parkes Replica Gloss Blue White Helmet,Standard,7989519581249,6950.00,images_processed\kyt\1_d98cac8a-60cf-4dcf-b84f-1964f1fcbbee.webp,
KYT,Helmets,KYT TT Revo Combustion Gloss Black Red Helmet,KYT TT Revo Combustion Gloss Black Red Helmet,Standard,7934900142145,8975.00,images_processed\kyt\Y6TR0038-KYT-TT-REVO-COMBUSTION-MATTRED_5.webp,
KYT,Helmets,Spare Visor for KYT R1R Helmets,Spare Visor for KYT R1R Helmets,Standard,7904834584641,2800.00,images_processed\kyt\KYTSpareVisorR1RDarkSmokecopy.webp,
KYT,Helmets,KYT Spare Pinlock 70 Anti fog Clear Lens for R1R Helmets,KYT Spare Pinlock 70 Anti fog Clear Lens for R1R Helmets,Standard,7904281264193,2800.00,images_processed\kyt\dks223_c_70_3d_w.thumb_1cbbcccb-bc26-4d63-9136-cf9680988444.webp,
KYT,Helmets,Spare Crown Pad for KYT NZ Race Helmets,Spare Crown Pad for KYT NZ Race Helmets,Standard,7904265306177,2800.00,images_processed\kyt\1_8c6faf6e-4cbc-4377-abdc-326e3d539f0a.webp,
KYT,Helmets,KYT Striker Runs Gloss White Helmet,KYT Striker Runs Gloss White Helmet,Standard,7904245350465,6950.00,images_processed\kyt\1_8552d798-d960-4a13-b0d2-a0d93806538a.webp,
KYT,Helmets,KYT Striker Fernandez Replica Gloss Black Red Helmet,KYT Striker Fernandez Replica Gloss Black Red Helmet,Standard,7903677153345,6950.00,images_processed\kyt\1_43f3d3a2-708d-4d91-b988-818c06fd3d20.webp,
KYT,Helmets,KYT Striker Davo Replica Gloss Black Red Fluro Helmet,KYT Striker Davo Replica Gloss Black Red Fluro Helmet,Standard,7903674662977,6950.00,images_processed\kyt\1_5e720636-ad25-4d1d-bb9f-74795edd9e05.webp,
KYT,Helmets,KYT Striker Davo Gloss Black Gold Helmet,KYT Striker Davo Gloss Black Gold Helmet,Standard,7903660867649,6950.00,images_processed\kyt\1_96edb516-51e0-4053-b713-2b97c07fb34d.webp,
KYT,Helmets,KYT Striker Dallaporta Replica Gloss Helmet,KYT Striker Dallaporta Replica Gloss Helmet,Standard,7903659327553,6950.00,images_processed\kyt\1_ebc54d11-f4ed-4d87-b13f-f9b377b5ad60.webp,
KYT,Helmets,KYT R2R Pro Parsec Gloss White Red Helmet,KYT R2R Pro Parsec Gloss White Red Helmet,Standard,7903658672193,16250.00,images_processed\kyt\1_3fb562b5-589f-4b4d-8982-e5c5ed986703.webp,
KYT,Helmets,KYT R2R Pro Parsec Matt GRL Grey Red Helmet,KYT R2R Pro Parsec Matt GRL Grey Red Helmet,Standard,7903653625921,16250.00,images_processed\kyt\1_4888bcbc-cd01-4655-93a2-69e30194fbd1.webp,
KYT,Helmets,KYT R2R Pro Parsec Gloss Black Blue Red Helmet,KYT R2R Pro Parsec Gloss Black Blue Red Helmet,Standard,7879102857281,16250.00,images_processed\kyt\side_719fdb89-3dc1-48a4-81a1-9877e6e1f2a9.webp,
KYT,Helmets,KYT R2R Pro Fernandez 2025 Replica Matt Blue Helmet,KYT R2R Pro Fernandez 2025 Replica Matt Blue Helmet,Standard,7879094992961,16750.00,images_processed\kyt\R2RMAX-FERNANDEZ-2025-REP.webp,
KYT,Helmets,KYT TT Revo Speeding Gloss White Red Helmet,KYT TT Revo Speeding Gloss White Red Helmet,Standard,7849861972033,8975.00,images_processed\kyt\Y6TR0051_KYT_TT_REVO_SPEEDING_WHITE_RED_4.webp,
KYT,Helmets,KYT TT Revo Speeding Matt GRL Grey Red Helmet,KYT TT Revo Speeding Matt GRL Grey Red Helmet,Standard,7849851322433,8975.00,images_processed\kyt\Y6TR0052_KYTTTREVO_SPEEDING_MATTGRLGREYBLACK_4.webp,
KYT,Helmets,KYT TT Revo Speeding Gloss Black Red Blue Helmet,KYT TT Revo Speeding Gloss Black Red Blue Helmet,Standard,7849836150849,8975.00,images_processed\kyt\Y6TR0053_KYT_TT_REVO_SPEEDING_BLACK_RED_BLUE_4.webp,
KYT,Helmets,KYT TT Revo Riccardo Rossi BCN Gloss Helmet,KYT TT Revo Riccardo Rossi BCN Gloss Helmet,Standard,7849812983873,8975.00,images_processed\kyt\Y6TRX058_KYT_TT-REVO_RICCARDO_ROSSI_BCN_REPLICA_1.webp,
KYT,Helmets,KYT TT Revo Megalodon Gloss Helmet,KYT TT Revo Megalodon Gloss Helmet,Standard,7849794601025,8975.00,images_processed\kyt\Y6TRX057_KYT_TT-REVO_MEGALODON_1.webp,
KYT,Helmets,KYT TT Revo Gino Rea Replica Gloss Helmet,KYT TT Revo Gino Rea Replica Gloss Helmet,Standard,7849775300673,8975.00,images_processed\kyt\Y6TRX061_KYT_TT-REVO_GINO_REA_REPLICA_9.webp,
KYT,Helmets,KYT TT Revo Fernandez 2022 Replica Gloss Helmet,KYT TT Revo Fernandez 2022 Replica Gloss Helmet,Standard,7849626468417,8975.00,images_processed\kyt\Y6TRX059_KYT_TT-REVO_FERNANDEZ_2022_REPLICA_4.webp,
KYT,Helmets,Spare Photochromic Visor for KYT TT REVO Helmets,Spare Photochromic Visor for KYT TT REVO Helmets,Standard,7850053107777,3600.00,images_processed\kyt\VISOR_KYT_TT_REVO_PHOTOCHROMIC.webp,
KYT,Helmets,KYT TT Revo Enea Bastianini Indonesia Replica 2023 Gloss Pearl White Helmet,KYT TT Revo Enea Bastianini Indonesia Replica 2023 Gloss Pearl White Helmet,Standard,7768830115905,8975.00,images_processed\kyt\Y6TRX049-KYTTT-REVOBASTIANINIIDN2023WHITEPEARL_5.webp,
KYT,Helmets,KYT D City Overtech Gloss Black Fluro Orange Helmet,KYT D City Overtech Gloss Black Fluro Orange Helmet,Standard,7662901788737,6500.00,images_processed\kyt\2_c2626421-6666-4ec1-8228-894843830dec.webp,
KYT,Helmets,Spare Visor for KYT KX1 Race GP Helmets,Spare Visor for KYT KX1 Race GP Helmets,Standard,7616921796673,4200.00,images_processed\kyt\YAKX0VT0-KX1-VISOR-Clear_7a831272-112f-41bb-b14d-2b4166f5e475.webp,
KYT,Helmets,KYT Striker 2V Flaming Gloss Anthracite Green Helmet,KYT Striker 2V Flaming Gloss Anthracite Green Helmet,Standard,7604890075201,6975.00,images_processed\kyt\DSC08766.webp,
KYT,Helmets,KYT TT Revo Plain Sea Blue Gloss Helmet,KYT TT Revo Plain Sea Blue Gloss Helmet,Standard,7603725140033,8750.00,images_processed\kyt\1_7a53fef5-93ce-4532-b996-836e8c03e314.webp,
KYT,Helmets,KYT Striker 2V Flaming Gloss Grey Blue Helmet,KYT Striker 2V Flaming Gloss Grey Blue Helmet,Standard,7604873232449,6975.00,images_processed\kyt\DSC08765.webp,
KYT,Helmets,KYT Striker 2V Flaming Gloss Anthracite Red Helmet,KYT Striker 2V Flaming Gloss Anthracite Red Helmet,Standard,7604879949889,6975.00,images_processed\kyt\DSC08760.webp,
KYT,Helmets,KYT Striker 2V Neutron Gloss Black Red Helmet,KYT Striker 2V Neutron Gloss Black Red Helmet,Standard,7604896366657,6975.00,images_processed\kyt\DSC08565.webp,
KYT,Helmets,KYT Striker 2V Neutron Gloss Black White Helmet,KYT Striker 2V Neutron Gloss Black White Helmet,Standard,7604907999297,6975.00,images_processed\kyt\DSC08359.webp,
KYT,Helmets,KYT Striker 2V Neutron Gloss Black Yellow Helmet,KYT Striker 2V Neutron Gloss Black Yellow Helmet,Standard,7604914421825,6975.00,images_processed\kyt\DSC08570.webp,
KYT,Helmets,KYT Striker 2V Brock Parkes Replica Gloss Blue White Helmet,KYT Striker 2V Brock Parkes Replica Gloss Blue White Helmet,Standard,7604921794625,6975.00,images_processed\kyt\DSC08574.webp,
KYT,Helmets,KYT D City Lucent Blue Orange Gloss Open Face Helmets,KYT D City Lucent Blue Orange Gloss Open Face Helmets,Standard,7567342796865,6500.00,images_processed\kyt\2_ef796a90-c990-4cee-bebf-da972fe1aa38.webp,
KYT,Helmets,KYT TT Revo Diogo Moreira 2024 Replica Gloss Blue Helmet,KYT TT Revo Diogo Moreira 2024 Replica Gloss Blue Helmet,Standard,7567133933633,8975.00,images_processed\kyt\01-MOREIRAREPLICA.webp,
KYT,Helmets,KYT D City Foggia Misano 2022 Replica Gloss Open Face Helmet,KYT D City Foggia Misano 2022 Replica Gloss Open Face Helmet,Standard,7566840004673,6500.00,images_processed\kyt\2_8e052495-642b-4440-a961-29002a2e9053.webp,
KYT,Helmets,KYT TT Revo Fuselage Red Gloss Helmet,KYT TT Revo Fuselage Red Gloss Helmet,Standard,7471269937217,8975.00,images_processed\kyt\1_08a06d25-51a5-4e61-a9a5-0ed930e6d96e.webp,
KYT,Helmets,KYT TT Revo Plain Crystal White Matt Helmet,KYT TT Revo Plain Crystal White Matt Helmet,Standard,7471583821889,8750.00,images_processed\kyt\Y6TRX0X3D_KYTTTREVO_PLAINCRYSTALWHITEMATT_8.webp,
KYT,Helmets,KYT Striker 2V Plain Gloss GRL Grey Helmet,KYT Striker 2V Plain Gloss GRL Grey Helmet,Standard,7523631661121,6800.00,images_processed\kyt\plaingrlgrey2.webp,
KYT,Helmets,KYT TT Revo Plain White Gloss Helmet,KYT TT Revo Plain White Gloss Helmet,Standard,7544514379841,8750.00,images_processed\kyt\1_fb50bc05-0e64-44ad-a75d-2bc886ab567c.webp,
KYT,Helmets,KYT TT Revo Plain Gloss Black Helmet,KYT TT Revo Plain Gloss Black Helmet,Standard,7544520867905,8750.00,images_processed\kyt\Y6TRX0W6-KYTTT-REVOPLAINBLACK_8.webp,
KYT,Helmets,KYT TT Revo Plain Sand Pearl Khakis Gloss Helmet,KYT TT Revo Plain Sand Pearl Khakis Gloss Helmet,Standard,7544527650881,8750.00,images_processed\kyt\Y6TRX0WSK-KYTTT-REVOPLAINSANDPEARLKHAKIS_4.webp,
KYT,Helmets,KYT TT Revo Plain Stellar Diamond Gloss Helmet,KYT TT Revo Plain Stellar Diamond Gloss Helmet,Standard,7544533319745,8750.00,images_processed\kyt\Y6TRX0W4S-KYTTT-REVOPLAINSTELLARDIAMOND_7.webp,
KYT,Helmets,KYT TT Revo Plain Gara Red Gloss Helmet,KYT TT Revo Plain Gara Red Gloss Helmet,Standard,7544538955841,8750.00,images_processed\kyt\Y6TRX0W7D-KYT-TTREVO-PLAINGARARED_4.webp,
KYT,Helmets,KYT TT Revo Overtech Black Fuxia Gloss Helmet,KYT TT Revo Overtech Black Fuxia Gloss Helmet,Standard,7544543936577,8975.00,images_processed\kyt\Y6TRX042-KYTTT-REVOOVERTECHBLACKFUXIA_4.webp,
KYT,Helmets,KYT TT Revo Synchrotron Gloss Helmet,KYT TT Revo Synchrotron Gloss Helmet,Standard,7545265848385,8975.00,images_processed\kyt\Y6TR0036-KYT-TTREVO-SYNCHROTRON_5.webp,
KYT,Helmets,KYT TT Revo Combustion Matt Black Red Helmet,KYT TT Revo Combustion Matt Black Red Helmet,Standard,7545268404289,8975.00,images_processed\kyt\Y6TR0038-KYT-TT-REVO-COMBUSTION-MATTRED_5.webp,
KYT,Helmets,KYT TT Revo Combustion Black Orange Gloss Helmet,KYT TT Revo Combustion Black Orange Gloss Helmet,Standard,7545309495361,8975.00,images_processed\kyt\Y6TR0037-KYT-TTREVO-COMBUSTION-ORANGE_5.webp,
KYT,Helmets,KYT TT Revo Sushi Time Gloss Helmet,KYT TT Revo Sushi Time Gloss Helmet,Standard,7545315393601,8975.00,images_processed\kyt\Y6TR0042-KYTTT-REVOSUSHITIME_4.webp,
KYT,Helmets,KYT TT Revo Enea Bastianini Indonesia Replica 2023 Matt Black Helmet,KYT TT Revo Enea Bastianini Indonesia Replica 2023 Matt Black Helmet,Standard,7545326174273,8975.00,images_processed\kyt\1_189bc8dd-c4d9-4a20-9594-785a24a9c1f9.webp,
KYT,Helmets,KYT TT Revo Leopard Replica Spaniard Gloss Helmet,KYT TT Revo Leopard Replica Spaniard Gloss Helmet,Standard,7545338495041,8975.00,images_processed\kyt\1_026b3cf6-f484-448f-bdc0-88b7af09720d.webp,
KYT,Helmets,KYT TT Revo Bayliss Replica Gloss Helmet,KYT TT Revo Bayliss Replica Gloss Helmet,Standard,7545343574081,8975.00,images_processed\kyt\1_a8809595-cf1d-405e-b360-e1c40e010fa5.webp,
KYT,Helmets,KYT TT Revo Nicolo Bulega 2022 Replica Gloss Helmet,KYT TT Revo Nicolo Bulega 2022 Replica Gloss Helmet,Standard,7545364840513,8975.00,images_processed\kyt\1_471e8d80-66e1-49e0-9743-0f17a1c032c2.webp,
KYT,Helmets,KYT R2R Pro LED Matt Black Red Helmet,KYT R2R Pro LED Matt Black Red Helmet,Standard,7545375359041,16250.00,images_processed\kyt\1_ece5fa9a-26e5-4140-8d8d-a891d8d577e6.webp,
KYT,Helmets,KYT R2R Pro LED Matt Black Blue Helmet,KYT R2R Pro LED Matt Black Blue Helmet,Standard,7545376800833,16250.00,images_processed\kyt\1_26ec5720-cddd-426a-b667-ad6684ba1eb2.webp,
KYT,Helmets,KYT R2R Pro LED Matt Black Grey Fluro Red Helmet,KYT R2R Pro LED Matt Black Grey Fluro Red Helmet,Standard,7545377357889,16250.00,images_processed\kyt\1_f8883de8-f248-409b-838c-c7c1348bacec.webp,
KYT,Helmets,KYT R2R Pro Straight Gloss Helmet,KYT R2R Pro Straight Gloss Helmet,Standard,7545377751105,16250.00,images_processed\kyt\1_3443fb7f-79f3-41cc-b19c-f9d1acdf2cac.webp,
KYT,Helmets,KYT R2R Pro Octane Black Red Gloss Helmet,KYT R2R Pro Octane Black Red Gloss Helmet,Standard,7545378537537,16250.00,images_processed\kyt\1_e22fa2fd-09a7-48ec-9315-92157ac94dd3.webp,
KYT,Helmets,KYT R2R Pro Octane Matt Black Yellow Helmet,KYT R2R Pro Octane Matt Black Yellow Helmet,Standard,7545378832449,16250.00,images_processed\kyt\1_d7af545f-542c-43e9-ac79-c13962130658.webp,
KYT,Helmets,KYT R2R Pro Plain GRL Grey Gloss Helmet,KYT R2R Pro Plain GRL Grey Gloss Helmet,Standard,7545379192897,15750.00,images_processed\kyt\1_02bd067c-4dd8-4fdb-965d-24aaf056f24a.webp,
KYT,Helmets,KYT R2R Pro Plain Gloss White Helmet,KYT R2R Pro Plain Gloss White Helmet,Standard,7545385779265,15750.00,images_processed\kyt\1_24efc0f3-82d2-41b8-a26d-4ad4abaf4448.webp,
KYT,Helmets,KYT Striker 2V Plain Gloss White Helmet,KYT Striker 2V Plain Gloss White Helmet,Standard,7545404719169,6800.00,images_processed\kyt\1_2bbc8767-73f9-4494-bf78-7b8b2ac91469.webp,
KYT,Helmets,KYT Striker 2V Plain Gloss Black Helmet,KYT Striker 2V Plain Gloss Black Helmet,Standard,7545773817921,6800.00,images_processed\kyt\plainblack3.webp,
KYT,Helmets,KYT Striker 2V Plain Matt Black Helmet,KYT Striker 2V Plain Matt Black Helmet,Standard,7545776341057,6800.00,images_processed\kyt\plainmattblack1.webp,
KYT,Helmets,KYT Striker 2V Plain Matt GRL Grey Helmet,KYT Striker 2V Plain Matt GRL Grey Helmet,Standard,7545777193025,6800.00,images_processed\kyt\1_34c61e4b-878d-43bc-8a8e-46e2c03dca6a.webp,
KYT,Helmets,KYT Striker 2V #01 Gloss Black Blue Helmet,KYT Striker 2V #01 Gloss Black Blue Helmet,Standard,7545785679937,6975.00,images_processed\kyt\1_7dee770e-4db7-42ca-a723-80d21c038386.webp,
KYT,Helmets,KYT Striker 2V #01 Gloss Black Red Helmet,KYT Striker 2V #01 Gloss Black Red Helmet,Standard,7545787678785,6975.00,images_processed\kyt\kytstrike_01blackred4.webp,
KYT,Helmets,KYT Striker 2V #01 Gloss Grey Blue Helmet,KYT Striker 2V #01 Gloss Grey Blue Helmet,Standard,7545788203073,6975.00,images_processed\kyt\kytstrike_01grlgreyblue2.webp,
KYT,Helmets,KYT Striker 2V #02 Gloss Asphalt Grey Fuxia Helmet,KYT Striker 2V #02 Gloss Asphalt Grey Fuxia Helmet,Standard,7545790857281,6975.00,images_processed\kyt\02asphaltgrey-fluxia2.webp,
KYT,Helmets,KYT Striker 2V #02 Matt Black Red Helmet,KYT Striker 2V #02 Matt Black Red Helmet,Standard,7545795117121,6975.00,images_processed\kyt\02mattblackred2.webp,
KYT,Helmets,KYT Striker 2V AF37 Livery Gloss Black White Helmet,KYT Striker 2V AF37 Livery Gloss Black White Helmet,Standard,7545797836865,6975.00,images_processed\kyt\2_24fa9286-f821-4ff4-aca5-ccd6b2d459e8.webp,
KYT,Helmets,KYT Striker 2V AF37 Livery Gloss Sea Blue Helmet,KYT Striker 2V AF37 Livery Gloss Sea Blue Helmet,Standard,7545798066241,6975.00,images_processed\kyt\AF37liveryseablue2.webp,
KYT,Helmets,KYT Striker 2V AF37 Livery Matt Black Red Helmet,KYT Striker 2V AF37 Livery Matt Black Red Helmet,Standard,7545798230081,6975.00,images_processed\kyt\AF37liverymattblackred2.webp,
KYT,Helmets,KYT MX Jumpshot #1 Gloss Black Green Fluro Helmet,KYT MX Jumpshot #1 Gloss Black Green Fluro Helmet,Standard,7546469613633,7900.00,images_processed\kyt\1_3e52744d-c3b7-46e4-9e6d-27040d107eb1.webp,
KYT,Helmets,KYT R2R Pro Octane Black Orange Gloss Helmet,KYT R2R Pro Octane Black Orange Gloss Helmet,Standard,7546487701569,16250.00,images_processed\kyt\1_4402bcbc-e84b-459c-b172-37f02cb2bf1f.webp,
KYT,Helmets,KYT TT Revo Dennis Foggia Replica Gloss Helmet,KYT TT Revo Dennis Foggia Replica Gloss Helmet,Standard,7546493894721,8975.00,images_processed\kyt\1_b935e13a-5db0-4820-9b4c-abcd29505309.webp,
KYT,Helmets,KYT Spare Pinlock 70 Anti fog Clear Lens for Striker Helmets,KYT Spare Pinlock 70 Anti fog Clear Lens for Striker Helmets,Standard,7546530168897,2800.00,images_processed\kyt\dks223_c_70_3d_w.thumb_d6e0e66b-9c98-407c-8631-99eb7a5d7621.webp,
KYT,Helmets,Spare Crown Pad for KYT TT Revo Helmets,Spare Crown Pad for KYT TT Revo Helmets,Standard,7546542293057,2700.00,images_processed\kyt\KYT_TT_-_REVO_CROWN_PAD.webp,
KYT,Helmets,KYT Spare Pinlock 70 Anti fog Clear Lens for R2R Pro Helmets,KYT Spare Pinlock 70 Anti fog Clear Lens for R2R Pro Helmets,Standard,7546522992705,2800.00,images_processed\kyt\dks223_c_70_3d_w.thumb_d6e0e66b-9c98-407c-8631-99eb7a5d7621.webp,
KYT,Helmets,KYT D City 98 Bomb Gloss Open Face Helmet,KYT D City 98 Bomb Gloss Open Face Helmet,Standard,7523087712321,6500.00,images_processed\kyt\D_NQ_NP_868944-MLB74352488566_022024-O.webp,
KYT,Helmets,KYT TT Revo Ratthapark Play Replica Gloss Helmet,KYT TT Revo Ratthapark Play Replica Gloss Helmet,Standard,7523115728961,8975.00,images_processed\kyt\Y6TRX041-KYT_TT-REVO_RATTHAPARK_PLAY_REPLICA_6.webp,
KYT,Helmets,KYT MX Jumpshot Plain Gloss Black Helmet,KYT MX Jumpshot Plain Gloss Black Helmet,Standard,7523113009217,7900.00,images_processed\kyt\KYT_20JUMP_20SHOT_20OFF_20ROAD_20MX_20DIRT_20BIKE_20HELMET_20PLAIN_20MATT_20BLACK_20AMAZINGLY_20CHEAP_20PRICE_20POINT_201-550x550w.webp,
KYT,Helmets,KYT D City Ratthapark Play Replica Gloss Open Face Helmet,KYT D City Ratthapark Play Replica Gloss Open Face Helmet,Standard,7523091185729,6500.00,images_processed\kyt\capacete-kyt-d-city-ratthapark-play-replica---2.webp,
KYT,Helmets,KYT D City Lucent Black Red Gloss Open Face Helmet,KYT D City Lucent Black Red Gloss Open Face Helmet,Standard,7523090923585,6500.00,images_processed\kyt\s-l1600_63415b42-56a8-4f96-ab00-d3697914edda.webp,
KYT,Helmets,KYT D City Dennis Foggia Leopard Replica Gloss Open Face Helmet,KYT D City Dennis Foggia Leopard Replica Gloss Open Face Helmet,Standard,7523089514561,6500.00,images_processed\kyt\capacete-kyt-nf-j-dennis-foggia-leopard-replica-63e524295da19.webp,
KYT,Helmets,KYT TT Revo Leopard Racing Replica Tricolore Gloss Helmet,KYT TT Revo Leopard Racing Replica Tricolore Gloss Helmet,Standard,7471091449921,8975.00,images_processed\kyt\1_b935e13a-5db0-4820-9b4c-abcd29505309.webp,
KYT,Helmets,KYT Striker Plain Matt GRL Grey Helmet,KYT Striker Plain Matt GRL Grey Helmet,Standard,7511029448769,6950.00,images_processed\kyt\1_34c61e4b-878d-43bc-8a8e-46e2c03dca6a.webp,
KYT,Helmets,KYT TT Revo Riccardo Rossi 2022 Replica Matt Helmet,KYT TT Revo Riccardo Rossi 2022 Replica Matt Helmet,Standard,7471089942593,8975.00,images_processed\kyt\1_b63257dd-f09d-4306-baeb-0cbe877fc33a.webp,
KYT,Helmets,KYT TT Revo Magnet Matt Helmet,KYT TT Revo Magnet Matt Helmet,Standard,7471549055041,8975.00,images_processed\kyt\1_44023741-e52a-4c0c-9672-51241768813b.webp,
KYT,Helmets,KYT Spare Pinlock Pro Race Anti fog Clear Lens for KX1 GP Helmets,KYT Spare Pinlock Pro Race Anti fog Clear Lens for KX1 GP Helmets,Standard,7510742597697,3900.00,images_processed\kyt\dks257_c_120xlt_3d_w.thumb.webp,
KYT,Helmets,KYT Spare Pinlock 120 Max Vision Anti fog Clear Lens for KX1 GP Helmets,KYT Spare Pinlock 120 Max Vision Anti fog Clear Lens for KX1 GP Helmets,Standard,7510729588801,3100.00,images_processed\kyt\dks418_c_120xlt_3d_w.thumb.webp,
KYT,Helmets,KYT D City Plain Gloss White Helmet,KYT D City Plain Gloss White Helmet,Standard,7503774941249,6200.00,images_processed\kyt\51UBC2ZBPJS._AC_SL1080.webp,
KYT,Helmets,KYT D City Plain Matt Black Helmet,KYT D City Plain Matt Black Helmet,Standard,7503203139649,6200.00,images_processed\kyt\2_c4e96ab1-6d80-4c2b-aecb-0ea930a672b6.webp,
KYT,Helmets,KYT TTR Jet Bastianini 2022 Replica Gloss Helmet,KYT TTR Jet Bastianini 2022 Replica Gloss Helmet,Standard,7503862530113,7750.00,images_processed\kyt\7c9322_c0064198c0a1469f89181109d2b4f3dc_mv2.webp,
KYT,Helmets,KYT TTR Jet Bulega 2021 Replica Gloss Helmet,KYT TTR Jet Bulega 2021 Replica Gloss Helmet,Standard,7503863316545,7750.00,images_processed\kyt\7c9322_76f1bfe2f5434445baaf367fb4aea9e4_mv2.webp,
KYT,Helmets,KYT TTR Jet Foggia Misano 2022 Replica Gloss Helmet,KYT TTR Jet Foggia Misano 2022 Replica Gloss Helmet,Standard,7503855812673,7750.00,images_processed\kyt\7c9322_9c1c9f0cea4c4bceb604d36db0b5c52c_mv2.webp,
KYT,Helmets,KYT TTR Jet Kasma 2023 Replica Gloss Helmet,KYT TTR Jet Kasma 2023 Replica Gloss Helmet,Standard,7503849881665,7750.00,images_processed\kyt\KASMA-2023-REPLICA.webp,
KYT,Helmets,KYT TTR Jet Plain Black Gloss Helmet,KYT TTR Jet Plain Black Gloss Helmet,Standard,7503844671553,7500.00,images_processed\kyt\PLAIN-BLACK-1.webp,
KYT,Helmets,KYT TTR Jet Plain Ice Matt Black Helmet,KYT TTR Jet Plain Ice Matt Black Helmet,Standard,7503832383553,7500.00,images_processed\kyt\7c9322_81de09c129804673b343766372737667_mv2.webp,
KYT,Helmets,KYT TTR Jet Plain White Gloss Helmet,KYT TTR Jet Plain White Gloss Helmet,Standard,7503185084481,7500.00,images_processed\kyt\7c9322_e459f6f644e644c3b04be8ea40cfa402_mv2.webp,
KYT,Helmets,KYT TT Revo Leopard India Edition Gloss Helmet,KYT TT Revo Leopard India Edition Gloss Helmet,Standard,7503174860865,9300.00,images_processed\kyt\1_3b8ee99e-7df7-4ef6-a8d5-e273e624228c.webp,
KYT,Helmets,KYT Spare Pinlock 70 Anti fog Clear Lens for TT REVO Helmets,KYT Spare Pinlock 70 Anti fog Clear Lens for TT REVO Helmets,Standard,7478246834241,2800.00,images_processed\kyt\dks223_c_70_3d_w.thumb_d6e0e66b-9c98-407c-8631-99eb7a5d7621.webp,
KYT,Helmets,KYT MX Jumpshot #3 Black Red Fluro Matt Helmet,KYT MX Jumpshot #3 Black Red Fluro Matt Helmet,Standard,7472602120257,7900.00,images_processed\kyt\1_5672493a-bc88-4d6e-8d7e-9a2afe46e0e4.webp,
KYT,Helmets,KYT MX Jumpshot #3 Black Aqua Gloss Helmet,KYT MX Jumpshot #3 Black Aqua Gloss Helmet,Standard,7472555622465,7900.00,images_processed\kyt\1_d594084c-3d70-4488-9955-e2cb85adab31.webp,
KYT,Helmets,KYT TT Revo Plain GRL Grey Matt Helmet,KYT TT Revo Plain GRL Grey Matt Helmet,Standard,7472521052225,8750.00,images_processed\kyt\1_df7e935f-8b02-43e0-8f9f-10f1f54b62d9.webp,
KYT,Helmets,KYT TT Revo Plain Asphalt Grey Matt Helmet,KYT TT Revo Plain Asphalt Grey Matt Helmet,Standard,7471587065921,8750.00,images_processed\kyt\1_836f6967-a29e-4056-a52d-f9e5cc36ffa4.webp,
KYT,Helmets,KYT TT Revo Plain Black Matt Helmet,KYT TT Revo Plain Black Matt Helmet,Standard,7471585329217,8750.00,images_processed\kyt\1_75fdfbcb-6ab1-48cc-91a0-6368ff3d0205.webp,
KYT,Helmets,KYT TT Revo Plain GRL Grey Gloss Helmet,KYT TT Revo Plain GRL Grey Gloss Helmet,Standard,7471584542785,8750.00,images_processed\kyt\1_df7e935f-8b02-43e0-8f9f-10f1f54b62d9.webp,
KYT,Helmets,KYT TT Revo Gear Black Red Gloss Helmet,KYT TT Revo Gear Black Red Gloss Helmet,Standard,7471544500289,8975.00,images_processed\kyt\1_e2984931-41a5-4c29-bc6c-fb7ea6189cd7.webp,
KYT,Helmets,KYT TT Revo Gear Black Yellow Gloss Helmet,KYT TT Revo Gear Black Yellow Gloss Helmet,Standard,7471542861889,8975.00,images_processed\kyt\1_bf9b309c-90c3-4e9d-ad11-088144059e6d.webp,
KYT,Helmets,KYT TT Revo Gear Blue Red Gloss Helmet,KYT TT Revo Gear Blue Red Gloss Helmet,Standard,7471297232961,8975.00,images_processed\kyt\1_034661cc-22c4-4437-ac45-38a63f1c280a.webp,
KYT,Helmets,KYT TT Revo Overtech Black Orange Gloss Helmet,KYT TT Revo Overtech Black Orange Gloss Helmet,Standard,7471293595713,8975.00,images_processed\kyt\1_ba632ff1-70e6-4fcd-9b84-a51067398efb.webp,
KYT,Helmets,KYT TT Revo Overtech Black Green Gloss Helmet,KYT TT Revo Overtech Black Green Gloss Helmet,Standard,7471293333569,8975.00,images_processed\kyt\1_016a14e3-a22c-40f5-acec-67cac8a1e5af.webp,
KYT,Helmets,KYT TT Revo Tourist Cool Grey Matt Helmet,KYT TT Revo Tourist Cool Grey Matt Helmet,Standard,7471291859009,8975.00,images_processed\kyt\1_7f00b4b2-2883-4d44-9fa3-2bf167243d22.webp,
KYT,Helmets,KYT TT Revo Grand Prix White Light Blue Gloss Helmet,KYT TT Revo Grand Prix White Light Blue Gloss Helmet,Standard,7471286714433,8975.00,images_processed\kyt\1_5870c6e3-2fcc-4d25-b7ef-d3c57038d4b7.webp,
KYT,Helmets,KYT TT Revo Electron Black Yellow Matt Helmet,KYT TT Revo Electron Black Yellow Matt Helmet,Standard,7471278227521,8975.00,images_processed\kyt\1_950420b0-ef0c-4204-8c0f-c00b42ddc41a.webp,
KYT,Helmets,KYT TT Revo Electron Grey Red Matt Helmet,KYT TT Revo Electron Grey Red Matt Helmet,Standard,7471276490817,8975.00,images_processed\kyt\1_9168ab85-5b21-4361-baba-f6d2e48afcaf.webp,
KYT,Helmets,KYT TT Revo Fuselage Yellow Matt Helmet,KYT TT Revo Fuselage Yellow Matt Helmet,Standard,7471270756417,8975.00,images_processed\kyt\1_71a15c0c-5ba8-4987-827f-b017d9b0169b.webp,
KYT,Helmets,KYT TT Revo Flux Gloss Helmet,KYT TT Revo Flux Gloss Helmet,Standard,7471262335041,8975.00,images_processed\kyt\1_445c3b54-0519-4172-9347-11993f1ca799.webp,
KYT,Helmets,KYT TT Revo TATI Replica Gloss Helmet,KYT TT Revo TATI Replica Gloss Helmet,Standard,7471261876289,8975.00,images_processed\kyt\1_c1314a1f-c1c6-4d01-b22e-465e7ff79d7d.webp,
KYT,Helmets,KYT TT Revo Masia Replica Winter Test Matt Helmet,KYT TT Revo Masia Replica Winter Test Matt Helmet,Standard,7471093186625,8975.00,images_processed\kyt\1_d5efc6b2-9b1d-42bd-a358-41825ff48df8.webp,
KYT,Helmets,KYT TT Revo Tourist Red Fluro Gloss Helmet,KYT TT Revo Tourist Red Fluro Gloss Helmet,Standard,7471068086337,8975.00,images_processed\kyt\1_8f6da338-f438-4f44-a36b-b366d7f640e3.webp,
KYT,Helmets,KYT Striker AF37 Livery Gloss Black White Helmet,KYT Striker AF37 Livery Gloss Black White Helmet,Standard,7450222231617,6950.00,images_processed\kyt\2_24fa9286-f821-4ff4-aca5-ccd6b2d459e8.webp,
KYT,Helmets,KYT R2R Pro Jaume Masia 2023 World Champion Gold Limited Edition Gloss Helmet,KYT R2R Pro Jaume Masia 2023 World Champion Gold Limited Edition Gloss Helmet,Standard,7450048823361,17500.00,images_processed\kyt\MAX-MASIA-WORLD-CHAMP-2023-GOLD-S.E.webp,
KYT,Helmets,KYT R2R Pro Concept Matt Blue Yellow Helmet,KYT R2R Pro Concept Matt Blue Yellow Helmet,Standard,7450036830273,16250.00,images_processed\kyt\1_c3eecaa2-9589-4b57-9fca-d0b6c6b37290.webp,
KYT,Helmets,KYT R2R Pro Plain Gloss Black Helmet,KYT R2R Pro Plain Gloss Black Helmet,Standard,7450030374977,15750.00,images_processed\kyt\1_bee960ae-f0cf-4d44-83fe-6af97c300b74.webp,
KYT,Helmets,KYT R2R Pro Foggia Misano 2022 Replica Gloss Helmet,KYT R2R Pro Foggia Misano 2022 Replica Gloss Helmet,Standard,7423251054657,16750.00,images_processed\kyt\1_4eecb250-6e6f-44e0-a558-ac60d6481cc0.webp,
KYT,Helmets,KYT Striker Plain Matt Black Helmet,KYT Striker Plain Matt Black Helmet,Standard,7250817515585,6950.00,images_processed\kyt\plainmattblack1.webp,
KYT,Helmets,KYT Striker Plain Gloss White Helmet,KYT Striker Plain Gloss White Helmet,Standard,7250842091585,6950.00,images_processed\kyt\plainwhite2.webp,
KYT,Helmets,KYT Striker Plain Gloss GRL Grey Helmet,KYT Striker Plain Gloss GRL Grey Helmet,Standard,7250830295105,6950.00,images_processed\kyt\plaingrlgrey2.webp,
KYT,Helmets,KYT Striker Plain Gloss Black Helmet,KYT Striker Plain Gloss Black Helmet,Standard,7250792120385,6950.00,images_processed\kyt\plainblack3.webp,
KYT,Helmets,KYT Striker AF37 Livery Matt Black Red Helmet,KYT Striker AF37 Livery Matt Black Red Helmet,Standard,7250741264449,6950.00,images_processed\kyt\AF37liverymattblackred2.webp,
KYT,Helmets,KYT Striker AF37 Livery Gloss Sea Blue Helmet,KYT Striker AF37 Livery Gloss Sea Blue Helmet,Standard,7250751848513,6950.00,images_processed\kyt\AF37liveryseablue2.webp,
KYT,Helmets,KYT Striker #02 Matt Black Red Helmet,KYT Striker #02 Matt Black Red Helmet,Standard,7250711314497,6950.00,images_processed\kyt\02mattblackred2.webp,
KYT,Helmets,KYT Striker #02 Gloss Asphalt Grey Fuxia Helmet,KYT Striker #02 Gloss Asphalt Grey Fuxia Helmet,Standard,7250682413121,6950.00,images_processed\kyt\02asphaltgrey-fluxia2.webp,
KYT,Helmets,KYT Striker #01 Gloss Grey Blue Helmet,KYT Striker #01 Gloss Grey Blue Helmet,Standard,7250658787393,6950.00,images_processed\kyt\kytstrike_01grlgreyblue2.webp,
KYT,Helmets,KYT Striker #01 Gloss Black Red Helmet,KYT Striker #01 Gloss Black Red Helmet,Standard,7250596003905,6950.00,images_processed\kyt\kytstrike_01blackred4.webp,
KYT,Helmets,KYT Striker #01 Gloss Black Blue Helmet,KYT Striker #01 Gloss Black Blue Helmet,Standard,7244412715073,6950.00,images_processed\kyt\kytstrike_01blackblue2.webp,
KYT,Helmets,KYT R2R Pro Concept Matt Black Yellow Helmet,KYT R2R Pro Concept Matt Black Yellow Helmet,Standard,7251846103105,16250.00,images_processed\kyt\kyt-r2r-concept-full-face-motorcycle-helmet-matt-black-yellow_239208_zoom.webp,
KYT,Helmets,KYT R2R Pro Concept Matt Black Red Helmet,KYT R2R Pro Concept Matt Black Red Helmet,Standard,7251843874881,16250.00,images_processed\kyt\kyt-r2r-concept-full-face-motorcycle-helmet-matt-black-red_239216_zoom.webp,
KYT,Helmets,KYT R2R Pro Fury 29 Matt Helmet,KYT R2R Pro Fury 29 Matt Helmet,Standard,7012843585601,16250.00,images_processed\kyt\HoMR2RPROlist_1_-23.webp,
KYT,Helmets,KYT R2R Pro Plain Gun Metal Matt Helmet,KYT R2R Pro Plain Gun Metal Matt Helmet,Standard,7012837589057,15750.00,images_processed\kyt\HoMR2RPROlist_1_-47.webp,
KYT,Helmets,KYT R2R Pro Augusto Fernandez 2022 Replica Matt Helmet,KYT R2R Pro Augusto Fernandez 2022 Replica Matt Helmet,Standard,7012834410561,16750.00,images_processed\kyt\HoMR2RPROlist_1_-12.webp,
KYT,Helmets,KYT R2R Pro Plain Matt Black Helmet,KYT R2R Pro Plain Matt Black Helmet,Standard,7012831625281,15750.00,images_processed\kyt\HoMR2RPROlist_1_-46.webp,
KYT,Helmets,KYT R2R Pro Foggia Mugello 2022 Replica Gloss Helmet,KYT R2R Pro Foggia Mugello 2022 Replica Gloss Helmet,Standard,7012807737409,16750.00,images_processed\kyt\HoMR2RPROlist_1_-6.webp,
KYT,Helmets,KYT R2R Pro Foggia Misano 2021 Replica Gloss Helmet,KYT R2R Pro Foggia Misano 2021 Replica Gloss Helmet,Standard,7012797251649,16750.00,images_processed\kyt\HoMR2RPROlist_1_-3.webp,
KYT,Helmets,KYT R2R Pro Jaume Masia 2022 Replica Matt Helmet,KYT R2R Pro Jaume Masia 2022 Replica Matt Helmet,Standard,7012638163009,16750.00,images_processed\kyt\HoMR2RPROlist_1_-14.webp,
KYT,Helmets,KYT Spare Pinlock 70 Max Vision Anti fog Clear Lens for NZ Race Helmets,KYT Spare Pinlock 70 Max Vision Anti fog Clear Lens for NZ Race Helmets,Standard,6974094049345,2800.00,images_processed\kyt\dks223_c_70_3d_w.thumb_e78ad16b-2e89-4885-8570-cdc3da97ee1c.webp,
KYT,Helmets,KYT Spare Pinlock 70 Max Vision Anti fog Clear Lens for NFR Helmets,KYT Spare Pinlock 70 Max Vision Anti fog Clear Lens for NFR Helmets,Standard,6972519579713,2800.00,images_processed\kyt\dks223_c_70_3d_w.thumb.webp,
KYT,Helmets,KYT D City Lucent Matt Black Silver Helmet,KYT D City Lucent Matt Black Silver Helmet,Standard,6972290302017,6500.00,images_processed\kyt\DSC048191.webp,
KYT,Helmets,KYT D City Overtech Gloss Orange Fluro Yellow Helmet,KYT D City Overtech Gloss Orange Fluro Yellow Helmet,Standard,6948491886657,6500.00,images_processed\kyt\DSC05903.webp,
KYT,Helmets,KYT Jumpshot #1 Gloss Black Red Helmet,KYT Jumpshot #1 Gloss Black Red Helmet,Standard,6947749003329,7900.00,images_processed\kyt\KYSJS000254-c.webp,
SMK,Helmets,SMK Typhoon TVS Racing Edition Hurricane Gloss Black Red Helmet,SMK Typhoon TVS Racing Edition Hurricane Gloss Black Red Helmet,Standard,8059432566849,5500.00,images_processed\smk\1_2a207a17-1d01-4a77-97f5-2d9ae638738d.webp,
SMK,Helmets,SMK Nova Track Matt Black Grey Yellow (MA264) Helmet,SMK Nova Track Matt Black Grey Yellow (MA264) Helmet,Standard,8026567475265,4500.00,images_processed\smk\NOVA-TRACK-MA-264-3.webp,
SMK,Helmets,SMK Nova Super Gloss Black Grey Green (GL268) Helmet,SMK Nova Super Gloss Black Grey Green (GL268) Helmet,Standard,8026522452033,4500.00,images_processed\smk\NOVA-SUPER-MA-268.webp,
SMK,Helmets,SMK Agnar Revv Matt Black Grey White (MA261) Helmet,SMK Agnar Revv Matt Black Grey White (MA261) Helmet,Standard,8026500431937,6700.00,images_processed\smk\AGNAR-REVV-MA-261.webp,
SMK,Helmets,SMK Agnar Revv Gloss Black Grey White (GL261) Helmet,SMK Agnar Revv Gloss Black Grey White (GL261) Helmet,Standard,8026497712193,6700.00,images_processed\smk\AGNAR-REVV-MA-261.webp,
SMK,Helmets,SMK Retro Solid Matt Black with Tinted Visor (MA220) Helmet,SMK Retro Solid Matt Black with Tinted Visor (MA220) Helmet,Standard,7995379023937,6100.00,images_processed\smk\4FEA77E8-256B-4316-ADE6-48F1C47571FA.webp,
SMK,Helmets,SMK Retro Solid Gloss Black with Tinted Visor (GL220) Helmet,SMK Retro Solid Gloss Black with Tinted Visor (GL220) Helmet,Standard,7995363819585,6100.00,images_processed\smk\1A6109E7-383F-4E45-8FDE-56EC4CBB73E2.webp,
SMK,Helmets,SMK Retro Inferno Gloss Red Yellow Orange (GL347) Helmet,SMK Retro Inferno Gloss Red Yellow Orange (GL347) Helmet,Standard,7937856208961,6400.00,images_processed\smk\RETRO-INFERNO-5-1.webp,
SMK,Helmets,SMK Allterra XSprint Black Grey White Matt (MA261) Helmet,SMK Allterra XSprint Black Grey White Matt (MA261) Helmet,Standard,7920279552065,6200.00,images_processed\smk\ALLTERRA-X-SPRINT-MA-261-BACK-768x768.webp,
SMK,Helmets,SMK Allterra XAces Black Blue Red Gloss (GL253) Helmet,SMK Allterra XAces Black Blue Red Gloss (GL253) Helmet,Standard,7920265429057,6200.00,images_processed\smk\gl-253_new.webp,
SMK,Helmets,SMK Nova Super Gloss Grey Red White (GL631) Helmet,SMK Nova Super Gloss Grey Red White (GL631) Helmet,Standard,7914472603713,4500.00,images_processed\smk\NOVA-SUPER-MA-631.webp,
SMK,Helmets,SMK Nova Track Gloss Black Grey (GL266) Helmet,SMK Nova Track Gloss Black Grey (GL266) Helmet,Standard,7914463035457,4500.00,images_processed\smk\NOVA-TRACK-MA-266-3_82add3b3-29e6-48ba-9327-071bef70a884.webp,
SMK,Helmets,SMK Nova Super Gloss Blue Orange White (GL571) Helmet,SMK Nova Super Gloss Blue Orange White (GL571) Helmet,Standard,7914471129153,4500.00,images_processed\smk\NOVA-SUPER-MA-571.webp,
SMK,Helmets,SMK Laminar Solid Matt Black (MA200) Helmet,SMK Laminar Solid Matt Black (MA200) Helmet,Standard,7905655390273,3200.00,images_processed\smk\LAMINAR-MATT-BLACK-MA-200.webp,
SMK,Helmets,SMK Laminar Starz Gloss Black Orange Grey (GL276) Helmet,SMK Laminar Starz Gloss Black Orange Grey (GL276) Helmet,Standard,7905652867137,3200.00,images_processed\smk\LAMINAR-STARZ-GL-276-4.webp,
SMK,Helmets,SMK Laminar Kentro Gloss Grey Orange (GL667) Helmet,SMK Laminar Kentro Gloss Grey Orange (GL667) Helmet,Standard,7905649885249,3200.00,images_processed\smk\GL-667-1.webp,
SMK,Helmets,SMK Laminar Kentro Gloss Black Grey Red (GL263) Helmet,SMK Laminar Kentro Gloss Black Grey Red (GL263) Helmet,Standard,7905646051393,3200.00,images_processed\smk\MA-263-1.webp,
SMK,Helmets,SMK Retro Inferno Gloss Black Yellow Red (GL243) Helmet,SMK Retro Inferno Gloss Black Yellow Red (GL243) Helmet,Standard,7905643495489,6400.00,images_processed\smk\RETRO-INFERNO-2-1.webp,
SMK,Helmets,SMK Allterra XAces Black Grey Yellow Gloss (GL264) Helmet,SMK Allterra XAces Black Grey Yellow Gloss (GL264) Helmet,Standard,7905640906817,6200.00,images_processed\smk\GL-264-min.webp,
SMK,Helmets,SMK Typhoon Sparko Gloss White Red Blue (GL135) Helmet,SMK Typhoon Sparko Gloss White Red Blue (GL135) Helmet,Standard,7873942814785,5500.00,images_processed\smk\TYPHOON-SPARKO-GL135-ISO.webp,
SMK,Helmets,SMK Typhoon Sports Tourer Gloss Black Orange Blue (GL275) Helmet,SMK Typhoon Sports Tourer Gloss Black Orange Blue (GL275) Helmet,Standard,7861107523649,5500.00,images_processed\smk\SUPERTOURER-MA-275-4.webp,
SMK,Helmets,SMK Typhoon Rival Matt Black Green Red (MA283) Helmet,SMK Typhoon Rival Matt Black Green Red (MA283) Helmet,Standard,7861079113793,5500.00,images_processed\smk\GL-283-ISO.webp,
SMK,Helmets,SMK Typhoon Rival Gloss Black Green Red (GL283) Helmet,SMK Typhoon Rival Gloss Black Green Red (GL283) Helmet,Standard,7861065908289,5500.00,images_processed\smk\GL-283-ISO.webp,
SMK,Helmets,SMK Typhoon Rival Gloss Black Blue Yellow (GL254C) Helmet,SMK Typhoon Rival Gloss Black Blue Yellow (GL254C) Helmet,Standard,7861063286849,5500.00,images_processed\smk\GL-254-C-ISO.webp,
SMK,Helmets,SMK Nova Track Matt Black Grey (MA266) Helmet,SMK Nova Track Matt Black Grey (MA266) Helmet,Standard,7802752892993,4500.00,images_processed\smk\NOVA-TRACK-MA-266-3.webp,
SMK,Helmets,SMK Nova Solid Gloss Black (GL200) Helmet,SMK Nova Solid Gloss Black (GL200) Helmet,Standard,7802751778881,4200.00,images_processed\smk\NOVA-BLACK-GL-200.webp,
SMK,Helmets,SMK Nova Track Matt Black Grey Red (MA263) Helmet,SMK Nova Track Matt Black Grey Red (MA263) Helmet,Standard,7801828540481,4500.00,images_processed\smk\NOVA-TRACK-GL-263-3_42791e10-2535-4dcc-b194-2b459b162fa3.webp,
SMK,Helmets,SMK Nova Track Matt Black Blue (MA255) Helmet,SMK Nova Track Matt Black Blue (MA255) Helmet,Standard,7801826836545,4500.00,images_processed\smk\NOVA-TRACK-MA-255-3.webp,
SMK,Helmets,SMK Nova Track Gloss Black Grey Yellow (GL264) Helmet,SMK Nova Track Gloss Black Grey Yellow (GL264) Helmet,Standard,7801825787969,4500.00,images_processed\smk\NOVA-TRACK-GL264-ISO.webp,
SMK,Helmets,SMK Typhoon Rival Gloss Black Blue Grey (GL256) Helmet,SMK Typhoon Rival Gloss Black Blue Grey (GL256) Helmet,Standard,7794367496257,5500.00,images_processed\smk\GL-256-ISO.webp,
SMK,Helmets,SMK Nova Track Gloss Black Blue Magenta (GL259) Helmet,SMK Nova Track Gloss Black Blue Magenta (GL259) Helmet,Standard,7794366939201,4500.00,images_processed\smk\NOVA-TRACK-GL-259-MAGENTA-CHROME.webp,
SMK,Helmets,SMK Nova Track Gloss Black Grey Red (GL263) Helmet,SMK Nova Track Gloss Black Grey Red (GL263) Helmet,Standard,7794366152769,4500.00,images_processed\smk\NOVA-TRACK-GL-263-3.webp,
SMK,Helmets,SMK Retro Inferno Gloss Black Grey (GL266) Helmet,SMK Retro Inferno Gloss Black Grey (GL266) Helmet,Standard,7788264652865,6400.00,images_processed\smk\RETRO-INFERNO-4-1.webp,
SMK,Helmets,SMK Gullwing Soinc Gloss White Blue Red (GL153) Helmet,SMK Gullwing Soinc Gloss White Blue Red (GL153) Helmet,Standard,7788255117377,6950.00,images_processed\smk\GULLWING-SONIC-GL-153-ISO.webp,
SMK,Helmets,SMK Nova Track Gloss Black Grey Green (GL268) Helmet,SMK Nova Track Gloss Black Grey Green (GL268) Helmet,Standard,7788273303617,4500.00,images_processed\smk\NOVA-TRACK-GL-268-3.webp,
SMK,Helmets,SMK Nova Track Matt Black Grey Green (MA268) Helmet,SMK Nova Track Matt Black Grey Green (MA268) Helmet,Standard,7788338118721,4500.00,images_processed\smk\NOVA-TRACK-GL-268-3.webp,
SMK,Helmets,SMK Nova Solid Matt Black (MA200) Helmet,SMK Nova Solid Matt Black (MA200) Helmet,Standard,7788348342337,4200.00,images_processed\smk\NOVA-MATT-BLACK-MA-200.webp,
SMK,Helmets,SMK Typhoon Sparko Gloss White Grey Black (GL162) Helmet,SMK Typhoon Sparko Gloss White Grey Black (GL162) Helmet,Standard,7771690664001,5500.00,images_processed\smk\TYPHOON-SPARKO-GL-162-1.webp,
SMK,Helmets,SMK Agnar Cyborg Gloss Blue Red (GL535) Helmet,SMK Agnar Cyborg Gloss Blue Red (GL535) Helmet,Standard,7771689123905,6700.00,images_processed\smk\GL-535-ISO-800.webp,
SMK,Helmets,SMK Gullwing Soinc Matt Black Grey (MA266) Helmet,SMK Gullwing Soinc Matt Black Grey (MA266) Helmet,Standard,7763262373953,6950.00,images_processed\smk\GULLWING-SONIC-MA-266-ISO.webp,
SMK,Helmets,SMK Gullwing Soinc Gloss Black Red White (GL231) Helmet,SMK Gullwing Soinc Gloss Black Red White (GL231) Helmet,Standard,7763259719745,6950.00,images_processed\smk\GULLWING-SONIC-MA-231-ISO.webp,
SMK,Helmets,SMK Gullwing Soinc Gloss Black Grey (GL266) Helmet,SMK Gullwing Soinc Gloss Black Grey (GL266) Helmet,Standard,7763256639553,6950.00,images_processed\smk\GULLWING-SONIC-MA-266-ISO.webp,
SMK,Helmets,SMK Gullwing Soinc Gloss Black Blue Grey (GL256) Helmet,SMK Gullwing Soinc Gloss Black Blue Grey (GL256) Helmet,Standard,7763251462209,6950.00,images_processed\smk\GULLWING-SONIC-GL-256-ISO.webp,
SMK,Helmets,SMK Typhoon Sparko Matt Black Grey (MA266) Helmet,SMK Typhoon Sparko Matt Black Grey (MA266) Helmet,Standard,7763248283713,5500.00,images_processed\smk\TYPHOON-SPARKO-MA-266-1_b839e0e4-1813-4592-8254-fd39870a7781.webp,
SMK,Helmets,SMK Typhoon Sparko Matt Black Red Grey (MA236) Helmet,SMK Typhoon Sparko Matt Black Red Grey (MA236) Helmet,Standard,7763246481473,5500.00,images_processed\smk\TYPHOON-SPARKO-GL-236-1_8cc8d49b-4540-4373-97a7-a7752568d7fe.webp,
SMK,Helmets,SMK Typhoon Rival Matt Black Grey (MA266) Helmet,SMK Typhoon Rival Matt Black Grey (MA266) Helmet,Standard,7763244679233,5500.00,images_processed\smk\MA-266_093d2df8-32c9-4fbf-9c8d-5fe52d275a8a.webp,
SMK,Helmets,SMK Typhoon Rival Matt Black Grey Red (MA263) Helmet,SMK Typhoon Rival Matt Black Grey Red (MA263) Helmet,Standard,7763243696193,5500.00,images_processed\smk\MA-263_93dc267d-63d5-4475-94e3-c391fb84d2ad.webp,
SMK,Helmets,SMK Typhoon Rival Matt Black Blue Yellow (MA254C) Helmet,SMK Typhoon Rival Matt Black Blue Yellow (MA254C) Helmet,Standard,7763240550465,5500.00,images_processed\smk\GL-254-C-BACK-ISO.webp,
SMK,Helmets,SMK Typhoon Rival Matt Black White Red (MA213) Helmet,SMK Typhoon Rival Matt Black White Red (MA213) Helmet,Standard,7763239075905,5500.00,images_processed\smk\GL-213_e3659cbf-97c8-49c0-8d2f-baa6f29cbb9d.webp,
SMK,Helmets,SMK Typhoon Rival Gloss Black Grey (GL266) Helmet,SMK Typhoon Rival Gloss Black Grey (GL266) Helmet,Standard,7763237863489,5500.00,images_processed\smk\MA-266-1.webp,
SMK,Helmets,SMK Typhoon Rival Gloss Black Grey Red (GL263) Helmet,SMK Typhoon Rival Gloss Black Grey Red (GL263) Helmet,Standard,7763234947137,5500.00,images_processed\smk\MA-263-1.webp,
SMK,Helmets,SMK Typhoon Rival Gloss Black White Red (GL213) Helmet,SMK Typhoon Rival Gloss Black White Red (GL213) Helmet,Standard,7763232915521,5500.00,images_processed\smk\GL-213-BACK-ISO.webp,
SMK,Helmets,SMK Agnar Cyborg Gloss Black Grey Gold (GL267) Helmet,SMK Agnar Cyborg Gloss Black Grey Gold (GL267) Helmet,Standard,7763229737025,6700.00,images_processed\smk\MA-267-GOLD-CHROME-1.webp,
SMK,Helmets,SMK Typhoon Freeride Gloss Black Yellow Grey (GL246) Helmet,SMK Typhoon Freeride Gloss Black Yellow Grey (GL246) Helmet,Standard,7713313783873,5500.00,images_processed\smk\freeride_07.webp,
SMK,Helmets,SMK Allterra Maverix Grey Red Black Gloss (GL632) Helmet,SMK Allterra Maverix Grey Red Black Gloss (GL632) Helmet,Standard,7713305952321,6200.00,images_processed\smk\MAVERIX-GL-632-4.webp,
SMK,Helmets,SMK Agnar Cyborg Matt Black Grey (MA266) Helmet,SMK Agnar Cyborg Matt Black Grey (MA266) Helmet,Standard,7713302511681,6700.00,images_processed\smk\MA-266-1.webp,
SMK,Helmets,SMK Agnar Cyborg Gloss Black Grey (GL266) Helmet,SMK Agnar Cyborg Gloss Black Grey (GL266) Helmet,Standard,7713301856321,6700.00,images_processed\smk\MA-266-1.webp,
SMK,Helmets,SMK Agnar Cyborg Gloss Black Grey Blue (GL265) Helmet,SMK Agnar Cyborg Gloss Black Grey Blue (GL265) Helmet,Standard,7713301463105,6700.00,images_processed\smk\MA-265-1.webp,
SMK,Helmets,SMK Agnar Cyborg Gloss Black Grey Red (GL263) Helmet,SMK Agnar Cyborg Gloss Black Grey Red (GL263) Helmet,Standard,7713301168193,6700.00,images_processed\smk\MA-263-3.webp,
SMK,Helmets,SMK Agnar Cyborg Gloss Black Red Gold (GL237) Helmet,SMK Agnar Cyborg Gloss Black Red Gold (GL237) Helmet,Standard,7713300807745,6700.00,images_processed\smk\MA-237-RED-CHROME-1.webp,
SMK,Helmets,SMK GTJ Tourer Gloss White Blue Red (GL135) Helmet,SMK GTJ Tourer Gloss White Blue Red (GL135) Helmet,Standard,7674927153217,3900.00,images_processed\smk\TOURER-6-5-1-1.webp,
SMK,Helmets,SMK Agnar Solid Gloss White (GL100) Helmet,SMK Agnar Solid Gloss White (GL100) Helmet,Standard,7674873020481,6400.00,images_processed\smk\AGNAR-SOLID-WHITE-GL-100-4.webp,
SMK,Helmets,SMK Stellar Sports Flight Gloss Black Blue Grey (GL256) Helmet,SMK Stellar Sports Flight Gloss Black Blue Grey (GL256) Helmet,Standard,7668536541249,4800.00,images_processed\smk\STELLAR-SPORT-FLIGHT-GL-256-1.webp,
SMK,Helmets,SMK GTJ Libero Gloss White Blue Red (GL153) Helmet,SMK GTJ Libero Gloss White Blue Red (GL153) Helmet,Standard,7665280024641,3900.00,images_processed\smk\GL-153-1-min.webp,
SMK,Helmets,SMK GTJ Rover Matt Grey Black Yellow (MA624) Helmet,SMK GTJ Rover Matt Grey Black Yellow (MA624) Helmet,Standard,7665278779457,3900.00,images_processed\smk\GTJ-ROVER-MA-624-5.webp,
SMK,Helmets,SMK GTJ Tourer Gloss Grey White Yellow (GL614) Helmet,SMK GTJ Tourer Gloss Grey White Yellow (GL614) Helmet,Standard,7665276682305,3900.00,images_processed\smk\TOURER-6-2-1.webp,
SMK,Helmets,SMK Stellar Sports Flight Matt Black Blue Orange Chameleon (MA257C) Helmet,SMK Stellar Sports Flight Matt Black Blue Orange Chameleon (MA257C) Helmet,Standard,7665274978369,4800.00,images_processed\smk\STELLAR-SPORT-FLIGHT-GL-257C-1.webp,
SMK,Helmets,SMK Stellar Sports Flight Matt Black Grey Yellow (MA264) Helmet,SMK Stellar Sports Flight Matt Black Grey Yellow (MA264) Helmet,Standard,7665274323009,4800.00,images_processed\smk\STELLAR-SPORT-FLIGHT-MA-264-1.webp,
SMK,Helmets,SMK Stellar Sports Flight Matt Black Grey (MA266) Helmet,SMK Stellar Sports Flight Matt Black Grey (MA266) Helmet,Standard,7665272488001,4800.00,images_processed\smk\STELLAR-SPORT-FLIGHT-MA-266-1.webp,
SMK,Helmets,SMK Stellar Sports Flight Gloss Matt Black Red Grey (MA236) Helmet,SMK Stellar Sports Flight Gloss Matt Black Red Grey (MA236) Helmet,Standard,7665259118657,4800.00,images_processed\smk\STELLAR-SPORT-FLIGHT-GL-236-1-768x768.webp,
SMK,Helmets,SMK Stellar Sports Flight Gloss Black Blue Orange Chameleon (GL257C) Helmet,SMK Stellar Sports Flight Gloss Black Blue Orange Chameleon (GL257C) Helmet,Standard,7665257644097,4800.00,images_processed\smk\STELLAR-SPORT-FLIGHT-GL-257C-1.webp,
SMK,Helmets,SMK Stellar Sports Flight Gloss Black Red Grey (GL236) Helmet,SMK Stellar Sports Flight Gloss Black Red Grey (GL236) Helmet,Standard,7665255710785,4800.00,images_processed\smk\STELLAR-SPORT-FLIGHT-GL-236-1-768x768.webp,
SMK,Helmets,SMK Stellar Sports Flight Gloss Black Grey (GL266) Helmet,SMK Stellar Sports Flight Gloss Black Grey (GL266) Helmet,Standard,7665250369601,4800.00,images_processed\smk\STELLAR-SPORT-FLIGHT-MA-266-1.webp,
SMK,Helmets,SMK Stellar Sports Flight Gloss Black Grey Yellow (GL264) Helmet,SMK Stellar Sports Flight Gloss Black Grey Yellow (GL264) Helmet,Standard,7665213669441,4800.00,images_processed\smk\STELLAR-SPORT-FLIGHT-MA-264-1.webp,
SMK,Helmets,SMK Stellar Sports Flight Gloss Black White Red (GL213) Helmet,SMK Stellar Sports Flight Gloss Black White Red (GL213) Helmet,Standard,7665211899969,4800.00,images_processed\smk\STELLAR-SPORT-FLIGHT-GL-213-1.webp,
SMK,Helmets,SMK Allterra Maverix Black Grey White Gloss (GL261) Helmet,SMK Allterra Maverix Black Grey White Gloss (GL261) Helmet,Standard,7658387963969,6200.00,images_processed\smk\MAVERIX-GL261-4.webp,
SMK,Helmets,SMK Allterra Maverix Grey Black Yellow Gloss (GL624) Helmet,SMK Allterra Maverix Grey Black Yellow Gloss (GL624) Helmet,Standard,7658394615873,6200.00,images_processed\smk\MAVERIX-GL-624-5.webp,
SMK,Helmets,SMK Allterra Maverix Grey Black Orange Gloss (GL627) Helmet,SMK Allterra Maverix Grey Black Orange Gloss (GL627) Helmet,Standard,7658400874561,6200.00,images_processed\smk\MAVERIX-GL627-5.webp,
SMK,Helmets,SMK Typhoon Sparko Gloss Black Red Grey (GL236) Helmet,SMK Typhoon Sparko Gloss Black Red Grey (GL236) Helmet,Standard,7658438557761,5500.00,images_processed\smk\TYPHOON-SPARKO-GL-236-1.webp,
SMK,Helmets,SMK Typhoon Sparko Gloss Black Grey (GL266) Helmet,SMK Typhoon Sparko Gloss Black Grey (GL266) Helmet,Standard,7658441211969,5500.00,images_processed\smk\TYPHOON-SPARKO-MA-266-1.webp,
SMK,Helmets,SMK Typhoon Sparko Gloss Blue Red White (GL531) Helmet,SMK Typhoon Sparko Gloss Blue Red White (GL531) Helmet,Standard,7658853531713,5500.00,images_processed\smk\TYPHOON-SPARKO-GL-531-1.webp,
SMK,Helmets,SMK Retro Seven Gloss Off White Red Grey (GL130) Helmet,SMK Retro Seven Gloss Off White Red Grey (GL130) Helmet,Standard,7658382131265,6400.00,images_processed\smk\RETRO-SEVEN-4-1.webp,
SMK,Helmets,SMK Gullwing Venture Matt Black Grey Green (MA268) Helmet,SMK Gullwing Venture Matt Black Grey Green (MA268) Helmet,Standard,7658303291457,6950.00,images_processed\smk\VENTURE-MA-268.webp,
SMK,Helmets,SMK Gullwing Venture Gloss Black Grey Red (GL263) Helmet,SMK Gullwing Venture Gloss Black Grey Red (GL263) Helmet,Standard,7658302373953,6950.00,images_processed\smk\VENTURE-MA-263.webp,
SMK,Helmets,SMK GTJ Escape Black Blue Orange Matt (MA257) Helmet,SMK GTJ Escape Black Blue Orange Matt (MA257) Helmet,Standard,7634546917441,3900.00,images_processed\smk\ESCAPE-5-2-1_5c2180c2-4b1f-4684-a4dc-9463d257dba7.webp,
SMK,Helmets,SMK Gullwing Venture Gloss Black White Red (GL213) Helmet,SMK Gullwing Venture Gloss Black White Red (GL213) Helmet,Standard,7634550685761,6950.00,images_processed\smk\VENTURE-GL-213.webp,
SMK,Helmets,SMK Agnar Tektron Gloss Black Grey Blue (GL265) Helmet,SMK Agnar Tektron Gloss Black Grey Blue (GL265) Helmet,Standard,7620110712897,6700.00,images_processed\smk\AGNAR-TEKTRON-MA-265-4.webp,
SMK,Helmets,SMK Gullwing Venture Gloss Black Grey Yellow (GL264) Helmet,SMK Gullwing Venture Gloss Black Grey Yellow (GL264) Helmet,Standard,7627234672705,6950.00,images_processed\smk\VENTURE-MA-264.webp,
SMK,Helmets,SMK Typhoon Sports Tourer Gloss Grey Orange Black (GL672) Helmet,SMK Typhoon Sports Tourer Gloss Grey Orange Black (GL672) Helmet,Standard,7595290624065,5500.00,images_processed\smk\SUPERTOURER-MA-672-3_b88d86f7-77e4-4787-8f32-c4a571c27644.webp,
SMK,Helmets,SMK Retro Electro Gloss Grey Black White (GL621) Helmet,SMK Retro Electro Gloss Grey Black White (GL621) Helmet,Standard,7591532396609,6400.00,images_processed\smk\MA-621.webp,
SMK,Helmets,SMK Agnar Tektron Matt Blue Green (MA558) Helmet,SMK Agnar Tektron Matt Blue Green (MA558) Helmet,Standard,7585335509057,6700.00,images_processed\smk\AGNAR-TEKTRON-GL-558-4.webp,
SMK,Helmets,SMK Agnar Tektron Gloss Pearl White Grey Red (GL163) Helmet,SMK Agnar Tektron Gloss Pearl White Grey Red (GL163) Helmet,Standard,7585344979009,6700.00,images_processed\smk\AGNAR-TEKTRON-GL-163-4.webp,
SMK,Helmets,SMK Agnar Tektron Gloss Black Grey White (GL261) Helmet,SMK Agnar Tektron Gloss Black Grey White (GL261) Helmet,Standard,7585348747329,6700.00,images_processed\smk\AGNAR-TEKTRON-MA-261-4.webp,
SMK,Helmets,SMK Agnar Solid Gloss Nardo Grey (GL600) Helmet,SMK Agnar Solid Gloss Nardo Grey (GL600) Helmet,Standard,7585359855681,6400.00,images_processed\smk\AGNAR-SOLID-NARDO-GREY-MA-600-4.webp,
SMK,Helmets,SMK Stellar Sports Faro Matt Black Grey Yellow (MA264) Helmet,SMK Stellar Sports Faro Matt Black Grey Yellow (MA264) Helmet,Standard,7585374175297,4800.00,images_processed\smk\STELLER-FARO-MA-264.webp,
SMK,Helmets,SMK Gullwing Venture Gloss Black Grey Green (GL268) Helmet,SMK Gullwing Venture Gloss Black Grey Green (GL268) Helmet,Standard,7567730311233,6950.00,images_processed\smk\VENTURE-MA-268.webp,
SMK,Helmets,SMK Stellar Sports Fury Gloss Black Blue Orange Chameleon (GL257C) Helmet,SMK Stellar Sports Fury Gloss Black Blue Orange Chameleon (GL257C) Helmet,Standard,7555833888833,4800.00,images_processed\smk\STELLAR-FURY-GL-257C-4.webp,
SMK,Helmets,SMK Stellar Sports Fury Gloss White Blue Red (GL153) Helmet,SMK Stellar Sports Fury Gloss White Blue Red (GL153) Helmet,Standard,7555830677569,4800.00,images_processed\smk\STELLAR-FURY-GL153-5.webp,
SMK,Helmets,SMK Agnar Solid Gloss Black (GL200) Helmet,SMK Agnar Solid Gloss Black (GL200) Helmet,Standard,7532694634561,6400.00,images_processed\smk\AGNAR-SOLID-BLACK-GL-200.webp,
SMK,Helmets,SMK Agnar Solid Matt Black (MA200) Helmet,SMK Agnar Solid Matt Black (MA200) Helmet,Standard,7532810403905,6400.00,images_processed\smk\AGNAR-SOLID-MATT-BLACK-MA-200.webp,
SMK,Helmets,SMK Gullwing Charger Gloss Black Grey Red (GL263) Helmet,SMK Gullwing Charger Gloss Black Grey Red (GL263) Helmet,Standard,7555823304769,6950.00,images_processed\smk\CHARGER-GL263.webp,
SMK,Helmets,SMK Agnar Tektron Matt Grey Yellow (MA664) Helmet,SMK Agnar Tektron Matt Grey Yellow (MA664) Helmet,Standard,7555808264257,6700.00,images_processed\smk\TEKTRON-MA-664.webp,
SMK,Helmets,SMK Agnar Tektron Matt Black Grey Blue (MA265) Helmet,SMK Agnar Tektron Matt Black Grey Blue (MA265) Helmet,Standard,7555803021377,6700.00,images_processed\smk\AGNAR-TEKTRON-MA-265-4.webp,
SMK,Helmets,SMK Agnar Tektron Matt Black Grey Yellow (MA264) Helmet,SMK Agnar Tektron Matt Black Grey Yellow (MA264) Helmet,Standard,7555801448513,6700.00,images_processed\smk\TEKTRON-MA-264.webp,
SMK,Helmets,SMK Agnar Tektron Matt Black Grey Red (MA263) Helmet,SMK Agnar Tektron Matt Black Grey Red (MA263) Helmet,Standard,7555797647425,6700.00,images_processed\smk\TEKTRON-MA-263.webp,
SMK,Helmets,SMK Agnar Tektron Matt Black Grey White (MA261) Helmet,SMK Agnar Tektron Matt Black Grey White (MA261) Helmet,Standard,7555795386433,6700.00,images_processed\smk\TEKTRON-MA-261.webp,
SMK,Helmets,SMK Agnar Tektron Gloss Black Grey Yellow (GL264) Helmet,SMK Agnar Tektron Gloss Black Grey Yellow (GL264) Helmet,Standard,7555792928833,6700.00,images_processed\smk\TEKTRON-MA-264.webp,
SMK,Helmets,SMK Agnar Tektron Gloss Black Grey Red (GL263) Helmet,SMK Agnar Tektron Gloss Black Grey Red (GL263) Helmet,Standard,7555776348225,6700.00,images_processed\smk\TEKTRON-MA-263.webp,
SMK,Helmets,SMK Stellar Sports Fury Matt Black Grey (MA266) Helmet,SMK Stellar Sports Fury Matt Black Grey (MA266) Helmet,Standard,7547052589121,4800.00,images_processed\smk\STELLAR-FURY-MA-266-4.webp,
SMK,Helmets,SMK Stellar Sports Fury Gloss Black Grey Chameleon (GL266C) Helmet,SMK Stellar Sports Fury Gloss Black Grey Chameleon (GL266C) Helmet,Standard,7547040104513,4800.00,images_processed\smk\STELLAR-FURY-MA-266C-5.webp,
SMK,Helmets,SMK Gullwing Venture Matt Black Grey Red (MA263) Helmet,SMK Gullwing Venture Matt Black Grey Red (MA263) Helmet,Standard,7547032207425,6950.00,images_processed\smk\VENTURE-MA-263.webp,
SMK,Helmets,SMK Typhoon Sports Tourer Matt Grey Orange Black (MA672) Helmet,SMK Typhoon Sports Tourer Matt Grey Orange Black (MA672) Helmet,Standard,7512234917953,5500.00,images_processed\smk\SUPERTOURER-MA-672-3.webp,
SMK,Helmets,SMK Typhoon Sports Tourer Matt Black Red White (MA231) Helmet,SMK Typhoon Sports Tourer Matt Black Red White (MA231) Helmet,Standard,7512232165441,5500.00,images_processed\smk\SUPERTOURER-MA-231-1_f3b31270-0205-47e7-a737-5cc57d53f6d9.webp,
SMK,Helmets,SMK Typhoon Sports Tourer Gloss Grey Blue White (GL651) Helmet,SMK Typhoon Sports Tourer Gloss Grey Blue White (GL651) Helmet,Standard,7512225448001,5500.00,images_processed\smk\SUPERTOURER-GL-651-1.webp,
SMK,Helmets,SMK Typhoon Sports Tourer Gloss White Red Blue (GL135) Helmet,SMK Typhoon Sports Tourer Gloss White Red Blue (GL135) Helmet,Standard,7512223612993,5500.00,images_processed\smk\SUPERTOURER-GL135-1.webp,
SMK,Helmets,SMK Typhoon Azonix Matt Black Grey Yellow (MA264) Helmet,SMK Typhoon Azonix Matt Black Grey Yellow (MA264) Helmet,Standard,7512215846977,5500.00,images_processed\smk\AZONIX-GL264-4_9fe07f2b-c402-4e31-9b6b-dc1e2ae9ba5c.webp,
SMK,Helmets,SMK Typhoon Azonix Matt Black Grey Red (MA263) Helmet,SMK Typhoon Azonix Matt Black Grey Red (MA263) Helmet,Standard,7512199495745,5500.00,images_processed\smk\AZONIX-GL263-1.webp,
SMK,Helmets,SMK Typhoon Aerot Matt Black Grey (MA266) Helmet,SMK Typhoon Aerot Matt Black Grey (MA266) Helmet,Standard,7512198676545,5500.00,images_processed\smk\AEROT-MA-266-3.webp,
SMK,Helmets,SMK Typhoon Aerot Gloss Black Grey (GL266) Helmet,SMK Typhoon Aerot Gloss Black Grey (GL266) Helmet,Standard,7512194777153,5500.00,images_processed\smk\AEROT-MA-266-3.webp,
SMK,Helmets,SMK GTJ Escape Black Grey Yellow Gloss (GL264) Helmet,SMK GTJ Escape Black Grey Yellow Gloss (GL264) Helmet,Standard,7508088881217,3900.00,images_processed\smk\smk-gtj-escape-acik-kask-115805.webp,
SMK,Helmets,SMK GTJ Escape Black Red Grey Matt (MA236) Helmet,SMK GTJ Escape Black Red Grey Matt (MA236) Helmet,Standard,7509909340225,3900.00,images_processed\smk\ESCAPE-5-1-1_443fa687-c25a-4f96-aa6c-39e2023abba2.webp,
SMK,Helmets,SMK Typhoon Sports Tourer Matt Blue Green (MA585) Helmet,SMK Typhoon Sports Tourer Matt Blue Green (MA585) Helmet,Standard,7499291492417,5500.00,images_processed\smk\SUPERTOURER-MA-585-4.webp,
SMK,Helmets,SMK Typhoon Sports Tourer Gloss Blue Green (GL585) Helmet,SMK Typhoon Sports Tourer Gloss Blue Green (GL585) Helmet,Standard,7499290705985,5500.00,images_processed\smk\SUPERTOURER-MA-585-4.webp,
SMK,Helmets,SMK Typhoon Sports Tourer Gloss Blue Red Yellow (GL534) Helmet,SMK Typhoon Sports Tourer Gloss Blue Red Yellow (GL534) Helmet,Standard,7499287298113,5500.00,images_processed\smk\SUPERTOURER-GL534-4.webp,
SMK,Helmets,SMK Typhoon Sports Tourer Gloss Black Red White (GL231) Helmet,SMK Typhoon Sports Tourer Gloss Black Red White (GL231) Helmet,Standard,7499283267649,5500.00,images_processed\smk\SUPERTOURER-MA-231-1.webp,
SMK,Helmets,SMK Typhoon Azonix Gloss Black Grey Yellow (GL264) Helmet,SMK Typhoon Azonix Gloss Black Grey Yellow (GL264) Helmet,Standard,7499278090305,5500.00,images_processed\smk\AZONIX-GL264-4.webp,
SMK,Helmets,SMK Stellar Sports Adox Matt Black Grey (MA266) Helmet,SMK Stellar Sports Adox Matt Black Grey (MA266) Helmet,Standard,7499296702529,4800.00,images_processed\smk\ADOX-MA-266.webp,
SMK,Helmets,SMK Stellar Sports Adox Gloss Black Grey (GL266) Helmet,SMK Stellar Sports Adox Gloss Black Grey (GL266) Helmet,Standard,7499294670913,4800.00,images_processed\smk\ADOX-MA-266.webp,
SMK,Helmets,SMK Gullwing Solid Matt Nardo Grey (MA600) Helmet,SMK Gullwing Solid Matt Nardo Grey (MA600) Helmet,Standard,7498093953089,6650.00,images_processed\smk\GULLWING-UNICOLOUR-5.webp,
SMK,Helmets,SMK GTJ Solid Gloss White (GL100) Helmet,SMK GTJ Solid Gloss White (GL100) Helmet,Standard,7498962468929,3600.00,images_processed\smk\UNICOLOR-6.webp,
SMK,Helmets,SMK GTJ Escape Black White Red Matt (MA213) Helmet,SMK GTJ Escape Black White Red Matt (MA213) Helmet,Standard,7498954670145,3900.00,images_processed\smk\ESCAPE-5-3-1_dc8fd175-93fc-4811-bd14-4183c77dec3e.webp,
SMK,Helmets,SMK Bionic Adult Aerix Matt Black Orange Yellow (MA274) Helmet,SMK Bionic Adult Aerix Matt Black Orange Yellow (MA274) Helmet,Standard,7493426708545,4500.00,images_processed\smk\AERIX-MA-274.webp,
SMK,Helmets,SMK Stellar Sports Samurai Gloss Black Grey Blue (GL265) Helmet,SMK Stellar Sports Samurai Gloss Black Grey Blue (GL265) Helmet,Standard,7470250557505,4800.00,images_processed\smk\61c8HAh_NPL._SL1200.webp,
SMK,Helmets,SMK Bionic Adult Solid Matt Black (MA200) Helmet,SMK Bionic Adult Solid Matt Black (MA200) Helmet,Standard,7470242693185,4300.00,images_processed\smk\BIONICY-SOLID-MATT-BLACK-MA-200.webp,
SMK,Helmets,SMK Bionic Adult Solid Gloss Black (GL200) Helmet,SMK Bionic Adult Solid Gloss Black (GL200) Helmet,Standard,7470216249409,4300.00,images_processed\smk\BIONICA-SOLID-BLACK-GL-200.webp,
SMK,Helmets,SMK Typhoon Azonix Gloss Blue Yellow (GL554) Helmet,SMK Typhoon Azonix Gloss Blue Yellow (GL554) Helmet,Standard,7470210285633,5500.00,images_processed\smk\AZONIX-GL-554.webp,
SMK,Helmets,SMK Typhoon Azonix Gloss Black Grey Red (GL263) Helmet,SMK Typhoon Azonix Gloss Black Grey Red (GL263) Helmet,Standard,7470208876609,5500.00,images_processed\smk\AZONIX-GL-263.webp,
SMK,Helmets,SMK Typhoon Azonix Gloss Black Blue Yellow (GL254) Helmet,SMK Typhoon Azonix Gloss Black Blue Yellow (GL254) Helmet,Standard,7470208483393,5500.00,images_processed\smk\AZONIX-MA-254.webp,
SMK,Helmets,SMK Typhoon Azonix Gloss Black White Red (GL213) Helmet,SMK Typhoon Azonix Gloss Black White Red (GL213) Helmet,Standard,7470207860801,5500.00,images_processed\smk\AZONIX-GL-213.webp,
SMK,Helmets,SMK Typhoon Azonix Gloss White Red Blue (GL135) Helmet,SMK Typhoon Azonix Gloss White Red Blue (GL135) Helmet,Standard,7470206976065,5500.00,images_processed\smk\AZONIX-GL-135.webp,
SMK,Helmets,SMK Typhoon Aerot Gloss Blue Fluro Red (GL552) Helmet,SMK Typhoon Aerot Gloss Blue Fluro Red (GL552) Helmet,Standard,7470205042753,5500.00,images_processed\smk\AEROT-GL-552.webp,
SMK,Helmets,SMK GTJ Solid Matt Black (MA200) Helmet,SMK GTJ Solid Matt Black (MA200) Helmet,Standard,7469464125505,3600.00,images_processed\smk\UNICOLOR-4.webp,
SMK,Helmets,SMK GTJ Solid Gloss Black (GL200) Helmet,SMK GTJ Solid Gloss Black (GL200) Helmet,Standard,7469463339073,3600.00,images_processed\smk\UNICOLOR-1.webp,
SMK,Helmets,SMK GTJ Escape Black Grey Yellow Matt (MA264) Helmet,SMK GTJ Escape Black Grey Yellow Matt (MA264) Helmet,Standard,7469461045313,3900.00,images_processed\smk\ESCAPE-5-4-1.webp,
SMK,Helmets,SMK GTJ Escape Black White Red Gloss (GL213) Helmet,SMK GTJ Escape Black White Red Gloss (GL213) Helmet,Standard,7469456130113,3900.00,images_processed\smk\ESCAPE-5-3-1.webp,
SMK,Helmets,SMK Bionic Youth Splash Gloss White Black Yellow (GL124) Helmet,SMK Bionic Youth Splash Gloss White Black Yellow (GL124) Helmet,Standard,7449115197505,3500.00,images_processed\smk\splash-gl124-1-768x768.webp,
SMK,Helmets,SMK Bionic Youth Chimpz Matt Black Grey Yellow (MA264) Helmet,SMK Bionic Youth Chimpz Matt Black Grey Yellow (MA264) Helmet,Standard,7449112313921,3500.00,images_processed\smk\chimpazi-3-1-1-768x768.webp,
SMK,Helmets,SMK Bionic Youth Chimpz Matt Black Grey White (MA261) Helmet,SMK Bionic Youth Chimpz Matt Black Grey White (MA261) Helmet,Standard,7449102024769,3500.00,images_processed\smk\chimpazi-3-3-1.webp,
SMK,Helmets,SMK GTJ Escape Black Blue Orange Gloss (GL257) Helmet,SMK GTJ Escape Black Blue Orange Gloss (GL257) Helmet,Standard,7449083772993,3900.00,images_processed\smk\ESCAPE-5-2-1.webp,
SMK,Helmets,SMK GTJ Escape Black Red Grey Gloss (GL236) Helmet,SMK GTJ Escape Black Red Grey Gloss (GL236) Helmet,Standard,7449072369729,3900.00,images_processed\smk\ESCAPE-5-1-1.webp,
SMK,Helmets,SMK Stellar Sports Swank Matt Anthracite Orange Black (MADA672) Helmet,SMK Stellar Sports Swank Matt Anthracite Orange Black (MADA672) Helmet,Standard,7358037590081,4800.00,images_processed\smk\SPORT-SWANK-MADA672-1_2decc7cc-e218-4ddd-959e-59108bccb135.webp,
SMK,Helmets,SMK Stellar Sports Swank Gloss Anthracite Orange Black (GLDA672) Helmet,SMK Stellar Sports Swank Gloss Anthracite Orange Black (GLDA672) Helmet,Standard,7374289371201,4800.00,images_processed\smk\SPORT-SWANK-MADA672-1_4aea0b1f-bfeb-48b3-89d4-aafa2c92cffc.webp,
SMK,Helmets,SMK Typhoon Aerot Gloss Blue Yellow (GL545) Helmet,SMK Typhoon Aerot Gloss Blue Yellow (GL545) Helmet,Standard,7374289764417,5500.00,images_processed\smk\Typhoon-aerot-GL545_93777f4c-d418-4940-b403-accc50ac471a.webp,
SMK,Helmets,SMK Typhoon Mystic Gloss Green Yellow (GL884) Helmet,SMK Typhoon Mystic Gloss Green Yellow (GL884) Helmet,Standard,7374290190401,5500.00,images_processed\smk\MYSTIC-MA884.webp,
SMK,Helmets,SMK Typhoon Mystic Matt Red Grey (MA336) Helmet,SMK Typhoon Mystic Matt Red Grey (MA336) Helmet,Standard,7374290583617,5500.00,images_processed\smk\MYSTIC-GL236_a22a05dd-3a26-41c1-b0f2-27a8f82b3f29.webp,
SMK,Helmets,SMK Allterra Bulldozer White Blue Red Gloss (GL153) Helmet,SMK Allterra Bulldozer White Blue Red Gloss (GL153) Helmet,Standard,7396115513409,6200.00,images_processed\smk\GL-153-1-min.webp,
SMK,Helmets,SMK Allterra Bulldozer Black Grey Orange Matt (MA267) Helmet,SMK Allterra Bulldozer Black Grey Orange Matt (MA267) Helmet,Standard,7396153688129,6200.00,images_processed\smk\MA-267-GOLD-CHROME-1.webp,
SMK,Helmets,SMK Typhoon Aerot Matt Grey Red Black (MA632) Helmet,SMK Typhoon Aerot Matt Grey Red Black (MA632) Helmet,Standard,7357865164865,5500.00,images_processed\smk\Typhoon-aerot-GL632_1285bac9-0e7e-42dd-adf1-15e87b2d1857.webp,
SMK,Helmets,SMK Typhoon Freeride Gloss Black Red Grey (GL236) Helmet,SMK Typhoon Freeride Gloss Black Red Grey (GL236) Helmet,Standard,7357891018817,5500.00,images_processed\smk\freeride_04.webp,
SMK,Helmets,SMK Typhoon Freeride Gloss Black Yellow Blue (GL245) Helmet,SMK Typhoon Freeride Gloss Black Yellow Blue (GL245) Helmet,Standard,7357908615233,5500.00,images_processed\smk\freeride_03.webp,
SMK,Helmets,SMK Typhoon Aerot Gloss Green Orange (GL878) Helmet,SMK Typhoon Aerot Gloss Green Orange (GL878) Helmet,Standard,7343685238849,5500.00,images_processed\smk\Typhoon-aerot-MA878.webp,
SMK,Helmets,SMK Stellar Sports Adox Gloss White Red Blue (GL135) Helmet,SMK Stellar Sports Adox Gloss White Red Blue (GL135) Helmet,Standard,7343524184129,4800.00,images_processed\smk\ADOX-3.webp,
SMK,Helmets,SMK Gullwing Navigator Black Grey Red Matt (MA263) Helmet,SMK Gullwing Navigator Black Grey Red Matt (MA263) Helmet,Standard,7343420899393,6950.00,images_processed\smk\GL-263_6fd77523-40cc-4d44-94d3-8e86914bd2b3.webp,
SMK,Helmets,SMK Gullwing Supertour Orange Grey Blue Gloss (GL765) Helmet,SMK Gullwing Supertour Orange Grey Blue Gloss (GL765) Helmet,Standard,7290835828801,6950.00,images_processed\smk\MA-765.webp,
SMK,Helmets,SMK Typhoon Mystic Gloss Blue Yellow (GL554) Helmet,SMK Typhoon Mystic Gloss Blue Yellow (GL554) Helmet,Standard,7290833928257,5500.00,images_processed\smk\MYSTIC-MA554.webp,
SMK,Helmets,SMK Typhoon Mystic Gloss Black Pink Blue (GL295) Helmet,SMK Typhoon Mystic Gloss Black Pink Blue (GL295) Helmet,Standard,7290832683073,5500.00,images_processed\smk\MYSTIC-GL295.webp,
SMK,Helmets,SMK Typhoon Mystic Matt Green Yellow (MA884) Helmet,SMK Typhoon Mystic Matt Green Yellow (MA884) Helmet,Standard,7279521136705,5500.00,images_processed\smk\MYSTIC-MA884.webp,
SMK,Helmets,SMK Gullwing Navigator Black Grey Yellow Matt (MA264) Helmet,SMK Gullwing Navigator Black Grey Yellow Matt (MA264) Helmet,Standard,7277691174977,6950.00,images_processed\smk\MA-264_94a3edd4-561f-4a78-a056-111340c4555b.webp,
SMK,Helmets,SMK Typhoon Mystic Gloss Blue Red (GL553) Helmet,SMK Typhoon Mystic Gloss Blue Red (GL553) Helmet,Standard,7277689405505,5500.00,images_processed\smk\MYSTIC-GL553.webp,
SMK,Helmets,SMK Typhoon Mystic Gloss Red Grey (GL336) Helmet,SMK Typhoon Mystic Gloss Red Grey (GL336) Helmet,Standard,7277684195393,5500.00,images_processed\smk\MYSTIC-GL236.webp,
SMK,Helmets,SMK Typhoon Freeride Gloss White Blue Black (GL152) Helmet,SMK Typhoon Freeride Gloss White Blue Black (GL152) Helmet,Standard,7277650116673,5500.00,images_processed\smk\freeride_06.webp,
SMK,Helmets,SMK Gullwing Navigator Black Grey Red Gloss (GL263) Helmet,SMK Gullwing Navigator Black Grey Red Gloss (GL263) Helmet,Standard,7119475048513,6950.00,images_processed\smk\GL-263_6fd77523-40cc-4d44-94d3-8e86914bd2b3.webp,
SMK,Helmets,SMK Gullwing Navigator Black Grey Yellow Gloss (GL264) Helmet,SMK Gullwing Navigator Black Grey Yellow Gloss (GL264) Helmet,Standard,7119509749825,6950.00,images_processed\smk\MA-264-BACK-ISO-768x768.webp,
SMK,Helmets,SMK Gullwing Navigator Blue White Red Gloss (GL513) Helmet,SMK Gullwing Navigator Blue White Red Gloss (GL513) Helmet,Standard,7119535112257,6950.00,images_processed\smk\GL-513-1.webp,
SMK,Helmets,SMK Gullwing Navigator Blue White Gloss (GL551) Helmet,SMK Gullwing Navigator Blue White Gloss (GL551) Helmet,Standard,7119542124609,6950.00,images_processed\smk\MA-551.webp,
SMK,Helmets,SMK Gullwing Supertour White Blue Red Gloss (GL153) Helmet,SMK Gullwing Supertour White Blue Red Gloss (GL153) Helmet,Standard,7119557165121,6950.00,images_processed\smk\GL153.webp,
SMK,Helmets,SMK Gullwing Supertour Grey Blue Yellow Gloss (GL654) Helmet,SMK Gullwing Supertour Grey Blue Yellow Gloss (GL654) Helmet,Standard,7119564636225,6950.00,images_processed\smk\GL654.webp,
SMK,Helmets,SMK Gullwing Supertour Grey White Matt (MA661) Helmet,SMK Gullwing Supertour Grey White Matt (MA661) Helmet,Standard,7119585476673,6950.00,images_processed\smk\MA661.webp,
SMK,Helmets,SMK Stellar Sports Adox Gloss Black Red White (GL231) Helmet,SMK Stellar Sports Adox Gloss Black Red White (GL231) Helmet,Standard,7123126222913,4800.00,images_processed\smk\D_NQ_NP_2X_920542-MLU74329015943_012024-F.webp,
SMK,Helmets,SMK Stellar Sports Stage Gloss White Grey Red (GL163) Helmet,SMK Stellar Sports Stage Gloss White Grey Red (GL163) Helmet,Standard,7123171213377,4800.00,images_processed\smk\517EmBdkqhL._SL1200.webp,
SMK,Helmets,SMK Typhoon Aerot Gloss Grey Red Black (GL632) Helmet,SMK Typhoon Aerot Gloss Grey Red Black (GL632) Helmet,Standard,7141939675201,5500.00,images_processed\smk\Typhoon-aerot-GL632_1285bac9-0e7e-42dd-adf1-15e87b2d1857.webp,
SMK,Helmets,SMK Stellar Sports Uno Gloss Black Grey Red (GL263) Helmet,SMK Stellar Sports Uno Gloss Black Grey Red (GL263) Helmet,Standard,7079218217025,4800.00,images_processed\smk\GL263.webp,
SMK,Helmets,SMK Stellar Sports Turbo Gloss Black Red Yellow (GL234) Helmet,SMK Stellar Sports Turbo Gloss Black Red Yellow (GL234) Helmet,Standard,7079179878465,4800.00,images_processed\smk\51dr5BLmVxL.webp,
SMK,Helmets,SMK Stellar Sports Turbo Gloss Black Yellow Grey (GL246) Helmet,SMK Stellar Sports Turbo Gloss Black Yellow Grey (GL246) Helmet,Standard,7079189053505,4800.00,images_processed\smk\614I2EBy3HL._SL1200.webp,
SMK,Helmets,SMK Stellar Sports Uno Gloss Black Blue Yellow (GL254) Helmet,SMK Stellar Sports Uno Gloss Black Blue Yellow (GL254) Helmet,Standard,7079202717761,4800.00,images_processed\smk\GL254.webp,
SMK,Helmets,SMK Stellar Sports Uno Gloss Black White Yellow (GL214) Helmet,SMK Stellar Sports Uno Gloss Black White Yellow (GL214) Helmet,Standard,7081393258561,4800.00,images_processed\smk\GL214.webp,
SMK,Helmets,SMK Stellar Sports Faro Gloss Black White Blue (GL215) Helmet,SMK Stellar Sports Faro Gloss Black White Blue (GL215) Helmet,Standard,7052602998849,4800.00,images_processed\smk\FARO-GL-215.webp,
SMK,Helmets,SMK Stellar Sports Faro Gloss Black Red Grey (GL236) Helmet,SMK Stellar Sports Faro Gloss Black Red Grey (GL236) Helmet,Standard,7052609519681,4800.00,images_processed\smk\FARO-GL-236.webp,
SMK,Helmets,SMK Stellar Sports Faro Gloss Black Grey Yellow (GL264) Helmet,SMK Stellar Sports Faro Gloss Black Grey Yellow (GL264) Helmet,Standard,7052611584065,4800.00,images_processed\smk\FARO-MA-264.webp,
SMK,Helmets,SMK Stellar Sports Faro Gloss Black Grey (GL266) Helmet,SMK Stellar Sports Faro Gloss Black Grey (GL266) Helmet,Standard,7052611649601,4800.00,images_processed\smk\FARO-MA-266.webp,
SMK,Helmets,SMK Stellar Sports Faro Gloss Blue Yellow (GL554) Helmet,SMK Stellar Sports Faro Gloss Blue Yellow (GL554) Helmet,Standard,7052611747905,4800.00,images_processed\smk\FARO-MA-554.webp,
SMK,Helmets,SMK Stellar Sports Faro Matt Black Grey (MA266) Helmet,SMK Stellar Sports Faro Matt Black Grey (MA266) Helmet,Standard,7052757073985,4800.00,images_processed\smk\FARO-MA-266_bea2b341-859d-42da-9c10-416b28bee2cd.webp,
SMK,Helmets,SMK Stellar Sports Taotei Gloss Black Grey Red (GL263) Helmet,SMK Stellar Sports Taotei Gloss Black Grey Red (GL263) Helmet,Standard,7052758089793,4800.00,images_processed\smk\GL-263.webp,
SMK,Helmets,SMK Stellar Sports Taotei Gloss Black Grey Orange (GL267) Helmet,SMK Stellar Sports Taotei Gloss Black Grey Orange (GL267) Helmet,Standard,7052760219713,4800.00,images_processed\smk\GL-267_1a95e782-a4fc-4197-8c05-7fdd131ac011.webp,
SMK,Helmets,SMK Stellar Sports Taotei Gloss Black Grey Green (GL268) Helmet,SMK Stellar Sports Taotei Gloss Black Grey Green (GL268) Helmet,Standard,7052761366593,4800.00,images_processed\smk\GL-268.webp,
SMK,Helmets,SMK Typhoon Aerot Matt Black Grey Red (MA663) Helmet,SMK Typhoon Aerot Matt Black Grey Red (MA663) Helmet,Standard,7033081102401,5500.00,images_processed\smk\Typhoon-aerot-GL632.webp,
SMK,Helmets,SMK Typhoon Aerot Matt Blue Yellow (MA554) Helmet,SMK Typhoon Aerot Matt Blue Yellow (MA554) Helmet,Standard,7033078775873,5500.00,images_processed\smk\Typhoon-aerot-GL545.webp,
SMK,Helmets,SMK Stellar Sports Solid Matt Nardo Grey (MA600) Helmet,SMK Stellar Sports Solid Matt Nardo Grey (MA600) Helmet,Standard,6974981079105,4500.00,images_processed\smk\color2-1.webp,
SMK,Helmets,SMK Stellar Sports K Power Matt Grey Red Blue (MA635) Helmet,SMK Stellar Sports K Power Matt Grey Red Blue (MA635) Helmet,Standard,6962614730817,4800.00,images_processed\smk\GL-635-675_8ff72045-8165-4f00-a39f-0451e3294715.webp,
SMK,Helmets,SMK Stellar Sports K Power Matt Black Green Grey (MA286) Helmet,SMK Stellar Sports K Power Matt Black Green Grey (MA286) Helmet,Standard,6962614665281,4800.00,images_processed\smk\GL-286_ed1b06c6-828f-440b-a3d3-af9c211fd5e6.webp,
SMK,Helmets,SMK Stellar Sports K Power Matt Black Grey Orange (MA267) Helmet,SMK Stellar Sports K Power Matt Black Grey Orange (MA267) Helmet,Standard,6962614599745,4800.00,images_processed\smk\GL-267_c917e1d7-b364-484e-b46a-1818a352ddaa.webp,
SMK,Helmets,SMK Stellar Sports K Power Matt Black Blue Red (MA253) Helmet,SMK Stellar Sports K Power Matt Black Blue Red (MA253) Helmet,Standard,6962614435905,4800.00,images_processed\smk\GL-253_c7ddf041-9250-44cb-b2a5-7c8f3a0108c4.webp,
SMK,Helmets,SMK Stellar Sports K Power Matt Black Yellow Blue (MA245) Helmet,SMK Stellar Sports K Power Matt Black Yellow Blue (MA245) Helmet,Standard,6962614370369,4800.00,images_processed\smk\GL-245_6ff4a17c-f53a-460e-9dd5-d2cf6db1387b.webp,
SMK,Helmets,SMK Stellar Sports K Power Matt Black Red White (MA231) Helmet,SMK Stellar Sports K Power Matt Black Red White (MA231) Helmet,Standard,6962614009921,4800.00,images_processed\smk\GL_231_b68b1e47-367b-40a9-9ca1-a3602e553e73.webp,
SMK,Helmets,SMK Stellar Sports K Power Gloss Grey Red Blue (GL635) Helmet,SMK Stellar Sports K Power Gloss Grey Red Blue (GL635) Helmet,Standard,6962613878849,4800.00,images_processed\smk\GL-635-675.webp,
SMK,Helmets,SMK Stellar Sports K Power Gloss Black Green Grey (GL286) Helmet,SMK Stellar Sports K Power Gloss Black Green Grey (GL286) Helmet,Standard,6962612863041,4800.00,images_processed\smk\GL-286.webp,
SMK,Helmets,SMK Stellar Sports K Power Gloss Black Grey Orange (GL267) Helmet,SMK Stellar Sports K Power Gloss Black Grey Orange (GL267) Helmet,Standard,6962611847233,4800.00,images_processed\smk\GL-267.webp,
SMK,Helmets,SMK Stellar Sports K Power Gloss Black Blue Red (GL253) Helmet,SMK Stellar Sports K Power Gloss Black Blue Red (GL253) Helmet,Standard,6962611257409,4800.00,images_processed\smk\GL-253.webp,
SMK,Helmets,SMK Stellar Sports K Power Gloss Black Yellow Blue (GL245) Helmet,SMK Stellar Sports K Power Gloss Black Yellow Blue (GL245) Helmet,Standard,6962611093569,4800.00,images_processed\smk\GL-245.webp,
SMK,Helmets,SMK Stellar Sports K Power Gloss Black Red White (GL231) Helmet,SMK Stellar Sports K Power Gloss Black Red White (GL231) Helmet,Standard,6962610536513,4800.00,images_processed\smk\GL_231.webp,
SMK,Helmets,SMK Retro Seven Gloss Black Grey (GL260) Helmet,SMK Retro Seven Gloss Black Grey (GL260) Helmet,Standard,6953246949441,6400.00,images_processed\smk\RETRO-SEVEN-1-1_567320bc-649d-4b51-9b1c-a28e6361be42.webp,
SMK,Helmets,SMK Typhoon Solid Matt Nardo Grey (MA600) Helmet,SMK Typhoon Solid Matt Nardo Grey (MA600) Helmet,Standard,6953260974145,5200.00,images_processed\smk\grey-1-1.webp,
SMK,Helmets,SMK Allterra X Throttle White Red Black Gloss (GL132) Helmet,SMK Allterra X Throttle White Red Black Gloss (GL132) Helmet,Standard,6953115254849,6200.00,images_processed\smk\XTHROTTLE-4-5-1.webp,
SMK,Helmets,SMK Retro Seven Matt Black Grey (MA260) Helmet,SMK Retro Seven Matt Black Grey (MA260) Helmet,Standard,6951847592001,6400.00,images_processed\smk\RETRO-SEVEN-1-1.webp,
SMK,Helmets,SMK Typhoon Aegis Matt Black Grey Yellow (MA264) Helmet,SMK Typhoon Aegis Matt Black Grey Yellow (MA264) Helmet,Standard,6948881432641,5500.00,images_processed\smk\Agasi4-1.webp,
SMK,Helmets,SMK Typhoon Aegis Gloss Black Grey Yellow (GL264) Helmet,SMK Typhoon Aegis Gloss Black Grey Yellow (GL264) Helmet,Standard,6948882808897,5500.00,images_processed\smk\Agasi4-1_acc76269-ade7-481c-8f93-95c15cf97361.webp,
SMK,Helmets,SMK Stellar Sports Adox Gloss Grey Orange Black (GL672) Helmet,SMK Stellar Sports Adox Gloss Grey Orange Black (GL672) Helmet,Standard,6950108430401,4800.00,images_processed\smk\orangeblackmatte3d_jpg_8195550a-f651-4970-a68a-bbbe2424abe9.webp,
SMK,Helmets,SMK Stellar Sports Adox Matt Blue White Black (MA512) Helmet,SMK Stellar Sports Adox Matt Blue White Black (MA512) Helmet,Standard,6950108397633,4800.00,images_processed\smk\rside_001a7b79-d7d8-432f-8796-acd6c7fa1603.webp,
SMK,Helmets,SMK Stellar Sports Adox Matt Yellow Black Grey (MA426) Helmet,SMK Stellar Sports Adox Matt Yellow Black Grey (MA426) Helmet,Standard,6950108332097,4800.00,images_processed\smk\yellowrside_19df7f07-a009-44cd-80eb-94076fd0d424.webp,
SMK,Helmets,SMK Stellar Sports Adox Gloss Blue White Black (GL512) Helmet,SMK Stellar Sports Adox Gloss Blue White Black (GL512) Helmet,Standard,6950107742273,4800.00,images_processed\smk\rside_92f29344-87b4-472b-b918-c1c7a04578da.webp,
SMK,Helmets,SMK Stellar Sports Adox Gloss Yellow Black Grey (GL426) Helmet,SMK Stellar Sports Adox Gloss Yellow Black Grey (GL426) Helmet,Standard,6950102106177,4800.00,images_processed\smk\yellowrside.webp,
SMK,Helmets,SMK Stellar Sports Graffiti Gloss Yellow Red Orange (GL437) Helmet,SMK Stellar Sports Graffiti Gloss Yellow Red Orange (GL437) Helmet,Standard,6947635265601,4800.00,images_processed\smk\3d.webp,
SMK,Helmets,SMK Stellar Sports Samurai Gloss Black Grey Red (GL263) Helmet,SMK Stellar Sports Samurai Gloss Black Grey Red (GL263) Helmet,Standard,6947639394369,4800.00,images_processed\smk\3d_0d273dad-1b18-46fb-8a09-a75f58ce1fe0.webp,
SMK,Helmets,SMK Retro Seven Gloss Copper Black (GL720) Helmet,SMK Retro Seven Gloss Copper Black (GL720) Helmet,Standard,6946124857409,6400.00,images_processed\smk\RETRO-SEVEN-2-1.webp,
SMK,Helmets,SMK Stellar Sports Solid Matt Black (MA200) Helmet,SMK Stellar Sports Solid Matt Black (MA200) Helmet,Standard,6945161150529,4500.00,images_processed\smk\unicolorblackmatte3d_jpg.webp,
SMK,Helmets,SMK Stellar Sports Gloss Solid Black (GL200) Helmet,SMK Stellar Sports Gloss Solid Black (GL200) Helmet,Standard,6945160757313,4500.00,images_processed\smk\unicolorblackgloss3d_jpg.webp,
SMK,Helmets,SMK Stellar Sports Stage Matt Black Grey (MA262) Helmet,SMK Stellar Sports Stage Matt Black Grey (MA262) Helmet,Standard,6945160036417,4800.00,images_processed\smk\Blackgreymatte3d_jpg.webp,
SMK,Helmets,SMK Stellar Sports Stage Matt Black White Orange (MA217) Helmet,SMK Stellar Sports Stage Matt Black White Orange (MA217) Helmet,Standard,6945159905345,4800.00,images_processed\smk\stageMA217whiteorangematte3d_b3b5247d-0c1a-4467-9100-51607af3b96a.webp,
SMK,Helmets,SMK Stellar Sports Stage Gloss Black Grey (GL262) Helmet,SMK Stellar Sports Stage Gloss Black Grey (GL262) Helmet,Standard,6945159315521,4800.00,images_processed\smk\Blackgreygloss3d_jpg.webp,
SMK,Helmets,SMK Stellar Sports Stage Gloss Black White Orange (GL217) Helmet,SMK Stellar Sports Stage Gloss Black White Orange (GL217) Helmet,Standard,6945158365249,4800.00,images_processed\smk\stageMA217whiteorangematte3d.webp,
SMK,Helmets,SMK Stellar Sports Adox Matt Grey Orange Black (MA672) Helmet,SMK Stellar Sports Adox Matt Grey Orange Black (MA672) Helmet,Standard,6945149255745,4800.00,images_processed\smk\orangeblackmatte3d_jpg.webp,
SMK,Helmets,SMK Allterra X Throttle Yellow Black Gloss (GL422) Helmet,SMK Allterra X Throttle Yellow Black Gloss (GL422) Helmet,Standard,6944356794433,6200.00,images_processed\smk\XTHROTTLE-4-3-1.webp,
SMK,Helmets,SMK Typhoon Style Gloss White Red Grey (GL136) Helmet,SMK Typhoon Style Gloss White Red Grey (GL136) Helmet,Standard,6938483130433,5500.00,images_processed\smk\8_b3d73454-bdeb-4b0d-b958-8c34e9584783.webp,
SMK,Helmets,SMK Typhoon Style Matt Black Red Blue (MA235) Helmet,SMK Typhoon Style Matt Black Red Blue (MA235) Helmet,Standard,6938481197121,5500.00,images_processed\smk\6-3_68fcbcba-c98b-4be8-96e3-1042797001cb.webp,
SMK,Helmets,SMK Typhoon Style Gloss Black Red Blue (GL235) Helmet,SMK Typhoon Style Gloss Black Red Blue (GL235) Helmet,Standard,6938480181313,5500.00,images_processed\smk\6-3.webp,
SMK,Helmets,SMK Typhoon Style Matt Black Grey (MA266) Helmet,SMK Typhoon Style Matt Black Grey (MA266) Helmet,Standard,6938480083009,5500.00,images_processed\smk\5-3_2facd49c-9858-4699-a154-f4580218e7c9.webp,
SMK,Helmets,SMK Typhoon Style Gloss Black Grey (GL266) Helmet,SMK Typhoon Style Gloss Black Grey (GL266) Helmet,Standard,6938479820865,5500.00,images_processed\smk\5-3.webp,
SMK,Helmets,SMK Typhoon Style Matt Black Red Yellow (MA234) Helmet,SMK Typhoon Style Matt Black Red Yellow (MA234) Helmet,Standard,6938479722561,5500.00,images_processed\smk\4-4_56e2d76b-a978-4f2d-9fb3-ee0b92500a00.webp,
SMK,Helmets,SMK Typhoon Style Gloss Black Red Yellow (GL234) Helmet,SMK Typhoon Style Gloss Black Red Yellow (GL234) Helmet,Standard,6938479591489,5500.00,images_processed\smk\4-4.webp,
SMK,Helmets,SMK Typhoon Style Matt Black Blue Yellow (MA254) Helmet,SMK Typhoon Style Matt Black Blue Yellow (MA254) Helmet,Standard,6938479427649,5500.00,images_processed\smk\3-6_97c1d988-c978-4740-a4fd-6266cb4e2def.webp,
SMK,Helmets,SMK Typhoon Style Gloss Black Blue Yellow (GL254) Helmet,SMK Typhoon Style Gloss Black Blue Yellow (GL254) Helmet,Standard,6938479296577,5500.00,images_processed\smk\3-6.webp,
SMK,Helmets,SMK Typhoon Style Gloss Black Red Grey (GL236) Helmet,SMK Typhoon Style Gloss Black Red Grey (GL236) Helmet,Standard,6938478968897,5500.00,images_processed\smk\2-7.webp,
SMK,Helmets,SMK Typhoon Style Gloss Black Blue (GL275) Helmet,SMK Typhoon Style Gloss Black Blue (GL275) Helmet,Standard,6938478313537,5500.00,images_processed\smk\1-7.webp,
SMK,Helmets,SMK Gullwing Tourleader Desert Grey Matt (MA747) Helmet,SMK Gullwing Tourleader Desert Grey Matt (MA747) Helmet,Standard,6938238582849,6950.00,images_processed\smk\GULLWING-TOURLEADER-1-1_6237ae29-0e5d-4fe6-a6d5-1fc5128faa3c.webp,
SMK,Helmets,SMK Gullwing Tourleader Grey Yellow Matt (MA646) Helmet,SMK Gullwing Tourleader Grey Yellow Matt (MA646) Helmet,Standard,6938238287937,6950.00,images_processed\smk\GULLWING-TOURLEADER-3-1_18420096-e8bb-4306-bd19-745bc4d7a765.webp,
SMK,Helmets,SMK Gullwing Tourleader Grey Black Matt (MA626) Helmet,SMK Gullwing Tourleader Grey Black Matt (MA626) Helmet,Standard,6938238156865,6950.00,images_processed\smk\GULLWING-TOURLEADER-2-1_6fb6ffe8-b75a-4e16-9273-49f16c6bb4b9.webp,
SMK,Helmets,SMK Gullwing Tourleader Red Grey Matt (MA363) Helmet,SMK Gullwing Tourleader Red Grey Matt (MA363) Helmet,Standard,6938238025793,6950.00,images_processed\smk\GULLWING-TOURLEADER-4-1-1_db53d935-4b3f-44da-9536-9272f2cdcc1f.webp,
SMK,Helmets,SMK Gullwing Tourleader Desert Grey Gloss (GL747) Helmet,SMK Gullwing Tourleader Desert Grey Gloss (GL747) Helmet,Standard,6938237632577,6950.00,images_processed\smk\GULLWING-TOURLEADER-1-1.webp,
SMK,Helmets,SMK Gullwing Tourleader Grey Yellow Gloss (GL646) Helmet,SMK Gullwing Tourleader Grey Yellow Gloss (GL646) Helmet,Standard,6938237042753,6950.00,images_processed\smk\GULLWING-TOURLEADER-3-1.webp,
SMK,Helmets,SMK Gullwing Tourleader Grey Black Gloss (GL626) Helmet,SMK Gullwing Tourleader Grey Black Gloss (GL626) Helmet,Standard,6938234945601,6950.00,images_processed\smk\GULLWING-TOURLEADER-2-1.webp,
SMK,Helmets,SMK Gullwing Tourleader Red Grey Gloss (GL363) Helmet,SMK Gullwing Tourleader Red Grey Gloss (GL363) Helmet,Standard,6938230816833,6950.00,images_processed\smk\GULLWING-TOURLEADER-4-1-1.webp,
SMK,Helmets,SMK Typhoon Reptile Black Green Yellow Matt (MA284) Helmet,SMK Typhoon Reptile Black Green Yellow Matt (MA284) Helmet,Standard,6881233109057,5500.00,images_processed\smk\1760_3095_7d4fd860-71e7-428c-ac3a-e70990b65874.webp,
SMK,Helmets,SMK Typhoon Reptile Black Orange Matt (MA277) Helmet,SMK Typhoon Reptile Black Orange Matt (MA277) Helmet,Standard,6881232814145,5500.00,images_processed\smk\1760_3094_02015b5e-39da-4e18-a244-cb7ff2ea1f3d.webp,
SMK,Helmets,SMK Typhoon Reptile Black Orange Red Matt (MA273) Helmet,SMK Typhoon Reptile Black Orange Red Matt (MA273) Helmet,Standard,6881231831105,5500.00,images_processed\smk\1760_3093_23b8fc0b-0ad1-4eb7-9670-c8c360986fd6.webp,
SMK,Helmets,SMK Typhoon Reptile Black Grey Orange Matt (MA267) Helmet,SMK Typhoon Reptile Black Grey Orange Matt (MA267) Helmet,Standard,6881231601729,5500.00,images_processed\smk\1760_3092_83c31314-4c2e-4ba9-85be-ad569fbc6a5b.webp,
SMK,Helmets,SMK Typhoon Reptile Black Blue Matt (MA255) Helmet,SMK Typhoon Reptile Black Blue Matt (MA255) Helmet,Standard,6881230913601,5500.00,images_processed\smk\1760_3091_8490f5b7-9a07-4494-9094-54931101c00f.webp,
SMK,Helmets,SMK Typhoon Reptile Black Green Yellow Gloss (GL284) Helmet,SMK Typhoon Reptile Black Green Yellow Gloss (GL284) Helmet,Standard,6881230389313,5500.00,images_processed\smk\1760_3095.webp,
SMK,Helmets,SMK Typhoon Reptile Black Orange Gloss (GL277) Helmet,SMK Typhoon Reptile Black Orange Gloss (GL277) Helmet,Standard,6881229897793,5500.00,images_processed\smk\1760_3094.webp,
SMK,Helmets,SMK Typhoon Reptile Black Orange Red Gloss (GL273) Helmet,SMK Typhoon Reptile Black Orange Red Gloss (GL273) Helmet,Standard,6881229242433,5500.00,images_processed\smk\1760_3093.webp,
SMK,Helmets,SMK Typhoon Reptile Black Grey Orange Gloss (GL267) Helmet,SMK Typhoon Reptile Black Grey Orange Gloss (GL267) Helmet,Standard,6881228423233,5500.00,images_processed\smk\1760_3092.webp,
SMK,Helmets,SMK Typhoon Reptile Black Blue Gloss (GL255) Helmet,SMK Typhoon Reptile Black Blue Gloss (GL255) Helmet,Standard,6881224360001,5500.00,images_processed\smk\1760_3091.webp,
SMK,Helmets,SMK Top Case TCR291N (Black),SMK Top Case TCR291N,Black,6868895727681,4200.00,images_processed\smk\black-back.webp,
SMK,Helmets,SMK Typhoon Grunge Matt Black Grey (MA426)  Helmet,SMK Typhoon Grunge Matt Black Grey (MA426)  Helmet,Standard,6857321480257,5500.00,images_processed\smk\1699_2873_1a7ca3ad-ddf5-4c1f-ad49-f8d791d46f3c.webp,
SMK,Helmets,SMK Typhoon Solid Gloss White (GL100) Helmet,SMK Typhoon Solid Gloss White (GL100) Helmet,Standard,6857503834177,5200.00,images_processed\smk\1375_1859.webp,
SMK,Helmets,SMK Twister Skull Matt Black Fluro Yellow (MA240),SMK Twister Skull Matt Black Fluro Yellow (MA240),Standard,6857202106433,3999.00,images_processed\smk\1279_1622_7c9e5dff-03bf-4dbe-b39e-7b4f1a20c1b6.webp,
SMK,Helmets,SMK Allterra White Gloss (GL120) Helmet,SMK Allterra White Gloss (GL120) Helmet,Standard,6850091614273,5900.00,images_processed\smk\1739_3022.webp,
SMK,Helmets,SMK Allterra Hi Viz Orange Gloss (HV720) Helmet,SMK Allterra Hi Viz Orange Gloss (HV720) Helmet,Standard,6850090795073,5900.00,images_processed\smk\1739_3021.webp,
SMK,Helmets,SMK Allterra Hi Viz Yellow Gloss (HV420) Helmet,SMK Allterra Hi Viz Yellow Gloss (HV420) Helmet,Standard,6850090106945,5900.00,images_processed\smk\1739_3019.webp,
SMK,Helmets,SMK Allterra Anthracite Matt (MADA620) Helmet,SMK Allterra Anthracite Matt (MADA620) Helmet,Standard,6850086895681,5900.00,images_processed\smk\1739_3018.webp,
SMK,Helmets,SMK Allterra Matt Black (MA260) Helmet,SMK Allterra Matt Black (MA260) Helmet,Standard,6850078965825,5900.00,images_processed\smk\1739_3020.webp,
SMK,Helmets,SMK Allterra Fulmine Yellow Blue Orange Matt (MA457) Helmet,SMK Allterra Fulmine Yellow Blue Orange Matt (MA457) Helmet,Standard,6849711931457,6200.00,images_processed\smk\195_1_f1a4906b-4da5-4c98-9318-a53e68f267c2.webp,
SMK,Helmets,SMK Allterra Fulmine White Orange Yellow Matt (MA174) Helmet,SMK Allterra Fulmine White Orange Yellow Matt (MA174) Helmet,Standard,6849700462657,6200.00,images_processed\smk\1735_3006_c762206f-398e-494e-b2b3-d17eb5a01421.webp,
SMK,Helmets,SMK Allterra Fulmine Grey Blue White Matt (MA651) Helmet,SMK Allterra Fulmine Grey Blue White Matt (MA651) Helmet,Standard,6849696661569,6200.00,images_processed\smk\1735_3008_9b31f851-1768-4089-8d8f-3850f4eadcc1.webp,
SMK,Helmets,SMK Allterra Fulmine Grey Blue White Gloss (GL651) Helmet,SMK Allterra Fulmine Grey Blue White Gloss (GL651) Helmet,Standard,6849695711297,6200.00,images_processed\smk\1735_3008.webp,
SMK,Helmets,SMK Allterra Fulmine Yellow Blue Orange Gloss (GL457) Helmet,SMK Allterra Fulmine Yellow Blue Orange Gloss (GL457) Helmet,Standard,6849693777985,6200.00,images_processed\smk\195_1_85ce4bf1-bbd6-4c17-8e20-e77212a4c589.webp,
SMK,Helmets,SMK Allterra Fulmine White Orange Yellow Gloss (GL174) Helmet,SMK Allterra Fulmine White Orange Yellow Gloss (GL174) Helmet,Standard,6849673363521,6200.00,images_processed\smk\1735_3006.webp,
SMK,Helmets,SMK Retro Black Red Matt (MA230) Helmet,SMK Retro Black Red Matt (MA230) Helmet,Standard,6824627568705,6100.00,images_processed\smk\1335_1717_a0702309-1960-4e62-9efe-9e55178aeaca.webp,
SMK,Helmets,SMK Typhoon Grunge Black Orange Matt (MA627) Helmet,SMK Typhoon Grunge Black Orange Matt (MA627) Helmet,Standard,6823871250497,5500.00,images_processed\smk\1699_2874_56a0cac5-eb40-431b-bb7a-d0d331289876.webp,
SMK,Helmets,SMK Typhoon Thorn Black Blue White Matt (MA251) Helmet,SMK Typhoon Thorn Black Blue White Matt (MA251) Helmet,Standard,6815323521089,5500.00,images_processed\smk\1374_1852_ad946eb5-b84f-4f0e-9845-d3937e3a5466.webp,
SMK,Helmets,SMK Typhoon Thorn Black Orange Grey Matt (MA276) Helmet,SMK Typhoon Thorn Black Orange Grey Matt (MA276) Helmet,Standard,6815322603585,5500.00,images_processed\smk\1374_2996_3efb6ad5-a597-4817-aeef-43197eae43aa.webp,
SMK,Helmets,SMK Typhoon Thorn Blue Yellow Red Matt (MA543) Helmet,SMK Typhoon Thorn Blue Yellow Red Matt (MA543) Helmet,Standard,6815321980993,5500.00,images_processed\smk\1374_1853_954f56f7-a76a-40fc-855f-518272f3a6dc.webp,
SMK,Helmets,SMK Typhoon Thorn White Red Grey Matt (MA136) Helmet,SMK Typhoon Thorn White Red Grey Matt (MA136) Helmet,Standard,6815321555009,5500.00,images_processed\smk\1374_1851_879e9ac0-9e52-4b53-bb9e-42d2eb34fc8a.webp,
SMK,Helmets,SMK Typhoon Thorn Green Yellow Green Matt (MA848) Helmet,SMK Typhoon Thorn Green Yellow Green Matt (MA848) Helmet,Standard,6815320277057,5500.00,images_processed\smk\1374_1854_f0fb89f9-4d13-4ee0-8d33-1a33c63ee12c.webp,
SMK,Helmets,SMK Typhoon Thorn Green Yellow Green Gloss (GL848) Helmet,SMK Typhoon Thorn Green Yellow Green Gloss (GL848) Helmet,Standard,6815312085057,5500.00,images_processed\smk\LogoLicious_20240916_191326.webp,
SMK,Helmets,SMK Typhoon Thorn Blue Yellow Red Gloss (GL543) Helmet,SMK Typhoon Thorn Blue Yellow Red Gloss (GL543) Helmet,Standard,6815311396929,5500.00,images_processed\smk\1374_1853.webp,
SMK,Helmets,SMK Typhoon Thorn Black Orange Grey Gloss (GL276) Helmet,SMK Typhoon Thorn Black Orange Grey Gloss (GL276) Helmet,Standard,6815309234241,5500.00,images_processed\smk\1374_2996.webp,
SMK,Helmets,SMK Typhoon Thorn Black Blue White Gloss (GL251) Helmet,SMK Typhoon Thorn Black Blue White Gloss (GL251) Helmet,Standard,6815308021825,5500.00,images_processed\smk\1374_1852.webp,
SMK,Helmets,SMK Typhoon Thorn White Red Grey Gloss (GL136) Helmet,SMK Typhoon Thorn White Red Grey Gloss (GL136) Helmet,Standard,6815302221889,5500.00,images_processed\smk\1374_1851.webp,
SMK,Helmets,SMK Typhoon Grunge White Blue Red Gloss (GL153) Helmet,SMK Typhoon Grunge White Blue Red Gloss (GL153) Helmet,Standard,6808736956481,5500.00,images_processed\smk\1699_2872.webp,
SMK,Helmets,SMK Typhoon Grunge Black Grey Gloss (GL426)  Helmet,SMK Typhoon Grunge Black Grey Gloss (GL426)  Helmet,Standard,6808736432193,5500.00,images_processed\smk\1699_2873.webp,
SMK,Helmets,SMK Typhoon Grunge Black Grey Gloss (GL826)  Helmet,SMK Typhoon Grunge Black Grey Gloss (GL826)  Helmet,Standard,6808735088705,5500.00,images_processed\smk\1699_2875.webp,
SMK,Helmets,SMK Typhoon Grunge Black Orange Gloss (GL627)  Helmet,SMK Typhoon Grunge Black Orange Gloss (GL627)  Helmet,Standard,6808725684289,5500.00,images_processed\smk\1699_2874.webp,
SMK,Helmets,SMK Retro Black Yellow Gloss (GL240) Helmet,SMK Retro Black Yellow Gloss (GL240) Helmet,Standard,6796384239681,6100.00,images_processed\smk\1335_1716.webp,
SMK,Helmets,SMK Retro White Red Gloss (GL130) Helmet,SMK Retro White Red Gloss (GL130) Helmet,Standard,6796377227329,6100.00,images_processed\smk\1335_1715.webp,
SMK,Helmets,SMK Retro Ranko Grey Black Grey Matt (MA626) Helmet,SMK Retro Ranko Grey Black Grey Matt (MA626) Helmet,Standard,6796366970945,6400.00,images_processed\smk\1361_1814.webp,
SMK,Helmets,SMK Retro Ranko Blue Black Green Gloss (GL428) Helmet,SMK Retro Ranko Blue Black Green Gloss (GL428) Helmet,Standard,6796364972097,6400.00,images_processed\smk\1361_1813.webp,
SMK,Helmets,SMK Retro Ranko Grey Blue Red Gloss (GL653) Helmet,SMK Retro Ranko Grey Blue Red Gloss (GL653) Helmet,Standard,6796357173313,6400.00,images_processed\smk\1361_1812.webp,
SMK,Helmets,SMK Retro Ranko Black Off White Red Gloss (GL213) Helmet,SMK Retro Ranko Black Off White Red Gloss (GL213) Helmet,Standard,6796350947393,6400.00,images_processed\smk\1361_1811.webp,
SMK,Helmets,SMK Retro Jet Speed TT Black White Red Matt (MA213) Helmet,SMK Retro Jet Speed TT Black White Red Matt (MA213) Helmet,Standard,6796338790465,4600.00,images_processed\smk\1341_1750.webp,
SMK,Helmets,SMK Retro Ranko Blue Orange Yellow Gloss (GL574) Helmet,SMK Retro Ranko Blue Orange Yellow Gloss (GL574) Helmet,Standard,6796335579201,6400.00,images_processed\smk\1361_1810.webp,
SMK,Helmets,SMK Typhoon Raptor Black Red Gloss (GL233) Helmet (with Double D rings),SMK Typhoon Raptor Black Red Gloss (GL233) Helmet (with Double D rings),Standard,6731158552641,5500.00,images_processed\smk\1727_2978.webp,
SMK,Helmets,SMK Typhoon Raptor Black White Red Matt (MA213) Helmet (with Double D rings),SMK Typhoon Raptor Black White Red Matt (MA213) Helmet (with Double D rings),Standard,6731162943553,5500.00,images_processed\smk\1727_2977_10bbfbcc-5959-4e98-bb44-8be76dc8aad4.webp,
SMK,Helmets,SMK Typhoon Raptor Black Red Orange Matt (MA237) Helmet (with Double D rings),SMK Typhoon Raptor Black Red Orange Matt (MA237) Helmet (with Double D rings),Standard,6731162386497,5500.00,images_processed\smk\1727_2979_1ce3b96b-e691-4579-a8d6-697c34ef7efb.webp,
SMK,Helmets,SMK Typhoon Raptor Black Red Matt (MA233) Helmet (with Double D rings),SMK Typhoon Raptor Black Red Matt (MA233) Helmet (with Double D rings),Standard,6731161272385,5500.00,images_processed\smk\1727_2978_b1cc7610-aa1f-47ee-b539-8cc25013732b.webp,
SMK,Helmets,SMK Typhoon Raptor Black Red Orange Gloss (GL237) Helmet (with Double D rings),SMK Typhoon Raptor Black Red Orange Gloss (GL237) Helmet (with Double D rings),Standard,6731159273537,5500.00,images_processed\smk\1727_2979.webp,
SMK,Helmets,SMK Typhoon Raptor Black White Red Gloss (GL213) Helmet (with Double D rings),SMK Typhoon Raptor Black White Red Gloss (GL213) Helmet (with Double D rings),Standard,6731152326721,5500.00,images_processed\smk\1727_2977.webp,
SMK,Helmets,SMK Typhoon RD1 White Red Grey Gloss (GL136) Helmet,SMK Typhoon RD1 White Red Grey Gloss (GL136) Helmet,Standard,6713303892033,5500.00,images_processed\smk\1373_1844_b86b0843-8dcf-4745-972c-e7fd9b99dc03.webp,
SMK,Helmets,SMK Typhoon RD1 White Green Grey Gloss (GL186) Helmet,SMK Typhoon RD1 White Green Grey Gloss (GL186) Helmet,Standard,6713303695425,5500.00,images_processed\smk\1373_1845_077f2c1e-7a5d-4a58-ad0c-3fb20b903243.webp,
SMK,Helmets,SMK Typhoon RD1 Black Yellow Grey Gloss (GL246) Helmet,SMK Typhoon RD1 Black Yellow Grey Gloss (GL246) Helmet,Standard,6713303334977,5500.00,images_processed\smk\1373_1848_b55dad1a-f52d-479e-886d-c30f8b46f642.webp,
SMK,Helmets,SMK Typhoon RD1 Black White Grey Gloss (GL216) Helmet,SMK Typhoon RD1 Black White Grey Gloss (GL216) Helmet,Standard,6713300320321,5500.00,images_processed\smk\1373_1846_541c0d03-8805-4f90-83ec-e6a1d7a7b370.webp,
SMK,Helmets,SMK Typhoon RD1 Black Red Blue Gloss (GL235) Helmet,SMK Typhoon RD1 Black Red Blue Gloss (GL235) Helmet,Standard,6713300123713,5500.00,images_processed\smk\1373_1847_14b2e9a5-5ba2-4e15-969f-1e3f2873d0c6.webp,
SMK,Helmets,SMK Typhoon RD1 Black Grey Yellow Gloss (GL264) Helmet,SMK Typhoon RD1 Black Grey Yellow Gloss (GL264) Helmet,Standard,6713299435585,5500.00,images_processed\smk\1373_1849_e88aa8de-2ac7-44e8-958b-307add83efb1.webp,
SMK,Helmets,SMK Typhoon RD1 Black Green Orange Gloss (GL287) Helmet,SMK Typhoon RD1 Black Green Orange Gloss (GL287) Helmet,Standard,6713299140673,5500.00,images_processed\smk\1373_1850_afeb28f6-e1c3-40ab-9c70-c1be59b8b430.webp,
SMK,Helmets,SMK Typhoon RD1 Black Green Orange Matt (MA287) Helmet,SMK Typhoon RD1 Black Green Orange Matt (MA287) Helmet,Standard,6713297666113,5500.00,images_processed\smk\1373_1850.webp,
SMK,Helmets,SMK Typhoon RD1 Black Grey Yellow Matt (MA264) Helmet,SMK Typhoon RD1 Black Grey Yellow Matt (MA264) Helmet,Standard,6713296060481,5500.00,images_processed\smk\1373_1849.webp,
SMK,Helmets,SMK Typhoon RD1 Black Yellow Grey Matt (MA246) Helmet,SMK Typhoon RD1 Black Yellow Grey Matt (MA246) Helmet,Standard,6713295241281,5500.00,images_processed\smk\1373_1848.webp,
SMK,Helmets,SMK Typhoon RD1 Black Red Blue Matt (MA235) Helmet,SMK Typhoon RD1 Black Red Blue Matt (MA235) Helmet,Standard,6713294520385,5500.00,images_processed\smk\1373_1847.webp,
SMK,Helmets,SMK Typhoon RD1 Black White Grey Matt (MA216) Helmet,SMK Typhoon RD1 Black White Grey Matt (MA216) Helmet,Standard,6713294094401,5500.00,images_processed\smk\1373_1846.webp,
SMK,Helmets,SMK Typhoon RD1 White Green Grey Matt (MA186) Helmet,SMK Typhoon RD1 White Green Grey Matt (MA186) Helmet,Standard,6713293242433,5500.00,images_processed\smk\1373_1845.webp,
SMK,Helmets,SMK Typhoon RD1 White Red Grey Matt (MA136) Helmet,SMK Typhoon RD1 White Red Grey Matt (MA136) Helmet,Standard,6713291997249,5500.00,images_processed\smk\1373_1844.webp,
SMK,Helmets,SMK Gullwing Tekker Black Grey Yellow Gloss (GL264) Helmet,SMK Gullwing Tekker Black Grey Yellow Gloss (GL264) Helmet,Standard,6678013247553,6950.00,images_processed\smk\1355_1791_4e0d61a6-f356-42c4-b528-af650e96fa26.webp,
SMK,Helmets,SMK Gullwing Tekker Black Grey Yellow Matt (MA264) Helmet,SMK Gullwing Tekker Black Grey Yellow Matt (MA264) Helmet,Standard,6678012723265,6950.00,images_processed\smk\1355_1791.webp,
Steelbird,Helmets,STEELBIRD SBA 20 - 09 BT,STEELBIRD SBA 20 - 09 BT,Standard,9634425864423,4300.00,images_processed\steelbird\71lCPC1FrML._SX679.webp,
Steelbird,Helmets,SBA-8 BT GLOSSY BLACK,SBA-8 BT,GLOSSY BLACK,8907113234663,3999.00,images_processed\steelbird\663b1c300a012IMG_0148.webp,
Steelbird,Helmets,SBA-20 Painted Glossy Black,SBA-20 Painted,Glossy Black,8899761864935,1959.00,images_processed\steelbird\65813b619b68fIMG_3565.webp,
Steelbird,Helmets,SBH-17 Ignimeter [Glossy Black Red],SBH-17 Ignimeter [Glossy Black Red],Standard,8175200076007,2499.00,images_processed\steelbird\thumb_1.webp,
Steelbird,Helmets,SBA-7 ROAD MAT BLACK WITH NEON (WITH INNER SUNSHIELD),SBA-7 ROAD MAT BLACK WITH NEON (WITH INNER SUNSHIELD),Standard,8117727461607,1949.00,images_processed\steelbird\62d0030382690IMG_8693_1.webp,
Studds,Helmets,Studds Helios Revo Red Visor,Studds Helios Revo Red Visor,Standard,9612419399911,895.00,images_processed\studds\Studds_Helios_Revo_Red_Night_Vision_Visor.webp,
Studds,Helmets,Studds Helios Revo Ice Blue Visor,Studds Helios Revo Ice Blue Visor,Standard,9612419006695,895.00,images_processed\studds\rn-image_picker_lib_temp_5bf9fdd5-efad-454b-9e4e-a853fabe1c38.webp,
Studds,Helmets,STUDDS HELIOS SUPERMAN EDITION BLUE N1-BLUE,STUDDS HELIOS SUPERMAN EDITION BLUE N1,BLUE,9579999658215,3845.00,images_processed\studds\HELIOS-SUPERMAN-BLUE-N1-ISO_aa809fbb-c995-4b41-814d-402a8fa84531.webp,
Studds,Helmets,STUDDS HELIOS GUN GREY,STUDDS HELIOS GUN,GREY,9579998707943,3245.00,images_processed\studds\HELIOS-GUN-GREY-3.webp,
Studds,Helmets,STUDDS HELIOS SUPERMAN EDITION SILVER N1-BLUE,STUDDS HELIOS SUPERMAN EDITION SILVER N1,BLUE,9579989041383,3845.00,images_processed\studds\HELIOS-SUPERMAN-EDITION-SILVER-N1-ISO.webp,
Studds,Helmets,STUDDS HELIOS SUPERMAN EDITION GREY WITH METALLIC FOIL N2-RED,STUDDS HELIOS SUPERMAN EDITION GREY WITH METALLIC FOIL N2,RED,9579980194023,3845.00,images_processed\studds\HELIOS-SUPERMAN-EDITION-GREY-N2-ISO.webp,
Studds,Helmets,STUDDS HELIOS D2 CIRCUIT DECOR BLACK & N2-RED,STUDDS HELIOS D2 CIRCUIT DECOR BLACK & N2,RED,9579969118439,3445.00,images_processed\studds\HELIOS-D2-CIRCUIT-BLACK-N2_2c1b7fcd-1b56-43a2-984b-8884cabf71ef.webp,
Studds,Helmets,STUDDS HELIOS SUPERMAN EDITION BLACK & N1-BLUE,STUDDS HELIOS SUPERMAN EDITION BLACK & N1,BLUE,9579968725223,3845.00,images_processed\studds\MATT-BLACK-N1-ISO.webp,
Studds,Helmets,STUDDS HELIOS D2 CIRCUIT DECOR BLACK & CHAMELEON GREY/PINK,STUDDS HELIOS D2 CIRCUIT DECOR BLACK & CHAMELEON GREY/,PINK,9579737383143,3445.00,images_processed\studds\HELIOS-D2-CIRCUIT-BLACK-CHAMELEON-N4-BACK.webp,
Studds,Helmets,STUDDS HELIOS MATT BLACK,STUDDS HELIOS MATT,BLACK,9579732533479,3245.00,images_processed\studds\HELIOS-MATT-BLACK-3.webp,
Studds,Helmets,STUDDS HELIOS D2 CIRCUIT DECOR,STUDDS HELIOS D2 CIRCUIT DECOR,Standard,9426188009703,3300.00,images_processed\studds\HELIOS-D2-CIRCUIT-BLACK-N4-LEFT.webp,
Studds,Helmets,HELIOS D2 CIRCUIT,HELIOS D2 CIRCUIT,Standard,9424522445031,3300.00,images_processed\studds\HELIOS-D2-CIRCUIT-BLACK-N2-BACK.webp,
Studds,Helmets,HELIOS SUPERMAN EDITION,HELIOS SUPERMAN EDITION,Standard,9424513827047,3700.00,images_processed\studds\HELIOS-SUPERMAN-BLUE-N1-ISO.webp,
Studds,Helmets,STUDDS Helios Solid Gloss Black Helmet,STUDDS Helios Solid Gloss Black Helmet,Standard,9151353979111,3245.00,images_processed\studds\HELIOS-BLACK-3_7841c93a-4e88-4083-9de0-724f1a26a63d.webp,
Studds,Helmets,STUDDS THUNDER MATT BLACK WITH HELMET WALA* Helmet cleaner,STUDDS THUNDER MATT BLACK WITH HELMET WALA* Helmet cleaner,Standard,8521895182567,1755.00,images_processed\studds\MATT_BLACK1_76d42ffe-e6e5-4eea-8c19-49185924e6b9.webp,
Studds,Helmets,STUDDS THUNDER MATT BLACK,STUDDS THUNDER MATT,BLACK,8521894985959,1755.00,images_processed\studds\MATT_BLACK1.webp,
Studds,Helmets,STUDDS THUNDER GLOSSY BLACK HELMET WALA* Helmet cleaner,STUDDS THUNDER GLOSSY BLACK HELMET WALA* Helmet cleaner,Standard,8521893675239,1755.00,images_processed\studds\BLACK51_8a0364fa-106b-48fb-bd1e-6bd419379ea2.webp,
Studds,Helmets,STUDDS THUNDER GLOSSY BLACK,STUDDS THUNDER,GLOSSY BLACK,8521893576935,1755.00,images_processed\studds\BLACK51.webp,
Studds,Helmets,DRIFTER GLOSSY BLACK HELMET WALA* Helmet cleaner,DRIFTER GLOSSY BLACK HELMET WALA* Helmet cleaner,Standard,8521882468583,2350.00,images_processed\studds\51HWS5VBIkL_c0802969-d217-47db-b19e-91b0735422cc.webp,
Studds,Helmets,DRIFTER GLOSSY BLACK,DRIFTER,GLOSSY BLACK,8521882403047,2350.00,images_processed\studds\51HWS5VBIkL.webp,
Studds,Helmets,DRIFTER MATT BLACK WITH HELMET WALA* Helmet cleaner,DRIFTER MATT BLACK WITH HELMET WALA* Helmet cleaner,Standard,8521878438119,2350.00,images_processed\studds\DRIFTER-BLACK-matt-07_d7bed86d-5505-4dad-b85d-478f0cfa36d9.webp,
Studds,Helmets,DRIFTER MATT BLACK,DRIFTER MATT,BLACK,8521878110439,2350.00,images_processed\studds\DRIFTER-BLACK-matt-07.webp,
Studds,Helmets,DRIFTER D3 DECOR WITH HELMET WALA* Helmet cleaner,DRIFTER D3 DECOR WITH HELMET WALA* Helmet cleaner,Standard,8521874505959,2550.00,images_processed\studds\D3-BLACK-N5_39a1ac04-7c73-4a7b-9ca1-3e933e9e82a9.webp,
Studds,Helmets,DRIFTER D3 DECOR HELMET WALA* Helmet cleaner,DRIFTER D3 DECOR HELMET WALA* Helmet cleaner,Standard,8521869918439,2550.00,images_processed\studds\D3-BLACK-GREY-N11_fb751622-fcaf-43be-ba08-06250ecedda0.webp,
Studds,Helmets,THUNDER PISTON D10 DECOR WITH SPOILER WITH EXTRA TINTED VISOR,THUNDER PISTON D10 DECOR WITH SPOILER WITH EXTRA TINTED VISOR,Standard,8447676448999,1985.00,images_processed\studds\OFF-WHITE-N5.webp,
Studds,Helmets,DRIFTER D3 DECOR,DRIFTER D3 DECOR,Standard,8424700838119,2550.00,images_processed\studds\D3-BLACK-GREY-N2.webp,
Studds,Helmets,DRIFTER D2 DECOR,DRIFTER D2 DECOR,Standard,8296294514919,2550.00,images_processed\studds\GREY-N91.webp,
Studds,Helmets,DRIFTER D1 DECOR,DRIFTER D1 DECOR,Standard,8086727917799,2550.00,images_processed\studds\BLACK-N4.webp,
Studds,Helmets,THUNDER D9 DECOR WITH MIRROR VISOR,THUNDER D9 DECOR WITH MIRROR VISOR,Standard,8086710845671,1985.00,images_processed\studds\D9_MATT_BLACK_N5.webp,
Studds,Helmets,THUNDER D2 DECOR WITH SPOILER,THUNDER D2 DECOR WITH SPOILER,Standard,8086696460519,1985.00,images_processed\studds\D2_MATT_BLACK_N21.webp,
Studds,Helmets,THUNDER D6 DECOR WITH SPOILER,THUNDER D6 DECOR WITH SPOILER,Standard,8086428549351,1985.00,images_processed\studds\BLACK-BLUE-N1.webp,
Studds,Helmets,THUNDER D3 DECOR WITH SPOILER,THUNDER D3 DECOR WITH SPOILER,Standard,8086257664231,1985.00,images_processed\studds\BLACK-N53.webp,
Vega,Helmets,Vega Sonic Scope Full Face Helmet with Spoiler – ISI Certified Racing Helmet,Vega Sonic Scope Full Face Helmet with Spoiler – ISI Certified Racing Helmet,Standard,15259618541940,1853.00,images_processed\vega\6_03708822-8166-4ca7-9a5b-074a67242023.webp,
Vega,Helmets,Shade  Dual Visor Open Face Helmet,Shade  Dual Visor Open Face Helmet,Standard,15249231217012,1754.00,images_processed\vega\7_ed4dcf4c-cc2a-4427-856a-de03845a697a.webp,
Vega,Helmets,Vega Sniper Flip Up Helmet,Vega Sniper Flip Up Helmet,Standard,15251657523572,1502.00,images_processed\vega\3_505e0c69-2b04-4539-a7a0-cbc43bd4c5d7.webp,
Vega,Helmets,Cliff Pro Full Face Helmet With Spoiler,Cliff Pro Full Face Helmet With Spoiler,Standard,15056823812468,1250.00,images_processed\vega\BreezeTF_2.webp,
Vega,Helmets,Vega Boolean Optimus Flip-up Helmet with spoiler,Vega Boolean Optimus Flip-up Helmet with spoiler,Standard,15194649362804,2492.00,images_processed\vega\6_86aeb427-09fe-4752-ba6c-79b29da10e26.webp,
Vega,Helmets,Vega Boolean Shadow Flip up Helmet with spoiler,Vega Boolean Shadow Flip up Helmet with spoiler,Standard,15194570490228,2492.00,images_processed\vega\26_b26ddfbc-8e01-44dd-bfbb-21990f0db957.webp,
Vega,Helmets,Vega Boolean Flip up Helmet with spoiler,Vega Boolean Flip up Helmet with spoiler,Standard,15194536837492,2186.00,images_processed\vega\39_8d775896-35be-43dc-a989-08b0a84b776d.webp,
Vega,Helmets,Vega Crux Checks Dual Visor Helmet,Vega Crux Checks Dual Visor Helmet,Standard,15148695060852,2150.00,images_processed\vega\Crux-Dx-Checks-Dull-Black-Silver_5_copy_1.webp,
Vega,Helmets,Cruiser W/P Helmet,Cruiser W/P Helmet,Standard,14915783983476,1259.00,images_processed\vega\CruiserW-PAnthracite2.webp,
Vega,Helmets,Vega Bolt Classy Helmet With Spoiler,Vega Bolt Classy Helmet With Spoiler,Standard,15138171748724,2402.00,images_processed\vega\225_e0f931aa-03d0-4aa2-a492-893bad8c7fbb.webp,
Vega,Helmets,Crux Texture Finish Flip up Helmet,Crux Texture Finish Flip up Helmet,Standard,14915303014772,1655.00,images_processed\vega\IMG_1752.webp,
Vega,Helmets,Buds Junior Ants Open Face Helmet,Buds Junior Ants Open Face Helmet,Standard,15117828948340,1484.00,images_processed\vega\1_d078b75f-af7f-40b2-9ba5-92b50b5a01f5.webp,
Vega,Helmets,Buds Junior Ducklings Open Face Helmet,Buds Junior Ducklings Open Face Helmet,Standard,15117889208692,1484.00,images_processed\vega\435_60a24ee3-3799-49a4-beac-68885e3abb46.webp,
Vega,Helmets,Bolt Elves Helmet,Bolt Elves Helmet,Standard,15099198833012,2402.00,images_processed\vega\1_a2244578-995e-435c-83eb-6b5615438449.webp,
Vega,Helmets,Arrow Runner Dual Visor Helmet With Spoiler,Arrow Runner Dual Visor Helmet With Spoiler,Standard,15081053159796,3482.00,images_processed\vega\ARROW_RUNNER_BLACK_RED_3.webp,
Vega,Helmets,Arrow Dual Visor Helmet With Spoiler,Arrow Dual Visor Helmet With Spoiler,Standard,15079866335604,3194.00,images_processed\vega\ARROW_BLACK_SILVER_1500X1500_3.webp,
Vega,Helmets,Chap Lollipop Helmet,Chap Lollipop Helmet,Standard,15089112023412,1097.00,images_processed\vega\2_b9dd9356-259c-4816-9049-886a60242cc6.webp,
Vega,Helmets,Buds Junior OF Avenger Helmet,Buds Junior OF Avenger Helmet,Standard,15089023123828,1619.00,images_processed\vega\BUDSMARVELAVENGERS1500X15002.webp,
Vega,Helmets,Punch DV Trend Helmet,Punch DV Trend Helmet,Standard,15080944664948,1682.00,images_processed\vega\TRENDBLACKRED1500x15002.webp,
Vega,Helmets,Punch DV Diamond Helmet,Punch DV Diamond Helmet,Standard,15080915403124,1682.00,images_processed\vega\DIAMOND_BLACK_RED_1500x1500_2.webp,
Vega,Helmets,Junior Buds OF Spider Man Helmet,Junior Buds OF Spider Man Helmet,Standard,15087949250932,1619.00,images_processed\vega\BUDSMARVELSPIDERMANRED1500X15005_4.webp,
Vega,Helmets,Chap Solid Color Helmet,Chap Solid Color Helmet,Standard,14926862319988,998.00,images_processed\vega\Chap_Shark_red_new_inserts_1500x1500_02.webp,
Vega,Helmets,Chap Shark Helmet,Chap Shark Helmet,Standard,14926860583284,1097.00,images_processed\vega\ChapSharknewinserts1500x150002.webp,
Vega,Helmets,Chap Pony Helmet,Chap Pony Helmet,Standard,14926859567476,1097.00,images_processed\vega\ChapPonynewinserts1500x150002.webp,
Vega,Helmets,Vega Jet-Born To Ride W/Visor Helmet,Vega Jet-Born To Ride W/Visor Helmet,Standard,15056242049396,1538.00,images_processed\vega\BORN_TO_RIDE_BLACK_RED_1500x1500_02_72679d7f-ff3c-4197-80fc-e353860ba8ff.webp,
Vega,Helmets,Flutter DV Helmet,Flutter DV Helmet,Standard,15047650476404,2357.00,images_processed\vega\PURPLE_2.webp,
Vega,Helmets,Ranger Texture Finish Helmet,Ranger Texture Finish Helmet,Standard,14915713139060,1196.00,images_processed\vega\Black_2_fdad87bd-eef1-4302-bb1e-5369175e67a2.webp,
Vega,Helmets,Orion Solid Colors Helmet,Orion Solid Colors Helmet,Standard,15021591298420,1205.00,images_processed\vega\Pink_2_41033286-eb3f-4f1b-bf3f-c4ba73b343da.webp,
Vega,Helmets,Sonic Solid Colors Full Face Helmet With Spoiler,Sonic Solid Colors Full Face Helmet With Spoiler,Standard,14913490157940,1646.00,images_processed\vega\SONIC_SOLID_BLACK.webp,
Vega,Helmets,Junior Buds OF Helmet,Junior Buds OF Helmet,Standard,14927142224244,1205.00,images_processed\vega\Red_2_7ffbcf72-75ef-4c53-973f-7ed59a3f9d34.webp,
Vega,Helmets,Jet Marvel Comics Edition Helmet,Jet Marvel Comics Edition Helmet,Standard,14948973445492,1804.00,images_processed\vega\470_aabd91da-3f85-4842-9ebf-7f6dcf1cece3.webp,
Vega,Helmets,Edge Texture Finish Helmet,Edge Texture Finish Helmet,Standard,14918170837364,1133.00,images_processed\vega\Edge-Black2.webp,
Vega,Helmets,Zap Dual Visor Alliance Full Face Helmet With Spoiler,Zap Dual Visor Alliance Full Face Helmet With Spoiler,Standard,14929092870516,2843.00,images_processed\vega\130_311a4be3-294a-4f58-aee4-9554c13b3602.webp,
Vega,Helmets,Turbo Solid Colors Helmet With Spoiler,Turbo Solid Colors Helmet With Spoiler,Standard,14915747119476,1790.00,images_processed\vega\Turbo_Black_Png_5.webp,
Vega,Helmets,Junior Buds Helmet,Junior Buds Helmet,Standard,14926811267444,1205.00,images_processed\vega\budsblack2.webp,
Vega,Helmets,Cliff Helmet,Cliff Helmet,Standard,14924890243444,1097.00,images_processed\vega\CliffBlack2.webp,
Vega,Helmets,Vega Voyager Dragoa Helmet With Spoiler,Vega Voyager Dragoa Helmet With Spoiler,Standard,14919275905396,1646.00,images_processed\vega\Dragoa_Black_Blue.webp,
Vega,Helmets,Bolt Army Full Face Helmet,Bolt Army Full Face Helmet,Standard,14919287570804,2402.00,images_processed\vega\40.webp,
Vega,Helmets,Vega Voyager Killer Full Face Helmet With Spoiler,Vega Voyager Killer Full Face Helmet With Spoiler,Standard,14919271481716,1646.00,images_processed\vega\Black_Neon_Yellow_5.webp,
Vega,Helmets,Voyager Solid Colors Helmet,Voyager Solid Colors Helmet,Standard,14919266337140,1447.00,images_processed\vega\Black_5_8eec9a4c-9597-46e4-b464-11bf493efd54.webp,
Vega,Helmets,Lark Twist Helmet,Lark Twist Helmet,Standard,14917253529972,1637.00,images_processed\vega\BlackM.Blue2.webp,
Vega,Helmets,Lark Victor Helmet,Lark Victor Helmet,Standard,14917250941300,1637.00,images_processed\vega\VCTKNY2.webp,
Vega,Helmets,Lark Legend Helmet,Lark Legend Helmet,Standard,14917202542964,1637.00,images_processed\vega\Lark-Legend-Black-M-Blue2.webp,
Vega,Helmets,Jet DC Wonder Woman Helmet,Jet DC Wonder Woman Helmet,Standard,14917201232244,1784.00,images_processed\vega\Wonder_Dull_Woman_2.webp,
Vega,Helmets,Jet With Peak Urban Helmet,Jet With Peak Urban Helmet,Standard,14917198545268,1196.00,images_processed\vega\BLACKBLUE2_bdf5a6b9-4148-452a-a9e6-df863d3bd0c0.webp,
Vega,Helmets,Jet With Peak Captain Helmet,Jet With Peak Captain Helmet,Standard,14917198414196,1196.00,images_processed\vega\JETCaptain2.webp,
Vega,Helmets,Jet With Peak Helmet,Jet With Peak Helmet,Standard,14917184225652,998.00,images_processed\vega\JetBlack2.webp,
Vega,Helmets,Jet Old School With Visor Helmet,Jet Old School With Visor Helmet,Standard,14917130781044,1538.00,images_processed\vega\JetOldSchoolBlackMBlue2.webp,
Vega,Helmets,Jet Marvel Black Panther Edition Helmet,Jet Marvel Black Panther Edition Helmet,Standard,14917130584436,1804.00,images_processed\vega\Black_Panther_2.webp,
Vega,Helmets,Jet Marvel Captain America Edition Helmet,Jet Marvel Captain America Edition Helmet,Standard,14917127766388,1804.00,images_processed\vega\CaptainAmerica2.webp,
Vega,Helmets,JET Captain W/Visor Helmet,JET Captain W/Visor Helmet,Standard,14917122687348,1538.00,images_processed\vega\JETCaptainDullRedMetallic2.webp,
Vega,Helmets,Jet 777 W/Visor Helmet,Jet 777 W/Visor Helmet,Standard,14917114626420,1538.00,images_processed\vega\Jet777WhiteRed.webp,
Vega,Helmets,JET With Visor Helmet,JET With Visor Helmet,Standard,14917111021940,1430.00,images_processed\vega\JetAnthracite2.webp,
Vega,Helmets,Aster Helmet,Aster Helmet,Standard,14917106565492,1097.00,images_processed\vega\20_3419ba56-77fe-409d-8bae-b6d3b026b913.webp,
Vega,Helmets,Treo Dual Visor Texture Finish Helmet,Treo Dual Visor Texture Finish Helmet,Standard,14919158628724,1550.00,images_processed\vega\BLACK2copy.webp,
Vega,Helmets,Jet Star With Visor Helmet,Jet Star With Visor Helmet,Standard,14917200544116,1538.00,images_processed\vega\JetStarBlackSilver2.webp,
Vega,Helmets,EVO Texture Finish Helmet,EVO Texture Finish Helmet,Standard,14919147880820,998.00,images_processed\vega\BLACK2_ac57a9aa-a373-4f6a-81e9-4e16c7accb52.webp,
Vega,Helmets,Rapid DV Mandy Monkey Helmet with Spoiler and extra Smoke visor,Rapid DV Mandy Monkey Helmet with Spoiler and extra Smoke visor,Standard,14919030571380,2950.00,images_processed\vega\171.webp,
Vega,Helmets,Rapid DV Drack Helmet with Spoiler and extra Smoke visor,Rapid DV Drack Helmet with Spoiler and extra Smoke visor,Standard,14919022707060,2950.00,images_processed\vega\176.webp,
Vega,Helmets,Rapid DV Solid Colors Helmet with Spoiler and extra Smoke visor,Rapid DV Solid Colors Helmet with Spoiler and extra Smoke visor,Standard,14919015170420,2700.00,images_processed\vega\161.webp,
Vega,Helmets,Rapid DV Flash Helmet with Spoiler and extra Smoke visor,Rapid DV Flash Helmet with Spoiler and extra Smoke visor,Standard,14919006781812,2950.00,images_processed\vega\186.webp,
Vega,Helmets,Lark Helmet,Lark Helmet,Standard,14917211095412,1430.00,images_processed\vega\Lark_Black_2.webp,
Vega,Helmets,Lark Marvel Spiderman Edition Helmet,Lark Marvel Spiderman Edition Helmet,Standard,14917257822580,1720.00,images_processed\vega\LarkSpiderman1500x15002Png.webp,
Vega,Helmets,Lark Roadies Ride Hard Helmet,Lark Roadies Ride Hard Helmet,Standard,14917258903924,1637.00,images_processed\vega\LarkRoadiesBattelGreen1500x1500Png2.webp,
Vega,Helmets,Off Road D/V Helmet,Off Road D/V Helmet,Standard,14917813338484,1871.00,images_processed\vega\Black_2_71934998-2257-46cb-bc65-4554bfe82b18.webp,
Vega,Helmets,Off Road DV Sketch Helmet,Off Road DV Sketch Helmet,Standard,14917814747508,2114.00,images_processed\vega\SketchKS1.webp,
Vega,Helmets,Off Road D/V Secret Helmet,Off Road D/V Secret Helmet,Standard,14917815665012,2114.00,images_processed\vega\AnthraciteBlackRainbow2.webp,
Vega,Helmets,Off Road D/V Gangster Helmet,Off Road D/V Gangster Helmet,Standard,14917816189300,2114.00,images_processed\vega\ORGNGDKMB2_4e08bdb2-7307-41e0-8241-31e00a7b1921.webp,
Vega,Helmets,Off Road DV Thunder Helmet,Off Road DV Thunder Helmet,Standard,14917819072884,2114.00,images_processed\vega\Black_Red_2_7fdd5214-7d0e-48d4-8e83-e86680a621fc.webp,
Vega,Helmets,Off Road DV Motocross Helmet,Off Road DV Motocross Helmet,Standard,14917821006196,2114.00,images_processed\vega\OffroadMotocrossDvBlackRed_2.webp,
Vega,Helmets,Off Road DV Race 3 Helmet,Off Road DV Race 3 Helmet,Standard,14917822480756,2114.00,images_processed\vega\OffroadRace3OrangeBlack_2.webp,
Vega,Helmets,Edge US Army Helmet,Edge US Army Helmet,Standard,14918201639284,1430.00,images_processed\vega\BlackRed_2_3bfd9292-e56e-411a-b737-1a27736b513d.webp,
Vega,Helmets,Off Road D/V Camo Helmet,Off Road D/V Camo Helmet,Standard,14917822972276,2114.00,images_processed\vega\OffroadRoadCamoDullBlackOrange2.webp,
Vega,Helmets,Edge Grain Helmet,Edge Grain Helmet,Standard,14918196330868,1430.00,images_processed\vega\RedAnthracite_2.webp,
Vega,Helmets,Edge Passion Helmet,Edge Passion Helmet,Standard,14918185517428,1430.00,images_processed\vega\BlackBlue_2_f1700ac5-dc09-4362-9de1-517822e5338d.webp,
Vega,Helmets,Edge Solid Colors Helmet,Edge Solid Colors Helmet,Standard,14918171099508,1250.00,images_processed\vega\2_e0656951-50a9-4f44-967c-bb6fb5921c71.webp,
Vega,Helmets,Aster Dx Helmet,Aster Dx Helmet,Standard,14917107319156,1196.00,images_processed\vega\32_780fdeb1-17f4-47b6-9122-7fda18dd1c00.webp,
Vega,Helmets,Ryker D/V Bolder Helmet,Ryker D/V Bolder Helmet,Standard,14916427612532,2087.00,images_processed\vega\Ryker_Bolder_KR_1500_x_1500_3.webp,
Vega,Helmets,Bolt Ninja Full Face Helmet,Bolt Ninja Full Face Helmet,Standard,14887601373556,2402.00,images_processed\vega\207_503898df-ab58-4a36-bc47-4b379572cd5b.webp,
Vega,Helmets,Ryker DV Helmet,Ryker DV Helmet,Standard,14916426465652,1790.00,images_processed\vega\Ryker_Bolder_K_1500_x_1500_3.webp,
Vega,Helmets,Crux Dx Victor Helmet,Crux Dx Victor Helmet,Standard,14915420258676,1862.00,images_processed\vega\Victorblue5.webp,
Vega,Helmets,SPIKE DV TIMELESS HELMET,SPIKE DV TIMELESS HELMET,Standard,14915440509300,2150.00,images_processed\vega\SPIKE_DV_TIMELESS_RED_BLACK_WEB-3.webp,
Vega,Helmets,SPIKE DV HELMET,SPIKE DV HELMET,Standard,14915442377076,1952.00,images_processed\vega\SPIKEDVATHENAGREYWEB-3.webp,
Vega,Helmets,Vega Blaze Open Face Helmet,Vega Blaze Open Face Helmet,Standard,14915447980404,1196.00,images_processed\vega\blaze-2.webp,
Vega,Helmets,Blaze Dx Helmet,Blaze Dx Helmet,Standard,14915448865140,1304.00,images_processed\vega\Blaze_Dx_Black_2.webp,
Vega,Helmets,Crux Dx Checks Helmet,Crux Dx Checks Helmet,Standard,14915415015796,1862.00,images_processed\vega\crux-dx-checker-black-red_5.webp,
Vega,Helmets,Crux Dx Helmet,Crux Dx Helmet,Standard,14915321299316,1646.00,images_processed\vega\crux-dx-white_5_084fbff7-6629-4b4e-b06b-8ae4f6f253da.webp,
Vega,Helmets,Crux Dual Visor Helmet,Crux Dual Visor Helmet,Standard,14915310158196,1853.00,images_processed\vega\TextureBlack_5.webp,
Vega,Helmets,Crux Open Face Helmet,Crux Open Face Helmet,Standard,14915425468788,1097.00,images_processed\vega\BLACK2.webp,
Vega,Helmets,Dirt-X Trial  Helmet,Dirt-X Trial  Helmet,Standard,14915790963060,3158.00,images_processed\vega\212.webp,
Vega,Helmets,Dirt-X Challenge Helmet,Dirt-X Challenge Helmet,Standard,14915789095284,3158.00,images_processed\vega\234.webp,
Vega,Helmets,Dirt-X Aircraft Helmet,Dirt-X Aircraft Helmet,Standard,14915787850100,3158.00,images_processed\vega\202-Copy.webp,
Vega,Helmets,Dirt-X Solid Colors Helmet,Dirt-X Solid Colors Helmet,Standard,14915786998132,2897.00,images_processed\vega\229.webp,
Vega,Helmets,Turbo Squad Helmet,Turbo Squad Helmet,Standard,14915748364660,1970.00,images_processed\vega\TURBO_SQUAD_BLACK_ORANGE_PNG_5.webp,
Vega,Helmets,Turbo Flex Helmet With Spoiler,Turbo Flex Helmet With Spoiler,Standard,14915764715892,1970.00,images_processed\vega\TURBO_FLEX_BLACK_GREY_3.webp,
Vega,Helmets,Punch DV Solid Colors Helmet,Punch DV Solid Colors Helmet,Standard,14915774087540,1493.00,images_processed\vega\PUNCHATHENAWEB-2.webp,
Vega,Helmets,Clark Solid Colors Helmet,Clark Solid Colors Helmet,Standard,14915769631092,1295.00,images_processed\vega\ClarkAthenaGreyWeb-2.webp,
Vega,Helmets,Ranger Crew Helmet,Ranger Crew Helmet,Standard,14915744170356,1447.00,images_processed\vega\Range_Crew_Black_Red_3.webp,
Vega,Helmets,Ranger Revenge Helmet,Ranger Revenge Helmet,Standard,14915743514996,1447.00,images_processed\vega\RangeRevengeBlackRed_3.webp,
Vega,Helmets,Ranger Solid Colors Helmet,Ranger Solid Colors Helmet,Standard,14915714449780,1295.00,images_processed\vega\Black1_ce101f6e-df1c-4e97-8803-2e080591746c.webp,
Vega,Helmets,Verve Helmet,Verve Helmet,Standard,14915484647796,1430.00,images_processed\vega\Dull_Red_1500_x_1500_2_png.webp,
Vega,Helmets,Atom Helmet,Atom Helmet,Standard,14916223533428,1097.00,images_processed\vega\AtomBlack1500x1500-2.webp,
Vega,Helmets,Crux Dx Flex Helmet,Crux Dx Flex Helmet,Standard,14915416457588,1862.00,images_processed\vega\Flex_KR_5.webp,
Vega,Helmets,Bolt Bunny Full-Face Helmet,Bolt Bunny Full-Face Helmet,Standard,14912173474164,2402.00,images_processed\vega\216_55f80b21-19c7-46b7-b1fb-05e2e4ee60fe.webp,
Vega,Helmets,Bolt Superhero Full-Face Helmet,Bolt Superhero Full-Face Helmet,Standard,14912162398580,2402.00,images_processed\vega\171_7c0f51d1-9e0a-4f10-b90e-a6585467b0de.webp,
Vega,Helmets,Bolt Crown Men Full-Face Helmet,Bolt Crown Men Full-Face Helmet,Standard,14913151598964,2402.00,images_processed\vega\69_1a08782b-4a21-4196-8fa7-7462efc5b7b1.webp,
Vega,Helmets,Zap Dual Visor Medusa Full Face Helmet With Spoiler,Zap Dual Visor Medusa Full Face Helmet With Spoiler,Standard,14913466761588,2843.00,images_processed\vega\ZAP_MEDUSA_BLACK_GREY.webp,
Vega,Helmets,Zap DV Dude Helmet,Zap DV Dude Helmet,Standard,14913465352564,2843.00,images_processed\vega\ZAP_DUDE_BLACK_RED.webp,
Vega,Helmets,Zap DV Explore Helmet,Zap DV Explore Helmet,Standard,14913461584244,2843.00,images_processed\vega\ZAP_EXPLORE_BLACK_RED.webp,
Vega,Helmets,Zap DV Volt Helmet,Zap DV Volt Helmet,Standard,14913450377588,2843.00,images_processed\vega\ZAP_VOLT_BLACK_BLUE.webp,
Vega,Helmets,ZAP DV Solid Colors Full-Face Helmet,ZAP DV Solid Colors Full-Face Helmet,Standard,14913448116596,2546.00,images_processed\vega\ZAP_SOLID_BLACK.webp,
Vega,Helmets,Bolt Bull Full Face Helmet,Bolt Bull Full Face Helmet,Standard,14913442644340,2402.00,images_processed\vega\31_491d01e5-aac9-40be-95ca-7078c1ecbfab.webp,
Vega,Helmets,Bolt Bluetooth Smart Helmet With Spoiler Powered by Altor,Bolt Bluetooth Smart Helmet With Spoiler Powered by Altor,Standard,14913440219508,3671.00,images_processed\vega\182_c30169fc-87e1-49cb-88e7-bc517b20ab2f.webp,
Vega,Helmets,Bolt Roadies Grit & Glory Full Face Helmet with Spoiler,Bolt Roadies Grit & Glory Full Face Helmet with Spoiler,Standard,14913437565300,1997.00,images_processed\vega\ROADIES_GRIT_AND_GLORY_BLACK_RED.webp,
Vega,Helmets,Bolt Roadies Freedom Fleet Full Face Helmet With Spoiler,Bolt Roadies Freedom Fleet Full Face Helmet With Spoiler,Standard,14913437401460,1997.00,images_processed\vega\ROADIES_FREEDOM_ATHENA_GREY_GOLD.webp,
Vega,Helmets,Bolt Dual Tone Full Face Helmet With Spoiler,Bolt Dual Tone Full Face Helmet With Spoiler,Standard,14913432224116,2097.00,images_processed\vega\63.webp,
Vega,Helmets,Swift DV Solid Colors Helmet,Swift DV Solid Colors Helmet,Standard,14913511883124,1700.00,images_processed\vega\SWIFTPINKPNG1500x15002.webp,
Vega,Helmets,Sonic Shadow full face Helmet with Spoiler,Sonic Shadow full face Helmet with Spoiler,Standard,14913503494516,1853.00,images_processed\vega\SONIC_SHADOW_BLACK_RED.webp,
Vega,Helmets,Sonic Trigger Full Face Helmet With Spoiler,Sonic Trigger Full Face Helmet With Spoiler,Standard,14913498972532,1853.00,images_processed\vega\SONIC_TRIGGER_BLUE.webp,
Vega,Helmets,Sonic Legend  Full Face Helmet With Spoiler,Sonic Legend  Full Face Helmet With Spoiler,Standard,14913495564660,1853.00,images_processed\vega\SONIC_LEGEND_BLACK_NEON_YELLOW.webp,
Vega,Helmets,Sonic Saw Full Face Helmet With Spoiler,Sonic Saw Full Face Helmet With Spoiler,Standard,14913491239284,1853.00,images_processed\vega\SONIC_SAW_DULL_BLACK_BLUE.webp,
Vega,Helmets,Zap Dual Visor  Marvel  Iron Man Helmet,Zap Dual Visor  Marvel  Iron Man Helmet,Standard,14913468072308,3549.00,images_processed\vega\ZAP_IRON_MAN.webp,
Vega,Helmets,Bolt Full Face Riding Helmet,Bolt Full Face Riding Helmet,Standard,14913469481332,2150.00,images_processed\vega\12_-_Copy.webp,
Vega,Helmets,Bolt Tron Full Face Helmet,Bolt Tron Full Face Helmet,Standard,14913441300852,2402.00,images_processed\vega\BOLTTRONBLACKNEONYELLOWWEB-3.webp,
Vega,Helmets,Bolt Marvel Captain America Edition Full Face Helmet With Spoiler,Bolt Marvel Captain America Edition Full Face Helmet With Spoiler,Standard,14913435730292,3161.00,images_processed\vega\CAPTAIN_AMERICA_BLUE_RED_WHITE.webp,
Vega,Helmets,Bolt Wild Men Full Face Riding Helmet With Spoiler,Bolt Wild Men Full Face Riding Helmet With Spoiler,Standard,14913421967732,2402.00,images_processed\vega\BOLT_WILD_BLACK_GREEN.webp,
Vega,Helmets,Bolt SpeedX Full-Face Helmet,Bolt SpeedX Full-Face Helmet,Standard,14911529779572,2402.00,images_processed\vega\186_56ac2053-672b-4248-a499-9e31ae227518.webp,
Vega,Helmets,Bolt Marvel Black Panther Official Licensed Full Face Helmet With Spoiler,Bolt Marvel Black Panther Official Licensed Full Face Helmet With Spoiler,Standard,14913417281908,3161.00,images_processed\vega\69000-00000-P_1_8046b057-5f00-4f89-af2c-9944f821753d.webp,
100%,Gloves,RIDEFIT Gloves Electric Blue,RIDEFIT Gloves,Electric Blue,7736210456663,39.95,images_processed\100%\FA26_GLOVE_RIDEFIT_0046-10031.webp,
100%,Gloves,RIDEFIT Gloves Grey/Black,RIDEFIT Gloves Grey/,Black,7736210227287,39.95,images_processed\100%\FA26_GLOVE_RIDEFIT_0046-10046.webp,
100%,Gloves,RIDEFIT Gloves White/Red/Black,RIDEFIT Gloves White/Red/,Black,7736209932375,39.95,images_processed\100%\FA26_GLOVE_RIDEFIT_0046-10041.webp,
100%,Gloves,AIRMATIC 2 Gloves Forest Green,AIRMATIC 2 Gloves,Forest Green,7736210653271,49.95,images_processed\100%\FA26_GLOVE_AIRMATIC_2_10041-10036.webp,
100%,Gloves,ITRACK Gloves Green,ITRACK Gloves,Green,7736210620503,34.95,images_processed\100%\FA26_GLOVE_ITRACK_10044-10025.webp,
100%,Gloves,ITRACK Gloves Navy,ITRACK Gloves Navy,Standard,7736210587735,34.95,images_processed\100%\FA26_GLOVE_ITRACK_10044-10030.webp,
100%,Gloves,ITRACK Gloves Red/White,ITRACK Gloves Red/,White,7736210554967,34.95,images_processed\100%\FA26_GLOVE_ITRACK_10044-10035.webp,
100%,Gloves,RIDECAMP Womens Gloves Lavender,RIDECAMP Womens Gloves Lavender,Standard,7736210948183,29.95,images_processed\100%\FA26_GLOVE_RIDECAMP_10013-10025.webp,
100%,Gloves,RIDECAMP Womens Gloves Grey,RIDECAMP Womens Gloves,Grey,7736210784343,29.95,images_processed\100%\FA26_GLOVE_RIDECAMP_10013-10030.webp,
100%,Gloves,SLING MX Gloves White,SLING MX Gloves,White,7736210751575,44.95,images_processed\100%\FA26_GLOVE_SLING_10023-10020.webp,
100%,Gloves,AIRMATIC 2 Gloves White/Orange,AIRMATIC 2 Gloves White/,Orange,7736210686039,49.95,images_processed\100%\FA26_GLOVE_AIRMATIC_2_10041-10031.webp,
100%,Gloves,RIDECAMP Gloves Grey,RIDECAMP Gloves,Grey,7736211144791,29.95,images_processed\100%\FA26_GLOVE_RIDECAMP_10011-10045.webp,
100%,Gloves,RIDECAMP YOUTH Gloves Black/Charcoal,RIDECAMP YOUTH Gloves Black/Charcoal,Standard,7736211079255,29.95,images_processed\100%\FA26_GLOVE_RIDECAMP_10011-10025.webp,
100%,Gloves,RIDECAMP YOUTH Gloves Red,RIDECAMP YOUTH Gloves,Red,7736211046487,29.95,images_processed\100%\FA26_GLOVE_RIDECAMP_10011-10035.webp,
100%,Gloves,RIDECAMP Womens Gloves Black,RIDECAMP Womens Gloves,Black,7736211013719,29.95,images_processed\100%\FA26_GLOVE_RIDECAMP_10013-10020.webp,
100%,Gloves,RIDECAMP Gloves Black,RIDECAMP Gloves,Black,7736211406935,29.95,images_processed\100%\FA26_GLOVE_RIDECAMP_10011-10025.webp,
100%,Gloves,RIDECAMP Gloves Fluo Yellow,RIDECAMP Gloves Fluo,Yellow,7736211374167,29.95,images_processed\100%\FA26_GLOVE_RIDECAMP_10011-10030.webp,
100%,Gloves,RIDECAMP Gloves Red,RIDECAMP Gloves,Red,7736211341399,29.95,images_processed\100%\FA26_GLOVE_RIDECAMP_10011-10035.webp,
100%,Gloves,RIDECAMP Gloves Blue,RIDECAMP Gloves,Blue,7736211177559,29.95,images_processed\100%\FA26_GLOVE_RIDECAMP_10011-10040.webp,
100%,Gloves,RIDEFIT Gloves Fluo Orange Moto,RIDEFIT Gloves Fluo Orange Moto,Standard,6777100501079,23.97,images_processed\100%\Z-10010-00005_1.webp,
100%,Gloves,BRISKER Gloves Red,BRISKER Gloves,Red,6629646565463,23.97,images_processed\100%\Z-10016-003_1.webp,
100%,Gloves,ITRACK Gloves Camo,ITRACK Gloves,Camo,7487475646551,34.95,images_processed\100%\FA25_GLOVE_ITRACK_10044-00017-006_20_281_29.webp,
100%,Gloves,ITRACK Gloves Black,ITRACK Gloves,Black,7487457624151,34.95,images_processed\100%\FA25_GLOVE_ITRACK_10044-00001-007.webp,
100%,Gloves,AIRMATIC 2 Gloves Orange,AIRMATIC 2 Gloves,Orange,7487453364311,49.95,images_processed\100%\FA25_GLOVE_AIRMATIC_10041-00021-077.webp,
100%,Gloves,LANGDALE Gloves Black/Tan,LANGDALE Gloves Black/Tan,Standard,7487446712407,49.95,images_processed\100%\FA25_GLOVE_LANGDALE_10029-00011-022.webp,
100%,Gloves,ITRACK Gloves Red,ITRACK Gloves,Red,7487442452567,34.95,images_processed\100%\FA25_GLOVE_ITRACK_10044-00009-010.webp,
100%,Gloves,RIDEFIT Gloves Fluo Yellow,RIDEFIT Gloves Fluo,Yellow,7487441993815,39.95,images_processed\100%\FA25_GLOVE_RIDEFIT_10046-00006-003.webp,
100%,Gloves,ITRACK Gloves Blue/White,ITRACK Gloves Blue/,White,7487435898967,34.95,images_processed\100%\FA25_GLOVE_ITRACK_10044-00013-007_20_281_29.webp,
100%,Gloves,RIDEFIT Gloves Blue,RIDEFIT Gloves,Blue,7487435767895,39.95,images_processed\100%\FA25_GLOVE_RIDEFIT_10046-00016-129_20_281_29.webp,
100%,Gloves,AIRMATIC 2 Gloves Blue,AIRMATIC 2 Gloves,Blue,7487401721943,49.95,images_processed\100%\FA25_GLOVE_AIRMATIC_10041-00016-075.webp,
100%,Gloves,LANGDALE Gloves Blue,LANGDALE Gloves,Blue,7487396184151,49.95,images_processed\100%\FA25_GLOVE_LANGDALE_10029-00016-023_20_281_29.webp,
100%,Gloves,AIRMATIC 2 Gloves Fluo Yellow,AIRMATIC 2 Gloves Fluo,Yellow,7487388155991,49.95,images_processed\100%\FA25_GLOVE_AIRMATIC_10041-00006-032_20_281_29.webp,
100%,Gloves,RIDEFIT Gloves White/Red,RIDEFIT Gloves White/,Red,7487384191063,39.95,images_processed\100%\FA25_GLOVE_RIDEFIT_10046-00011-101.webp,
100%,Gloves,AIRMATIC 2 Gloves Red/Black,AIRMATIC 2 Gloves Red/,Black,7486930681943,49.95,images_processed\100%\FA25_GLOVE_AIRMATIC_10041-00011-057_20_281_29.webp,
100%,Gloves,AIRMATIC 2 Gloves Black,AIRMATIC 2 Gloves,Black,7486896046167,49.95,images_processed\100%\FA25_GLOVE_AIRMATIC_10041-00001-134_20_281_29.webp,
100%,Gloves,ITRACK Gloves Red/White/Blue,ITRACK Gloves Red/White/,Blue,7487477612631,34.95,images_processed\100%\FA25_GLOVE_ITRACK_10044-00021-021.webp,
100%,Gloves,AIRMATIC 2 Gloves Red/White/Blue,AIRMATIC 2 Gloves Red/White/,Blue,7487477645399,49.95,images_processed\100%\FA25_GLOVE_AIRMATIC_10041-00026-009.webp,
100%,Gloves,ITRACK Gloves Black/Fluo Yellow,ITRACK Gloves Black/Fluo,Yellow,7487480201303,34.95,images_processed\100%\FA25_GLOVE_ITRACK_10044-00005-002.webp,
100%,Gloves,ITRACK YOUTH Gloves Black/Fluo Yellow,ITRACK YOUTH Gloves Black/Fluo,Yellow,7511872471127,29.95,images_processed\100%\FA25_GLOVE_ITRACK_10044-00005-002.webp,
100%,Gloves,ITRACK YOUTH Gloves Black,ITRACK YOUTH Gloves,Black,7511877779543,29.95,images_processed\100%\FA25_GLOVE_ITRACK_10044-00001-007.webp,
100%,Gloves,AIRMATIC 2 YOUTH Gloves Black,AIRMATIC 2 YOUTH Gloves,Black,7511893114967,42.95,images_processed\100%\FA25_GLOVE_AIRMATIC_10041-00001-134_20_281_29.webp,
100%,Gloves,ITRACK YOUTH Gloves Red,ITRACK YOUTH Gloves,Red,7511913988183,29.95,images_processed\100%\FA25_GLOVE_ITRACK_10044-00009-010.webp,
100%,Gloves,AIRMATIC 2 YOUTH Gloves Red/Black,AIRMATIC 2 YOUTH Gloves Red/,Black,7511915298903,42.95,images_processed\100%\FA25_GLOVE_AIRMATIC_10041-00011-057_20_281_29.webp,
100%,Gloves,AIRMATIC 2 YOUTH Gloves Fluo Yellow,AIRMATIC 2 YOUTH Gloves Fluo,Yellow,7511930962007,42.95,images_processed\100%\FA25_GLOVE_AIRMATIC_10041-00006-032_20_281_29.webp,
100%,Gloves,RIDEFIT Gloves Fluo Yellow/Black,RIDEFIT Gloves Fluo Yellow/,Black,7487475581015,39.95,images_processed\100%\FA25_GLOVE_RIDEFIT_10046-00026-005.webp,
100%,Gloves,RIDEFIT Gloves Red,RIDEFIT Gloves,Red,7487488491607,39.95,images_processed\100%\FA25_GLOVE_RIDEFIT_10046-00021-116.webp,
100%,Gloves,RIDEFIT Gloves Black,RIDEFIT Gloves,Black,7487488524375,39.95,images_processed\100%\FA25_GLOVE_RIDEFIT_10046-00001-009.webp,
100%,Gloves,BRISKER YOUTH Glove - Black/Black,BRISKER YOUTH Glove - Black/,Black,6997921923159,23.97,images_processed\100%\Z-10016-057_1.webp,
100%,Gloves,BRISKER Women's Glove - Neon Pink/Black,BRISKER Women's Glove - Neon Pink/,Black,2287840231482,34.50,images_processed\100%\Z-11016-263_1.webp,
100%,Gloves,CELIUM Gloves Grey MTB,CELIUM Gloves Grey MTB,Standard,6748095807575,17.70,images_processed\100%\Z-10007-00005_1.webp,
100%,Gloves,LANGDALE Gloves Red/White/Blue,LANGDALE Gloves Red/White/,Blue,6910502830167,49.95,images_processed\100%\FA23_GLOVE_LANGDALE_10029-00006.webp,
100%,Gloves,LANGDALE Gloves Black,LANGDALE Gloves,Black,6910502764631,49.95,images_processed\100%\FA23_GLOVE_LANGDALE_10029-00001.webp,
100%,Gloves,SLING Gloves Navy MTB,SLING Gloves Navy MTB,Standard,6748096594007,26.97,images_processed\100%\Z-10019-00010_1.webp,
100%,Gloves,SLING Bike Short Finger Gloves Navy,SLING Bike Short Finger Gloves Navy,Standard,6777075040343,26.97,images_processed\100%\Z-10021-00010_1.webp,
100%,Gloves,SLING Bike Short Finger Gloves Black,SLING Bike Short Finger Gloves,Black,6777074942039,26.97,images_processed\100%\Z-10021-00000_1.webp,
100%,Gloves,RIDEFIT Gloves Black/White,RIDEFIT Gloves Black/,White,6777100402775,23.97,images_processed\100%\Z-10010-00000_1.webp,
100%,Gloves,RIDECAMP Gloves Navy/Slate,RIDECAMP Gloves Navy/Slate,Standard,6748096200791,29.95,images_processed\100%\Z-10011-00015_1.webp,
100%,Gloves,RIDECAMP Gloves Black/Charcoal,RIDECAMP Gloves Black/Charcoal,Standard,6748096004183,29.95,images_processed\100%\Z-10011-00005_1.webp,
100%,Gloves,R-CORE Gloves Slate Blue MTB,R-CORE Gloves Slate Blue MTB,Standard,6748081619031,21.90,images_processed\100%\Z-10027-00020_1.webp,
100%,Gloves,R-CORE Gloves Racer Red MTB,R-CORE Gloves Racer Red MTB,Standard,6748081520727,21.90,images_processed\100%\Z-10027-00015_1.webp,
100%,Gloves,ITRACK Gloves Sentinel Terra,ITRACK Gloves Sentinel Terra,Standard,6777099976791,20.97,images_processed\100%\Z-10008-00025_1.webp,
100%,Gloves,ITRACK Gloves Sentinel Black,ITRACK Gloves Sentinel,Black,6777099944023,20.97,images_processed\100%\Z-10008-00020_1.webp,
100%,Gloves,HYDROMATIC BRISKER Gloves Blue,HYDROMATIC BRISKER Gloves,Blue,6777100861527,49.95,images_processed\100%\Z-10018-00005_1.webp,
100%,Gloves,GEOMATIC Gloves Grey/Racer Red MTB,GEOMATIC Gloves Grey/Racer Red MTB,Standard,6748095905879,20.70,images_processed\100%\Z-10026-00010_1.webp,
100%,Gloves,GEOMATIC Gloves Slate Blue MTB,GEOMATIC Gloves Slate Blue MTB,Standard,6748095840343,20.70,images_processed\100%\Z-10026-00020_1.webp,
100%,Gloves,EXCEEDA Women's Gel Short Finger Gloves Black,EXCEEDA Women's Gel Short Finger Gloves,Black,6777100435543,17.70,images_processed\100%\Z-10025-00001_1.webp,
100%,Gloves,CELIUM Gloves Black/Grey MTB,CELIUM Gloves Black/Grey MTB,Standard,6748095873111,17.70,images_processed\100%\Z-10007-00000_1.webp,
100%,Gloves,CELIUM Gloves Racer Red MTB,CELIUM Gloves Racer Red MTB,Standard,6748095742039,17.70,images_processed\100%\Z-10007-00015_1.webp,
100%,Gloves,BRISKER YOUTH Gloves Fluo Yellow/Black,BRISKER YOUTH Gloves Fluo Yellow/,Black,6787813146711,39.95,images_processed\100%\Z-10004-00008_1.webp,
100%,Gloves,BRISKER YOUTH Gloves Fluo Orange/Black,BRISKER YOUTH Gloves Fluo Orange/,Black,6787813113943,39.95,images_processed\100%\Z-10004-00004_1.webp,
100%,Gloves,BRISKER YOUTH Gloves Black,BRISKER YOUTH Gloves,Black,6787813081175,39.95,images_processed\100%\Z-10004-00000_1.webp,
100%,Gloves,BRISKER Women's Gloves Neon Pink/Black,BRISKER Women's Gloves Neon Pink/,Black,6777052397655,39.95,images_processed\100%\Z-10005-00006_1.webp,
100%,Gloves,BRISKER Women's Gloves Black,BRISKER Women's Gloves,Black,6777052364887,39.95,images_processed\100%\Z-10005-00001_1.webp,
100%,Gloves,BRISKER Gloves Neon Pink,BRISKER Gloves Neon,Pink,6809412567127,39.95,images_processed\100%\FA22_GLOVES_BRISKER_10003-00025.webp,
100%,Gloves,BRISKER Gloves Turquoise,BRISKER Gloves Turquoise,Standard,6787813048407,39.95,images_processed\100%\Z-10003-00035_1.webp,
100%,Gloves,BRISKER Gloves Heather Grey,BRISKER Gloves Heather,Grey,6787812982871,39.95,images_processed\100%\Z-10003-00020_1.webp,
100%,Gloves,BRISKER Gloves Fluo Yellow/Black,BRISKER Gloves Fluo Yellow/,Black,6787812950103,39.95,images_processed\100%\Z-10003-00015_1.webp,
100%,Gloves,BRISKER Gloves Fluo Orange/Black,BRISKER Gloves Fluo Orange/,Black,6787812884567,39.95,images_processed\100%\Z-10003-00010_1.webp,
100%,Gloves,BRISKER Gloves Camo/Black,BRISKER Gloves Camo/,Black,6787812819031,39.95,images_processed\100%\Z-10003-00005_1.webp,
100%,Gloves,BRISKER Gloves Black,BRISKER Gloves,Black,6787812786263,39.95,images_processed\100%\Z-10003-00000_1.webp,
100%,Gloves,AIRMATIC YOUTH Gloves Black/Charcoal,AIRMATIC YOUTH Gloves Black/Charcoal,Standard,6777099845719,23.37,images_processed\100%\Z-10001-00000_1.webp,
100%,Gloves,AIRMATIC Glove - Blue/Black,AIRMATIC Glove - Blue/,Black,2287838855226,16.25,images_processed\100%\Z-10012-215_1.webp,
100%,Gloves,RIDECAMP Gloves Army Green/Black MTB,RIDECAMP Gloves Army Green/Black MTB,Standard,6748096299095,29.95,images_processed\100%\Z-10011-00000_1.webp,
100%,Gloves,RIDECAMP GEL Gloves Black,RIDECAMP GEL Gloves,Black,6884585603159,18.30,images_processed\100%\FA22_GLOVES_RIDECAMP_GEL_10034-00001.webp,
100%,Gloves,RIDECAMP GEL Gloves Red,RIDECAMP GEL Gloves,Red,6884586750039,18.30,images_processed\100%\FA22_GLOVES_RIDECAMP_GEL_10034-00011.webp,
100%,Gloves,R-CORE Gloves Black MTB,R-CORE Gloves Black MTB,Standard,6748081684567,21.90,images_processed\100%\Z-10027-00000_1.webp,
100%,Gloves,CELIUM Gloves Slate Blue MTB,CELIUM Gloves Slate Blue MTB,Standard,6748095774807,17.70,images_processed\100%\Z-10007-00020_1.webp,
100%,Gloves,SLING MX Gloves Navy,SLING MX Gloves Navy,Standard,6777101058135,44.95,images_processed\100%\Z-10023-00010_1.webp,
100%,Gloves,SLING MX Gloves Grey,SLING MX Gloves,Grey,6777100992599,44.95,images_processed\100%\Z-10023-00015_1.webp,
100%,Gloves,SLING MX Gloves Fluo Yellow,SLING MX Gloves Fluo,Yellow,6777100959831,44.95,images_processed\100%\Z-10023-00005_1.webp,
100%,Gloves,HYDROMATIC Gloves Fluo Yellow,HYDROMATIC Gloves Fluo,Yellow,6777100730455,23.70,images_processed\100%\Z-10017-00005_1.webp,
100%,Gloves,AIRMATIC Moto-Gloves-Navy/White,AIRMATIC Moto-Gloves-Navy/,White,6759473610839,26.97,images_processed\100%\Z-10000-00015_1.webp,
100%,Gloves,AIRMATIC Moto-Gloves-Red/Black,AIRMATIC Moto-Gloves-Red/,Black,6759473741911,26.97,images_processed\100%\Z-10000-00025_1.webp,
100%,Gloves,SLING MX Gloves Black,SLING MX Gloves,Black,6777100894295,44.95,images_processed\100%\Z-10023-00000_1.webp,
100%,Gloves,COGNITO SMART SHOCK Gloves Fluo Yellow,COGNITO SMART SHOCK Gloves Fluo,Yellow,6787813605463,44.95,images_processed\100%\Z-10014-00040_1.webp,
100%,Gloves,COGNITO SMART SHOCK Gloves Fluo Orange,COGNITO SMART SHOCK Gloves Fluo,Orange,6787813539927,44.95,images_processed\100%\Z-10014-00035_1.webp,
100%,Gloves,RIDEFIT Gloves Bonita,RIDEFIT Gloves Bonita,Standard,6787813507159,23.97,images_processed\100%\Z-10010-00030_1.webp,
100%,Gloves,COGNITO SMART SHOCK Gloves Black,COGNITO SMART SHOCK Gloves,Black,6787813474391,44.95,images_processed\100%\Z-10014-00030_1.webp,
100%,Gloves,COGNITO SMART SHOCK Gloves Army Green,COGNITO SMART SHOCK Gloves Army,Green,6787813441623,44.95,images_processed\100%\Z-10014-00025_1.webp,
100%,Gloves,ITRACK Gloves Kaledo,ITRACK Gloves Kaledo,Standard,6787813212247,20.97,images_processed\100%\Z-10008-00030_1.webp,
100%,Gloves,RIDEFIT Gloves Navy,RIDEFIT Gloves Navy,Standard,6777100828759,23.97,images_processed\100%\Z-10010-00025_1.webp,
100%,Gloves,HYDROMATIC Gloves Black,HYDROMATIC Gloves,Black,6777100664919,23.70,images_processed\100%\Z-10017-00000_1.webp,
100%,Gloves,EXCEEDA Gel Short Finger Gloves Fluo Yellow,EXCEEDA Gel Short Finger Gloves Fluo,Yellow,6777100599383,17.70,images_processed\100%\Z-10024-00005_1.webp,
100%,Gloves,EXCEEDA Gel Short Finger Gloves Black,EXCEEDA Gel Short Finger Gloves,Black,6777100533847,17.70,images_processed\100%\Z-10024-00000_1.webp,
100%,Gloves,AIRMATIC YOUTH Gloves Fluo Yellow/Black Moto,AIRMATIC YOUTH Gloves Fluo Yellow/Black Moto,Standard,6777099878487,23.37,images_processed\100%\Z-10001-00004_1.webp,
100%,Gloves,SLING Women's Bike Short Finger Gloves Grey,SLING Women's Bike Short Finger Gloves,Grey,6777075138647,26.97,images_processed\100%\Z-10022-00006_1.webp,
100%,Gloves,SLING Women's Bike Short Finger Gloves Black,SLING Women's Bike Short Finger Gloves,Black,6777075073111,26.97,images_processed\100%\Z-10022-00001_1.webp,
100%,Gloves,AIRMATIC YOUTH Gloves Red/Black,AIRMATIC YOUTH Gloves Red/,Black,6777074876503,23.37,images_processed\100%\Z-10001-00008_1.webp,
100%,Gloves,AIRMATIC Moto-Gloves-Fluo Yellow/Black,AIRMATIC Moto-Gloves-Fluo Yellow/,Black,6759473545303,26.97,images_processed\100%\Z-10000-00010_1.webp,
100%,Gloves,AIRMATIC Moto-Gloves-Blue,AIRMATIC Moto-Gloves,Blue,6759473512535,26.97,images_processed\100%\Z-10000-00005_1.webp,
100%,Gloves,RIDECAMP Gloves Women's Black/Charcoal,RIDECAMP Gloves Women's Black/Charcoal,Standard,6748124774487,29.95,images_processed\100%\Z-10013-00001_1.webp,
100%,Gloves,SLING Gloves Women's Grey MTB,SLING Gloves Women's Grey MTB,Standard,6748096659543,26.97,images_processed\100%\Z-10020-00006_1.webp,
100%,Gloves,SLING Gloves Women's Black MTB,SLING Gloves Women's Black MTB,Standard,6748096626775,26.97,images_processed\100%\Z-10020-00001_1.webp,
100%,Gloves,SLING Gloves Grey MTB,SLING Gloves Grey MTB,Standard,6748096561239,26.97,images_processed\100%\Z-10019-00005_1.webp,
100%,Gloves,SLING Gloves Black MTB,SLING Gloves Black MTB,Standard,6748096528471,26.97,images_processed\100%\Z-10019-00000_1.webp,
100%,Gloves,SLING Gloves Women's Navy MTB,SLING Gloves Women's Navy MTB,Standard,6748095709271,35.96,images_processed\100%\Z-10020-00011_1.webp,
100%,Gloves,HYDROMATIC BRISKER Gloves Black Moto/MTB,HYDROMATIC BRISKER Gloves Black Moto/MTB,Standard,6793130868823,49.95,images_processed\100%\Z-10018-00000_1.webp,
100%,Gloves,ITRACK YOUTH Gloves Kaledo,ITRACK YOUTH Gloves Kaledo,Standard,6787813408855,17.97,images_processed\100%\Z-10009-00012_1.webp,
100%,Gloves,AIRMATIC Gloves Silver,AIRMATIC Gloves,Silver,6787812687959,26.97,images_processed\100%\Z-10000-00040_1.webp,
100%,Gloves,ITRACK Gloves Fluo Yellow,ITRACK Gloves Fluo,Yellow,6777101025367,20.97,images_processed\100%\Z-10008-00010_1.webp,
100%,Gloves,ITRACK YOUTH Gloves Fluo Yellow,ITRACK YOUTH Gloves Fluo,Yellow,6777100238935,17.97,images_processed\100%\Z-10009-00004_1.webp,
100%,Gloves,RIDECAMP Gloves Women's Fluo Yellow,RIDECAMP Gloves Women's Fluo,Yellow,6748096495703,29.95,images_processed\100%\Z-10013-00006_1.webp,
100%,Gloves,RIDECAMP Gloves Women's Navy/Slate,RIDECAMP Gloves Women's Navy/Slate,Standard,6748096430167,29.95,images_processed\100%\Z-10013-00016_1.webp,
100%,Gloves,RIDECAMP Gloves Women's Lavender,RIDECAMP Gloves Women's Lavender,Standard,6748096364631,17.97,images_processed\100%\Z-10013-00011_1.webp,
100%,Gloves,AIRMATIC Moto-Gloves-Black/Charcoal,AIRMATIC Moto-Gloves-Black/Charcoal,Standard,6759473479767,26.97,images_processed\100%\Z-10000-00000_1.webp,
100%,Gloves,BRISKER Women's Glove - Black/Grey,BRISKER Women's Glove - Black/,Grey,2287840198714,23.97,images_processed\100%\Z-11016-057_1.webp,
100%,Gloves,GEOMATIC Gloves Black/Charcoal MTB,GEOMATIC Gloves Black/Charcoal MTB,Standard,6748096102487,20.70,images_processed\100%\Z-10026-00000_1.webp,
100%,Gloves,BRISKER Glove - Fluo Orange/Black,BRISKER Glove - Fluo Orange/,Black,2285684654138,17.30,images_processed\100%\Z-10016-260_1.webp,
100%,Gloves,GEOMATIC Gloves Black,GEOMATIC Gloves,Black,2495643516986,17.25,images_processed\100%\Z-10022-001_1.webp,
100%,Gloves,AIRMATIC Glove - Black/Charcoal,AIRMATIC Glove - Black/Charcoal,Standard,2287838822458,16.25,images_processed\100%\Z-10012-057_1.webp,
100%,Gloves,BRISKER CE Glove - Fluo Yellow,BRISKER CE Glove - Fluo,Yellow,2287839772730,23.97,images_processed\100%\Z-10016-004_1.webp,
Axor,Gloves,Axor Enzo Riding Gloves,Axor Enzo Riding Gloves,Standard,10284611240068,4706.00,images_processed\axor\70_4570016c-23b1-418f-85d7-b967e1d4cb57.webp,
Axor,Gloves,Axor Airstream Riding Gloves,Axor Airstream Riding Gloves,Standard,7292507881604,1646.00,images_processed\axor\88_32ba55f0-61f5-4567-a3a8-e9ecfcac6592.webp,
Axor,Gloves,Axor Sela Waterproof Riding Gloves,Axor Sela Waterproof Riding Gloves,Standard,7147639767172,2843.00,images_processed\axor\119_9c806d2e-0db9-449a-babc-44c13d7a1ff5.webp,
Axor,Gloves,Axor Lycan Riding Gloves,Axor Lycan Riding Gloves,Standard,7105869971588,3878.00,images_processed\axor\123_4cf0d25d-32cb-4a88-bfe6-10fd88601ea1.webp,
Cramster,Gloves,BREEZER JACKET,BREEZER JACKET,Standard,8267458445499,3999.00,images_processed\cramster\CramsterBrezzerJacket_001_2.webp,
Cramster,Gloves,VIPER JACKET,VIPER JACKET,Standard,8240002891963,4799.00,images_processed\cramster\Cramster_ViperJacket_001_080f537c-117e-47b3-b8a4-45073d0229ce.webp,
Cramster,Gloves,STALLION SADDLEBAGS 60L – WATERPROOF,STALLION SADDLEBAGS 60L – WATERPROOF,Standard,8182618226875,4199.00,images_processed\cramster\FRONT_5ef15c77-e75c-42cd-a002-8f81fd90d965.webp,
Cramster,Gloves,TURTLE 2 TANK BAG 24L,TURTLE 2 TANK BAG 24L,Standard,8014928543931,2999.00,images_processed\cramster\Cramster_Turtle_Tank_Bag_001.webp,
Cramster,Gloves,BEETLE 2 TANK BAG 9L,BEETLE 2 TANK BAG 9L,Standard,8015156707515,1999.00,images_processed\cramster\Cramster_Beetle_Tank_Bag_001.webp,
Cramster,Gloves,BREEZER SP GLOVES,BREEZER SP GLOVES,Standard,7993677054139,2949.00,images_processed\cramster\Cramster_Breezer_SP_Gloves_Black_White.webp,
Cramster,Gloves,FLUX GLOVES,FLUX GLOVES,Standard,7912088109243,1899.00,images_processed\cramster\Flux-SP-Gloves-Black-Red-Cramster_6.webp,
Cramster,Gloves,RAGE BIONIC ELBOW GUARDS,RAGE BIONIC ELBOW GUARDS,Standard,7889842241723,2499.00,images_processed\cramster\Cramster_Rage_Bionice_Elbow_Guards_01.webp,
Cramster,Gloves,RAGE BIONIC KNEE GUARDS,RAGE BIONIC KNEE GUARDS,Standard,7888853172411,3099.00,images_processed\cramster\Cramstar_Rage_Bionic_Knee_Guards_Black_01.webp,
Cramster,Gloves,FLUX WP GLOVES,FLUX WP GLOVES,Standard,7872758317243,2299.00,images_processed\cramster\Cramster_Flux_WP_Gloves_Black_01.webp,
Cramster,Gloves,HYPERFLEX 2 BASE LAYER - LOWER,HYPERFLEX 2 BASE LAYER - LOWER,Standard,7850282778811,999.00,images_processed\cramster\Cramster_Performace_BASE_LAYER_lower_001_1.webp,
Cramster,Gloves,K2K GLOVES,K2K GLOVES,Standard,7850226090171,4999.00,images_processed\cramster\Cramster_K2K_Gloves_Black_Grey_01.webp,
Cramster,Gloves,HYPERFLEX 2 BASE LAYER - UPPER,HYPERFLEX 2 BASE LAYER - UPPER,Standard,7846631637179,999.00,images_processed\cramster\Cramster_Performace_BASE_LAYER_UPPER_001_1.webp,
DSG,Gloves,DSG Apex V2 Riding Jacket (Black Grey Fluo Red),DSG Apex V2 Riding Jacket (Black Grey Fluo,Red,7923332743233,11000.00,images_processed\dsg\dsg-apex-v2-riding-jacket-black-grey-red-5.webp,
DSG,Gloves,DSG Apex V2 Riding Jacket (Black Blue Yellow Fluo),DSG Apex V2 Riding Jacket (Black Blue Yellow,Fluo,7923331694657,11000.00,images_processed\dsg\dsg_apex-v2-riding-jacket_black-blue-yellow-fluo5.webp,
DSG,Gloves,DSG Aire Mesh 2 Riding Jacket (Light Grey Black White),DSG Aire Mesh 2 Riding Jacket (Light Grey Black,White,7923329531969,6950.00,images_processed\dsg\dsg-aire-mesh-2-riding-jacket.webp,
DSG,Gloves,DSG Phoenix Air Gloves (Black),DSG Phoenix Air Gloves,Black,7923284967489,1950.00,images_processed\dsg\phoenix-air-glove-black-6.webp,
DSG,Gloves,DSG Aire Mesh 2 Riding Jacket (Black Fluro Yellow),DSG Aire Mesh 2 Riding Jacket (Black Fluro,Yellow,7719635058753,6950.00,images_processed\dsg\dsg_aire_mesh_2_riding_jacket_aire_black1_1.webp,
DSG,Gloves,DSG GPX Riding Gloves (Black Red),DSG GPX Riding Gloves (Black,Red,7567389917249,4750.00,images_processed\dsg\Artboard_13.webp,
DSG,Gloves,DSG Race Pro Sport Gloves (Black Fluro Yellow),DSG Race Pro Sport Gloves (Black Fluro,Yellow,7567360786497,6999.00,images_processed\dsg\Race_Pro_Sport_Glove_Yellow_Fluorescent_6.webp,
DSG,Gloves,DSG Race Pro Sport Gloves (Black Red),DSG Race Pro Sport Gloves (Black,Red,7567382839361,6999.00,images_processed\dsg\Race_Pro_Sport_Glove_Red_1_58a99f51-ee6f-45a6-a5a3-be6edd4663e4.webp,
DSG,Gloves,DSG GPX Riding Gloves (Black Fluro Yellow),DSG GPX Riding Gloves (Black Fluro,Yellow,7567387557953,4750.00,images_processed\dsg\DSG_GPX_Riding_Gloves_1.webp,
DSG,Gloves,DSG GPX Riding Jacket Black White,DSG GPX Riding Jacket Black,White,7419582611521,9450.00,images_processed\dsg\Front_ecom_white.webp,
DSG,Gloves,DSG GPX Riding Jacket Black Red,DSG GPX Riding Jacket Black,Red,7419331280961,9450.00,images_processed\dsg\Front_ecom_red.webp,
DSG,Gloves,DSG GPX Riding Jacket Black Fluro Yellow,DSG GPX Riding Jacket Black Fluro,Yellow,7418407649345,9450.00,images_processed\dsg\Front_ecom_fluo.webp,
DSG,Gloves,DSG Race Pro V1 Gloves (Black Yellow Fluro White),DSG Race Pro V1 Gloves (Black Yellow Fluro,White,7014145785921,5599.00,images_processed\dsg\RACEPROYELLOFLUOW_1024x_2b8164bc-8c35-4ac9-89f8-03cd485347ac.webp,
DSG,Gloves,DSG Carbon X V1 Gloves (Black White),DSG Carbon X V1 Gloves (Black,White,7014144376897,3999.00,images_processed\dsg\CARBONXFRT_1024x_b187e0f0-0e02-467d-ae39-c8a3fb9d81ee.webp,
DSG,Gloves,DSG Carbon X V1 Gloves (Black Fluro Yellow),DSG Carbon X V1 Gloves (Black Fluro,Yellow,7014144671809,3999.00,images_processed\dsg\1_1024x_e98b407f-2b24-42f3-91f9-24286db49da2.webp,
DSG,Gloves,DSG Phoenix Air Gloves (Fluro Yellow),DSG Phoenix Air Gloves (Fluro,Yellow,6832046932033,1950.00,images_processed\dsg\Phoenix_Glove_Yel_Fl.webp,
DSG,Gloves,DSG Hydro V2 Glove (Black Fluro Yellow),DSG Hydro V2 Glove (Black Fluro,Yellow,6831139651649,4999.00,images_processed\dsg\BLK_20YEL_20FL_20FRT_20W.webp,
DSG,Gloves,DSG Carbon X Glove (Black Fluro Yellow),DSG Carbon X Glove (Black Fluro,Yellow,6831138078785,3999.00,images_processed\dsg\BLK_20YELL_20FL_20FRT_20W.webp,
DSG,Gloves,DSG Phoenix Air Gloves (Red),DSG Phoenix Air Gloves,Red,6706814681153,1950.00,images_processed\dsg\phoenix-air-glove-red-6_2.webp,
Lone Ranger,Gloves,Lone Ranger Carbon-X Gloves,Lone Ranger Carbon-X Gloves,Standard,7944527413406,2950.00,images_processed\lone_ranger\Lone_Ranger_Carbon-X_Gloves_1.webp,
Lone Ranger,Gloves,Lone Ranger Dryd V2 Waterproof Riding Gloves-Black,Lone Ranger Dryd V2 Waterproof Riding Gloves,Black,7944527380638,3149.00,images_processed\lone_ranger\Lone_Ranger_Dryd_V2_Waterproof_Riding_Gloves_1.webp,
Lone Ranger,Gloves,Lone Ranger Viking All Leather Gloves CE with Knox SPS 404 Sliders,Lone Ranger Viking All Leather Gloves CE with Knox SPS 404 Sliders,Standard,7944527315102,4299.00,images_processed\lone_ranger\Lone_Ranger_Viking_All_Leather_Gloves_1.webp,
Raida,Gloves,Raida Trailcraft Handlebar Bag,Raida Trailcraft Handlebar Bag,Standard,7772102262849,1299.00,images_processed\raida\21_bd839d28-e3f5-4b00-bf5c-d81b62e92095.webp,
Raida,Gloves,Raida Compass Thigh Bag,Raida Compass Thigh Bag,Standard,7772099543105,1850.00,images_processed\raida\270.webp,
Raida,Gloves,Raida Compass X8 Tank Bag,Raida Compass X8 Tank Bag,Standard,7771675689025,1950.00,images_processed\raida\13_2e5fdc33-ef3a-4386-86d4-0231d0e284eb.webp,
Raida,Gloves,Raida Compass T43 Tail Bag,Raida Compass T43 Tail Bag,Standard,7767009919041,3450.00,images_processed\raida\11_c7353387-9f35-488e-8470-94e15b7500bc.webp,
Raida,Gloves,Raida Compass T35 Tail Bag,Raida Compass T35 Tail Bag,Standard,7767000711233,2650.00,images_processed\raida\1_e675cfd6-bbca-4b4e-a811-513c56ee479b.webp,
Raida,Gloves,Raida Compass V70 Motorcycle Saddle Bags,Raida Compass V70 Motorcycle Saddle Bags,Standard,7766992060481,4250.00,images_processed\raida\1-1_6d36f4fd-6df0-44f4-97bc-a08e943400d8.webp,
Raida,Gloves,Raida Compass S60 Motorcycle Saddle Bags,Raida Compass S60 Motorcycle Saddle Bags,Standard,7765791637569,3950.00,images_processed\raida\14_1a7bb457-99a0-4728-8077-8ceaa86b49ba.webp,
Raida,Gloves,Raida Compass K28 Tank Bag,Raida Compass K28 Tank Bag,Standard,7765789048897,3250.00,images_processed\raida\6_bec171cc-517a-420e-9c85-b29b4b32fe48.webp,
Raida,Gloves,Raida Compass K16 Tank Bag,Raida Compass K16 Tank Bag,Standard,7765785051201,2450.00,images_processed\raida\1-2.webp,
Raida,Gloves,Raida Trailcraft Offroad Gloves (Grey Red),Raida Trailcraft Offroad Gloves (Grey,Red,7765772304449,1950.00,images_processed\raida\2_768acf14-486a-49c0-b6fd-5b82ff700db9.webp,
Raida,Gloves,Raida Trailcraft Offroad Gloves (Grey Hi Viz),Raida Trailcraft Offroad Gloves (Grey Hi Viz),Standard,7765770240065,1950.00,images_processed\raida\1-1_9950a27b-ece0-49d7-9a77-4af3ac88f142.webp,
Raida,Gloves,Raida Trailcraft Offroad Gloves (Camo Orange),Raida Trailcraft Offroad Gloves (Camo,Orange,7765762768961,1950.00,images_processed\raida\13-1_a80f5e94-bd18-4c93-8a30-848822289bd4.webp,
Raida,Gloves,Raida Trailcraft Offroad Gloves (Camo Hi Viz),Raida Trailcraft Offroad Gloves (Camo Hi Viz),Standard,7765758672961,1950.00,images_processed\raida\12-1_781baa19-da5b-4842-9d4d-e1846ea09c42.webp,
Raida,Gloves,Raida Drift Evo Gloves (Black Red),Raida Drift Evo Gloves (Black,Red,7687815495745,5850.00,images_processed\raida\5_2a50ecd0-1810-4b03-97f0-1fe39ed9d477.webp,
Raida,Gloves,Raida Drift Evo Gloves (Black Hi Viz),Raida Drift Evo Gloves (Black Hi Viz),Standard,7687813103681,5850.00,images_processed\raida\6_cf7f5d50-cffb-472a-b577-44621b7a4a8c.webp,
Raida,Gloves,Raida Avantur 2 Gloves Black Hi Viz,Raida Avantur 2 Gloves Black Hi Viz,Standard,7687807959105,1899.00,images_processed\raida\10_90d93453-0d35-456e-ac77-5ac64861125b.webp,
Raida,Gloves,Raida Avantur 2 Gloves Black Red,Raida Avantur 2 Gloves Black,Red,7687805796417,1899.00,images_processed\raida\8-1-1.webp,
Raida,Gloves,Raida Avantur 2 Gloves Black Orange,Raida Avantur 2 Gloves Black,Orange,7687803535425,1899.00,images_processed\raida\9_48a257a6-228a-4f91-8556-de061418388b.webp,
Raida,Gloves,Raida Avantur 2 Gloves Black Grey,Raida Avantur 2 Gloves Black,Grey,7687786430529,1899.00,images_processed\raida\7-1.webp,
Raida,Gloves,Raida Carbonite Gloves (Black White),Raida Carbonite Gloves (Black,White,7495728496705,3250.00,images_processed\raida\5-1_d66d949f-90d3-4c7a-82b4-ee962f61c379.webp,
Raida,Gloves,Raida Carbonite Gloves (Black Hi Viz),Raida Carbonite Gloves (Black Hi Viz),Standard,7495723057217,3250.00,images_processed\raida\6-2-2.webp,
Raida,Gloves,Raida Carbonite Gloves (Black),Raida Carbonite Gloves,Black,7495707754561,3250.00,images_processed\raida\4_b98e08b5-3516-4bed-8661-038e56ccf7bf.webp,
Raida,Gloves,Raida Motomate Thigh Bag (Black),Raida Motomate Thigh Bag,Black,7172928208961,999.00,images_processed\raida\16_8e4acf0a-68a3-41e5-9a69-c6b5cc967a48.webp,
Raida,Gloves,Raida Drift Gloves (Black Red),Raida Drift Gloves (Black,Red,7080892399681,2999.00,images_processed\raida\4-2.webp,
Raida,Gloves,Raida Drift Gloves (Khaki Orange),Raida Drift Gloves (Khaki,Orange,6979587276865,2999.00,images_processed\raida\Untitled-design-67.webp,
Raida,Gloves,Raida Drift Gloves (Black),Raida Drift Gloves,Black,6979584000065,2999.00,images_processed\raida\2_2380965e-dc53-4ef1-bc8e-8b19344974ef.webp,
Raida,Gloves,Raida Drift Gloves (Black Hi Viz),Raida Drift Gloves (Black Hi Viz),Standard,6979586523201,2999.00,images_processed\raida\3_0aed2ab0-6e4e-4e4d-b86b-2556e8bbf814.webp,
Raida,Gloves,Raida Cruise Pro 2 Riding Gloves (Hi-Viz Yellow),Raida Cruise Pro 2 Riding Gloves (Hi-Viz,Yellow,6736229498945,1999.00,images_processed\raida\Passed-level-1-according-to-EN-13594-the-European-norm-for-protective-gloves-for-motorcycle-riders..webp,
Raida,Gloves,Raida Cruise Pro 2 Riding Gloves (Red),Raida Cruise Pro 2 Riding Gloves,Red,6736230121537,1999.00,images_processed\raida\10_01320156-4931-40dd-a7b6-df1aa06e40f2.webp,
Raida,Gloves,Raida Cruise Pro 2 Riding Gloves (Brown),Raida Cruise Pro 2 Riding Gloves,Brown,6736224223297,2799.00,images_processed\raida\1-2_0a8fcca1-1027-4770-bbc3-b1b3765d631e.webp,
Raida,Gloves,Raida Cruise Pro 2 Riding Gloves (Black),Raida Cruise Pro 2 Riding Gloves,Black,6736229859393,2899.00,images_processed\raida\6_c897f1ee-b19c-42bd-b4e5-e105fdd3c7d6.webp,
Raida,Gloves,Raida Avantur Gloves Black Grey,Raida Avantur Gloves Black,Grey,6580368867393,1699.00,images_processed\raida\6_4a85f4ba-1b66-4017-9e39-24cf9706ef8c.webp,
Raida,Gloves,Raida Avantur Gloves Black Hi Viz,Raida Avantur Gloves Black Hi Viz,Standard,6580368736321,1699.00,images_processed\raida\4_799843c1-24ec-4b9e-a706-4ab1604bb52b.webp,
Raida,Gloves,Raida Avantur Gloves Black Orange,Raida Avantur Gloves Black,Orange,6580368474177,1699.00,images_processed\raida\3_55d6a481-c78b-42d7-9c71-14c50427cd6b.webp,
Raida,Gloves,Raida Avantur Gloves Black Red,Raida Avantur Gloves Black,Red,6580367589441,1699.00,images_processed\raida\5_31039274-693a-42e9-9c5a-d8ffbc408ffc.webp,
Raida,Gloves,Raida Hydration Backpack Ultra,Raida Hydration Backpack Ultra,Standard,4418291892289,2850.00,images_processed\raida\1_0b1e1f4a-dacf-405a-b571-9875c8334ee0.webp,
Raida,Gloves,Raida RD Metro Tank Bag,Raida RD Metro Tank Bag,Standard,2119852163137,2199.00,images_processed\raida\5_ae9f5909-de30-4c9a-917d-60afa437d7b3.webp,
Raida,Gloves,Raida ThruX Motorcycle Thigh Bag,Raida ThruX Motorcycle Thigh Bag,Standard,1400926076993,999.00,images_processed\raida\stencil-2-1_0d9e24b2-79d3-4ff9-8c00-74698e08c438.webp,
Scala,Gloves,Scala Air Glove - Black,Scala Air Glove,Black,8727365451999,1519.00,images_processed\scala\SCALA_AIRGLOVE-BLACKFront.webp,
Scala,Gloves,Scala Air Glove - Black Neon,Scala Air Glove - Black,Neon,8727386030303,1519.00,images_processed\scala\Air_Neon.webp,
Scala,Gloves,Scala Air Glove - Black Orange,Scala Air Glove - Black,Orange,8727387832543,1519.00,images_processed\scala\Air_orange.webp,
Scala,Gloves,Scala Atlas Glove - Black-Grey,Scala Atlas Glove - Black,Grey,9308790587615,2350.00,images_processed\scala\Atlas_Gloves-_Black_Grey.webp,
Scala,Gloves,Scala Atlas Glove - Black-Red,Scala Atlas Glove - Black,Red,8729211797727,2350.00,images_processed\scala\SCALA_ATLASGLOVE-Red-NEON.webp,
Scala,Gloves,Scala Speed 2 Gloves - Olive Green,Scala Speed 2 Gloves - Olive,Green,8729243123935,2999.00,images_processed\scala\SCALA_SPEED-2_GLOVE-Olive_Green.webp,
Scala,Gloves,Scala Speed 2 Gloves - Gray,Scala Speed 2 Gloves - Gray,Standard,8729231556831,2999.00,images_processed\scala\SCALA_SPEED-2GLOVE-Gray.webp,
Scala,Gloves,Scala Speed 2 Gloves - Black,Scala Speed 2 Gloves,Black,8729220612319,2999.00,images_processed\scala\SCALA_SPEED-2GLOVE-BLACK.webp,
Scala,Gloves,Scala Atlas Glove - Black-White,Scala Atlas Glove - Black,White,8729217368287,2350.00,images_processed\scala\SCALA_ATLASGLOVE-Gray-NEON.webp,
Scala,Gloves,Scala Atlas Glove - Black Neon,Scala Atlas Glove - Black,Neon,8729209733343,2350.00,images_processed\scala\SCALA_ATLASGLOVE-BLACK-NEON.webp,
Axor,Jackets,Axor Delta Riding Pant,Axor Delta Riding Pant,Standard,10056535474308,7478.00,images_processed\axor\DELTAPANTBLACKREDWEB1080x1080Jpeg-2.webp,
Axor,Jackets,Axor Inverno Black Thermal Jacket,Axor Inverno Black Thermal Jacket,Standard,7105870659716,1799.00,images_processed\axor\Inverno2.webp,
Axor,Jackets,Axor Shield Protective Body Armor Jacket,Axor Shield Protective Body Armor Jacket,Standard,7105869906052,4571.00,images_processed\axor\ShieldGreen2.webp,
Cramster,Jackets,REFLEX BUNGEE CORD,REFLEX BUNGEE CORD,Standard,7993380929723,180.00,images_processed\cramster\XTSBungeeCordBlack2.webp,
Cramster,Jackets,BUNGEE NET,BUNGEE NET,Standard,7993386008763,400.00,images_processed\cramster\XTSBungeeNetBlack3.webp,
DSG,Jackets,DSG Nero V2 Riding Pants (Black),DSG Nero V2 Riding Pants,Black,7923351552065,7950.00,images_processed\dsg\dsg_nero_v2_riding_pants_4.webp,
DSG,Jackets,DSG Race Pro V3 Riding Jacket (Black),DSG Race Pro V3 Riding Jacket,Black,7923334021185,13000.00,images_processed\dsg\dsg-race-pro-v3-black-riding-jacket-2.webp,
DSG,Jackets,DSG ADV Riding Jacket (Grey Yellow Fluo),DSG ADV Riding Jacket (Grey Yellow,Fluo,7923323273281,7999.00,images_processed\dsg\dsg-adv-riding-jacket-grey-black-yellow-fluo-6.webp,
DSG,Jackets,DSG ADV Riding Jacket (Grey Orange),DSG ADV Riding Jacket (Grey,Orange,7923292373057,7999.00,images_processed\dsg\dsg-adv-riding-jacket-black-grey-orange-2.webp,
DSG,Jackets,DSG Race Pro V3 Jacket (Black Fluro Yellow),DSG Race Pro V3 Jacket (Black Fluro,Yellow,7667168247873,13000.00,images_processed\dsg\DSG_Race_Pro_V3_Yellow_Fluo_5_9851977d-5ccd-4df0-bd12-8f7ab96099ae.webp,
DSG,Jackets,DSG Race Pro Sport Riding Jacket (Black Red Gold),DSG Race Pro Sport Riding Jacket (Black Red,Gold,7521282064449,16500.00,images_processed\dsg\RaceProSportEcom01.webp,
DSG,Jackets,DSG Yakuza Riding Jacket Black Red,DSG Yakuza Riding Jacket Black,Red,7493416222785,8450.00,images_processed\dsg\YakuzaEcomimage8_85ab5aba-c64c-4079-8d21-ce40d76030b1.webp,
DSG,Jackets,DSG Yakuza Riding Jacket Black Gold,DSG Yakuza Riding Jacket Black,Gold,7493378342977,8450.00,images_processed\dsg\YakuzaEcomimage4_4bf1a301-c04b-4448-82f1-379cfe4b0dd7.webp,
DSG,Jackets,DSG Bionic Plus Armor Jacket (Black),DSG Bionic Plus Armor Jacket,Black,7493356814401,4750.00,images_processed\dsg\new-bionic-front.webp,
DSG,Jackets,DSG Roadster Jacket Black Red,DSG Roadster Jacket Black,Red,7333899862081,4499.00,images_processed\dsg\ROADSTERfront-org.webp,
DSG,Jackets,DSG Roadster Jacket Black Fluro Yellow,DSG Roadster Jacket Black Fluro,Yellow,7333910184001,6000.00,images_processed\dsg\front-yellow.webp,
DSG,Jackets,DSG Race Pro V2 Jacket Black Grey,DSG Race Pro V2 Jacket Black,Grey,7333883510849,11999.00,images_processed\dsg\grey-front.webp,
DSG,Jackets,DSG Race Pro V2 Jacket Black,DSG Race Pro V2 Jacket,Black,7333876432961,11999.00,images_processed\dsg\black-front-race-pro-front.webp,
DSG,Jackets,DSG Bionic ADV Protector Riding Jacket (Camo Grey),DSG Bionic ADV Protector Riding Jacket (Camo,Grey,7016993357889,4750.00,images_processed\dsg\frontcross_1024x_c199eb13-d07c-4524-b655-bc270957d4da.webp,
DSG,Jackets,DSG ADV Riding Jacket Black Red,DSG ADV Riding Jacket Black,Red,6963601571905,7999.00,images_processed\dsg\advredfront_1024x_28988757-9a2e-4e07-8931-754b52bf8731.webp,
DSG,Jackets,DSG ADV Riding Jacket Black Fluro Yellow,DSG ADV Riding Jacket Black Fluro,Yellow,6963601408065,7999.00,images_processed\dsg\advYellowflo.front_1024x_8f504f09-9baf-4324-bd4a-80bd21f21e28.webp,
DSG,Jackets,DSG ADV Riding Jacket Black Orange,DSG ADV Riding Jacket Black,Orange,6963599179841,7999.00,images_processed\dsg\advorangefront_1024x_e517cd6d-f8a6-4512-8690-6a76235b3dc7.webp,
DSG,Jackets,DSG Race Pro V2 Jacket Black Fluro Orange,DSG Race Pro V2 Jacket Black Fluro,Orange,6940778987585,11999.00,images_processed\dsg\3o_1024x1024_2e8960a6-e1ae-4005-bf47-7edc9ecf38f8.webp,
DSG,Jackets,DSG RACE PRO V2 PANTS (BLACK),DSG RACE PRO V2 PANTS,BLACK,6894281293889,11499.00,images_processed\dsg\frontyellow.webp,
DSG,Jackets,DSG Race Pro V2 Jacket Black Fluro Yellow,DSG Race Pro V2 Jacket Black Fluro,Yellow,6677928542273,11999.00,images_processed\dsg\race_pro_V2_1_1024x_302c5f7e-3594-4b0e-81f6-d31198addf2d.webp,
Lone Ranger,Jackets,ADV11 JACKET AND PANT COMBO TEST,ADV11 JACKET AND PANT COMBO TEST,Standard,8880324051102,15799.00,images_processed\lone_ranger\ADV11-Combo-All-Black.webp,
Lone Ranger,Jackets,Jacket Protector Set + Pant Protector Set,Jacket Protector Set + Pant Protector Set,Standard,8880268083358,4999.00,images_processed\lone_ranger\Yourparagraphtext.webp,
Lone Ranger,Jackets,Neon Rain Top + Black Rain Pant,Neon Rain Top + Black Rain Pant,Standard,8880251306142,2399.00,images_processed\lone_ranger\RainSetNeonto_blackpant.webp,
Lone Ranger,Jackets,ADV11 TOURING PANT,ADV11 TOURING PANT,Standard,8873764356254,7149.00,images_processed\lone_ranger\ADV11-Pant-All-Black.webp,
Lone Ranger,Jackets,ADV11 TOURING JACKET,ADV11 TOURING JACKET,Standard,8873756623006,8999.00,images_processed\lone_ranger\ADV11ALLBLACKJACKET.webp,
Lone Ranger,Jackets,Women Addon Pro Jacket (Blue),Women Addon Pro Jacket,Blue,8874549674142,5849.00,images_processed\lone_ranger\ChatGPT_Image_Sep_9_2026_02_45_07_PM.webp,
Lone Ranger,Jackets,Women Addon Pro Jacket (Rust),Women Addon Pro Jacket (Rust),Standard,8874546921630,5849.00,images_processed\lone_ranger\ChatGPT_Image_Sep_9_2026_02_38_22_PM.webp,
Lone Ranger,Jackets,Lone Ranger Rebel Jacket (Neon green),Lone Ranger Rebel Jacket (Neon,green,8703987089566,6649.00,images_processed\lone_ranger\800x1200_2.webp,
Lone Ranger,Jackets,Lone Ranger Rebel Jacket (Black),Lone Ranger Rebel Jacket,Black,8699118977182,6649.00,images_processed\lone_ranger\rn-image_picker_lib_temp_767cdcdd-ad3f-42fa-a4e3-79719262f5db.webp,
Lone Ranger,Jackets,Addon Pro Jacket (Rust),Addon Pro Jacket (Rust),Standard,8685778305182,5849.00,images_processed\lone_ranger\4_1055937a-e495-47f2-a86c-c9d2335d7647.webp,
Lone Ranger,Jackets,Addon Pro Jacket (Blue),Addon Pro Jacket,Blue,8685775061150,5849.00,images_processed\lone_ranger\rn-image_picker_lib_temp_1b51555b-fc9b-48eb-ab3c-5764882f2230.webp,
Lone Ranger,Jackets,"Riding Jacket Protector Set (L-Spine,Chest,Shoulder & Elbow Armour)","Riding Jacket Protector Set (L-Spine,Chest,Shoulder & Elbow Armour)",Standard,8556223824030,3799.00,images_processed\lone_ranger\25_8dccc0d7-e2f6-4a36-b6c4-d839c74c7ad4.webp,
Lone Ranger,Jackets,"Riding Jacket Protector Set (S-Spine,Chest,Shoulder & Elbow Armour)","Riding Jacket Protector Set (S-Spine,Chest,Shoulder & Elbow Armour)",Standard,8556214681758,3499.00,images_processed\lone_ranger\26_056b209b-d18c-43d8-8b28-443f47c01bf1.webp,
Lone Ranger,Jackets,Women Addon Pro Jacket (Black/Grey),Women Addon Pro Jacket (Black/,Grey,8468884914334,5849.00,images_processed\lone_ranger\rn-image_picker_lib_temp_703e2a10-be50-483f-a085-e110966ebd66.webp,
Lone Ranger,Jackets,Women Addon Pro Jacket (All black),Women Addon Pro Jacket (All,black,8468884652190,5849.00,images_processed\lone_ranger\ChatGPTImageSep9_2026_04_14_43PM.webp,
Lone Ranger,Jackets,Addon Pro Jacket (black/red),Addon Pro Jacket (black/,red,8468850540702,5849.00,images_processed\lone_ranger\1_ac98bab3-7ba0-437e-a513-76e8e16bf6fe.webp,
Lone Ranger,Jackets,Women Addon Pro Jacket (Black/Neon green),Women Addon Pro Jacket (Black/Neon,green,8468848705694,5849.00,images_processed\lone_ranger\ChatGPTImageSep9_2026_04_57_17PM.webp,
Lone Ranger,Jackets,Lone Ranger TRIBE Denim Jacket (Navy Blue),Lone Ranger TRIBE Denim Jacket (Navy,Blue,8465174233246,4799.00,images_processed\lone_ranger\1_3ad46548-779f-4690-9b14-aa3c8b3440d8.webp,
Lone Ranger,Jackets,LoneRanger Riding Combo – Addon Pro Jacket + Trotter Riding Trousers (10% OFF),LoneRanger Riding Combo – Addon Pro Jacket + Trotter Riding Trousers (10% OFF),Standard,8433809621150,10573.00,images_processed\lone_ranger\WhatsApp_Image_2025-09-12_at_18.06.03_93d1c785.webp,
Lone Ranger,Jackets,Adventure Touring Jacket- Black,Adventure Touring Jacket,Black,8363916099742,8199.00,images_processed\lone_ranger\lone-ranger-adventure-touring-jacket-black-riding-gear_eee16cd1-668d-4682-bc84-123a5b8abdcf.webp,
Lone Ranger,Jackets,Adventure Touring Jacket- Grey,Adventure Touring Jacket,Grey,8363913969822,8199.00,images_processed\lone_ranger\lone-ranger-adventure-touring-jacket-grey-motorcycle-protective-jacket.webp,
Lone Ranger,Jackets,New Upcoming Touring Jacket Viking,New Upcoming Touring Jacket Viking,Standard,8360147910814,8849.00,images_processed\lone_ranger\WhatsApp_Image_2025-07-11_at_9.05.11_AM_2.webp,
Lone Ranger,Jackets,Women Addon Pro Jacket (black/red),Women Addon Pro Jacket (black/,red,8346728792222,5849.00,images_processed\lone_ranger\addon_black_-red_1.webp,
Lone Ranger,Jackets,Addon Pro Jacket (All black),Addon Pro Jacket (All,black,8346396786846,5849.00,images_processed\lone_ranger\IMG-4013.webp,
Lone Ranger,Jackets,"Riding Jacket Protector Set (M-Spine,Chest,Shoulder & Elbow Armour)","Riding Jacket Protector Set (M-Spine,Chest,Shoulder & Elbow Armour)",Standard,8213147418782,3599.00,images_processed\lone_ranger\24_b789829f-10d2-4f15-8504-e23b2a30ae28.webp,
Lone Ranger,Jackets,Addon Pro Max Jacket (Black Red),Addon Pro Max Jacket (Black,Red,8111282454686,6299.00,images_processed\lone_ranger\1_ef7cf5df-90b1-4866-8b6f-3d4c546db1af.webp,
Lone Ranger,Jackets,Addon Pro Max Jacket (Black Orange),Addon Pro Max Jacket (Black,Orange,8110339358878,5599.00,images_processed\lone_ranger\lone-ranger-addon-pro-max-jacket-black-orange-men-durable-high-visibility.webp,
Lone Ranger,Jackets,Addon Pro Max Jacket (Black Neon Green),Addon Pro Max Jacket (Black Neon,Green,7983899050142,5599.00,images_processed\lone_ranger\lone-ranger-addon-pro-max-jacket-black-neon-green-men-lightweight-stylish.webp,
Lone Ranger,Jackets,Addon Pro Jacket (Grey/Red),Addon Pro Jacket (Grey/,Red,8110302331038,5199.00,images_processed\lone_ranger\lone-ranger-addon-pro-jacket-grey-red-men-lightweight-stylish.webp,
Lone Ranger,Jackets,Addon Pro Jacket (Grey/Neon green),Addon Pro Jacket (Grey/Neon,green,8110299283614,5199.00,images_processed\lone_ranger\lone-ranger-addon-pro-jacket-grey-neon-green-men-rugged-off-road.webp,
Lone Ranger,Jackets,Addon Pro Jacket (Black/Grey),Addon Pro Jacket (Black/,Grey,8110282932382,5849.00,images_processed\lone_ranger\lone-ranger-addon-pro-jacket-black-grey-men-windproof-rugged.webp,
Lone Ranger,Jackets,Addon Pro Jacket (Black/Neon green),Addon Pro Jacket (Black/Neon,green,8110277460126,5849.00,images_processed\lone_ranger\rn-image_picker_lib_temp_c10ed4d4-57ea-4912-907a-48e9c405610b.webp,
Lone Ranger,Jackets,Urbano Riding Jacket (Orange),Urbano Riding Jacket,Orange,8067232563358,8899.00,images_processed\lone_ranger\breathable-orange-armored-motorcycle-jacket-lone-ranger.webp,
Lone Ranger,Jackets,Urbano Riding Jacket (Green),Urbano Riding Jacket,Green,8067232301214,8899.00,images_processed\lone_ranger\breathable-adventure-riding-jacket-lone-ranger-urbano-mens.webp,
Lone Ranger,Jackets,Wayfarer Touring Jacket (Grey),Wayfarer Touring Jacket,Grey,8067225223326,16299.00,images_processed\lone_ranger\grey-armored-touring-jacket-for-men-lone-ranger-wayfarer.webp,
Lone Ranger,Jackets,Lone Ranger Rebel Biker Jacket (Neon Green),Lone Ranger Rebel Biker Jacket (Neon,Green,8067223453854,6399.00,images_processed\lone_ranger\comfortable-mens-motorcycle-gear.webp,
Lone Ranger,Jackets,Bandit Green Jacket (with Aerodynamic Hump),Bandit Green Jacket (with Aerodynamic Hump),Standard,8067220537502,9499.00,images_processed\lone_ranger\Bestridingjackets_indianjacket_bikeleatherjackets.webp,
Lone Ranger,Jackets,Lone Ranger Advento V2 Jacket,Lone Ranger Advento V2 Jacket,Standard,7983902097566,6849.00,images_processed\lone_ranger\lone-ranger-advento-v2-motorcycle-riding-jacket-mens-motorcycle-racing-jacket-winter-riding-gear.webp,
Lone Ranger,Jackets,Wayfarer Touring Jacket (Black),Wayfarer Touring Jacket,Black,7944527577246,16299.00,images_processed\lone_ranger\long-lasting-mens-black-touring-jacket-comfortable-riding-gear.webp,
Lone Ranger,Jackets,Urbano Riding Jacket (Black),Urbano Riding Jacket,Black,7944527184030,8899.00,images_processed\lone_ranger\LoneRangerAddonRidingJacketBlack-LightweightMotorcycleSafetyGearforRiders.webp,
Lone Ranger,Jackets,Bandit Orange Jacket (with Aerodynamic Hump),Bandit Orange Jacket (with Aerodynamic Hump),Standard,7944527052958,9499.00,images_processed\lone_ranger\2v4a2314.webp,
Lone Ranger,Jackets,Troy Touring Jacket - Black,Troy Touring Jacket,Black,7944527020190,13199.00,images_processed\lone_ranger\lone-ranger-troy-touring-jacket-black-outdoor.webp,
Lone Ranger,Jackets,Lone Ranger Rebel Biker Jacket (Black),Lone Ranger Rebel Biker Jacket,Black,7944526987422,6399.00,images_processed\lone_ranger\lightweight-thigh-bag-men-women_e3f478e0-ce59-4bcc-9393-5ff1d70033a4.webp,
Lone Ranger,Jackets,Lone Ranger TRIBE Denim Jacket (Black),Lone Ranger TRIBE Denim Jacket,Black,7944526495902,4799.00,images_processed\lone_ranger\1_90663531-397a-4578-806b-c9c99c5dff0e.webp,
Lone Ranger,Jackets,Lone Ranger BLITZ Leather jacket,Lone Ranger BLITZ Leather jacket,Standard,7944526430366,15449.00,images_processed\lone_ranger\IMG_2326.webp,
Lone Ranger,Jackets,Lone Ranger TRIBE Women Demin jacket,Lone Ranger TRIBE Women Demin jacket,Standard,7944526069918,4799.00,images_processed\lone_ranger\mens-black-denim-biker-jacket.webp,
Lone Ranger,Jackets,Lone Ranger OCCULT (women),Lone Ranger OCCULT (women),Standard,7944526004382,13049.00,images_processed\lone_ranger\4_6b508a16-9cb5-4e4c-b671-ffbfa513ca50.webp,
Lone Ranger,Jackets,Lone Ranger OCCULT (men),Lone Ranger OCCULT (men),Standard,7944525840542,13049.00,images_processed\lone_ranger\occult_jacket_4040f549-d958-43d9-a115-0b0f84497d0a.webp,
Lone Ranger,Jackets,Lone Ranger Camo X,Lone Ranger Camo X,Standard,7944525742238,6449.00,images_processed\lone_ranger\lone-ranger-camo-x-men-breathable-comfortable-grip.webp,
Lone Ranger,Jackets,Lone Ranger Ace - Lifestyle Jacket,Lone Ranger Ace - Lifestyle Jacket,Standard,7944525643934,2949.00,images_processed\lone_ranger\ezgif-3-427679d52e.webp,
Lone Ranger,Jackets,Lone Ranger Artemis Denim Women Jacket,Lone Ranger Artemis Denim Women Jacket,Standard,7944524365982,4799.00,images_processed\lone_ranger\lone-ranger-artemis-denim-women-jacket-womens-denim-jacket-stylish-womens-riding-jacket-lightweight-denim-jacket.webp,
Lone Ranger,Jackets,Lone Ranger Artemis Leather Women Jacket,Lone Ranger Artemis Leather Women Jacket,Standard,7944524333214,9549.00,images_processed\lone_ranger\lone-ranger-artemis-leather-women-jacket-womens-leather-jacket-stylish-womens-riding-jacket-leather-motorcycle-jacket.webp,
Raida,Jackets,Raida Tourer Motorcycle Riding Jacket (Black Red),Raida Tourer Motorcycle Riding Jacket (Black,Red,7516445081665,4950.00,images_processed\raida\15_c313e29d-405c-419e-a6ae-6ae411c678bb.webp,
Raida,Jackets,Raida Tourer Motorcycle Riding Jacket (Black),Raida Tourer Motorcycle Riding Jacket,Black,7516455010369,4950.00,images_processed\raida\17_1ea7fbe1-add2-449a-8ebc-5d11fcd9d410.webp,
Raida,Jackets,Raida Tourer Motorcycle Riding Jacket (Black Hi Viz),Raida Tourer Motorcycle Riding Jacket (Black Hi Viz),Standard,7516379480129,4950.00,images_processed\raida\16_52a484f7-6795-4354-a695-32b2d176d782.webp,
Raida,Jackets,Raida Tourer Riding Pants (Black),Raida Tourer Riding Pants,Black,7516358049857,5150.00,images_processed\raida\36_2b26ff78-e4a4-4fa5-bd88-fb730e25312e.webp,
Raida,Jackets,Raida Tourer Riding Pants (Black Grey),Raida Tourer Riding Pants (Black,Grey,7473088069697,5150.00,images_processed\raida\29000-00001-P_1.webp,
Raida,Jackets,Raida Tourer Motorcycle Riding Jacket (Black Grey Red),Raida Tourer Motorcycle Riding Jacket (Black Grey,Red,7470679523393,4950.00,images_processed\raida\43.webp,
Raida,Jackets,Raida Tourer Motorcycle Riding Jacket (Black Grey Hi Viz),Raida Tourer Motorcycle Riding Jacket (Black Grey Hi Viz),Standard,7470672707649,4950.00,images_processed\raida\42.webp,
Raida,Jackets,Raida Tourer Motorcycle Riding Jacket (Black Grey),Raida Tourer Motorcycle Riding Jacket (Black,Grey,7470660157505,4950.00,images_processed\raida\44.webp,
Raida,Jackets,Raida Vintago Motorcycle Riding Jacket (Black),Raida Vintago Motorcycle Riding Jacket,Black,7456596918337,6999.00,images_processed\raida\Untitled-design-2024-09-06T144824.917.webp,
Raida,Jackets,Raida Vintago Motorcycle Riding Jacket (Black Brown),Raida Vintago Motorcycle Riding Jacket (Black,Brown,7102346690625,6999.00,images_processed\raida\3-1_0a1a33fd-5de7-4476-85a5-22ec37e89f28.webp,
Raida,Jackets,Raida Empress Women Motorcycle Riding Jacket (Black),Raida Empress Women Motorcycle Riding Jacket,Black,7060346601537,7499.00,images_processed\raida\2copy_1024x_3272f43c-9232-473b-b435-d7502d577589.webp,
Raida,Jackets,Raida Empress Women Motorcycle Riding Jacket (Black Grey),Raida Empress Women Motorcycle Riding Jacket (Black,Grey,7060402831425,7499.00,images_processed\raida\Untitled-design-77.webp,
Raida,Jackets,Raida Empress Women Motorcycle Riding Jacket (Black Hi Viz),Raida Empress Women Motorcycle Riding Jacket (Black Hi Viz),Standard,7060418461761,7499.00,images_processed\raida\Untitled-design-76.webp,
Raida,Jackets,Raida Empress Women Motorcycle Riding Jacket (Black Pink),Raida Empress Women Motorcycle Riding Jacket (Black,Pink,7060423082049,7499.00,images_processed\raida\10019-001-Palm-White.webp,
Raida,Jackets,Raida Vintago Motorcycle Riding Jacket (Black Yellow Blue),Raida Vintago Motorcycle Riding Jacket (Black Yellow,Blue,7060432355393,6999.00,images_processed\raida\Untitled-design-84.webp,
Raida,Jackets,Raida Frigate Motorcycle Riding Jacket (Black),Raida Frigate Motorcycle Riding Jacket,Black,6905224626241,9250.00,images_processed\raida\2000x2000-eComm_20PDP-Casual_Region_20Longsleeve_0002_Layer_2028.webp,
Raida,Jackets,Raida Frigate Motorcycle Riding Jacket (Navy Blue),Raida Frigate Motorcycle Riding Jacket (Navy,Blue,6905221677121,9250.00,images_processed\raida\10019-001-Palm-White.webp,
Raida,Jackets,Raida Frigate Motorcycle Riding Jacket (Grey),Raida Frigate Motorcycle Riding Jacket,Grey,6905183141953,9250.00,images_processed\raida\300.webp,
Raida,Jackets,SportZ Kit for Raida Riding Jacket,SportZ Kit for Raida Riding Jacket,Standard,6826888298561,2647.00,images_processed\raida\SportsKitsJacket.webp,
Raida,Jackets,Raida Rover Riding Pants,Raida Rover Riding Pants,Standard,6750171529281,7450.00,images_processed\raida\1_1106cb9d-1667-40db-a06f-a440f0b770ec.webp,
Raida,Jackets,Raida BOLT Motorcycle Riding Jacket (Black Hiviz),Raida BOLT Motorcycle Riding Jacket (Black Hiviz),Standard,6706222760001,6250.00,images_processed\raida\2_9497f637-14cb-4890-bfd5-b7d517749453.webp,
Raida,Jackets,Raida BOLT Motorcycle Riding Jacket (Black Red),Raida BOLT Motorcycle Riding Jacket (Black,Red,6706211291201,6250.00,images_processed\raida\1_4e702686-b41b-4718-9431-6473069a2e91.webp,
Raida,Jackets,Raida Kavac Motorcycle Riding Jacket (Black),Raida Kavac Motorcycle Riding Jacket,Black,6602589438017,8250.00,images_processed\raida\1_22b0c266-c051-4a7e-afd9-585a3b8f3438.webp,
Raida,Jackets,Raida Kavac GT Edition Motorcycle Riding Jacket (Black Fluro),Raida Kavac GT Edition Motorcycle Riding Jacket (Black Fluro),Standard,4644876124225,8250.00,images_processed\raida\Untitled-design-18.webp,
Raida,Jackets,Raida Kavac Motorcycle Riding Jacket (Grey),Raida Kavac Motorcycle Riding Jacket,Grey,4463470116929,8250.00,images_processed\raida\1-1_de290f3d-7ca1-4992-b2a6-00e3e6ea5d48.webp,
Raida,Jackets,SAS-TEC Chest Protector (CE Level 1),SAS-TEC Chest Protector (CE Level 1),Standard,1403563835457,1850.00,images_processed\raida\stencil-2-1_bd40f720-94fa-43c3-b0e6-4be3d5f27903.webp,
Scala,Jackets,Scala Blaze Riding Jacket - Black,Scala Blaze Riding Jacket,Black,8970153787615,4849.00,images_processed\scala\Scala_Blaze_Black_Front.webp,
Scala,Jackets,Scala Blaze Riding Jacket - Black and Orange,Scala Blaze Riding Jacket - Black and,Orange,8904503787743,4849.00,images_processed\scala\Blaze_Orange_front.webp,
Scala,Jackets,Scala Brave Riding Jacket - Black-Neon,Scala Brave Riding Jacket - Black,Neon,8754329977055,8499.00,images_processed\scala\Scala_Brave_Neon.webp,
Scala,Jackets,Scala Brave Riding Jacket - Black,Scala Brave Riding Jacket,Black,8754314248415,8499.00,images_processed\scala\ScalaBravewhite.webp,
Scala,Jackets,Scala Blaze Riding Jacket - Black and Red,Scala Blaze Riding Jacket - Black and,Red,8754247434463,4849.00,images_processed\scala\Blaze_red_front.webp,
Scala,Jackets,Scala Marvel V2 Riding Jacket - Black,Scala Marvel V2 Riding Jacket,Black,8731280277727,7399.00,images_processed\scala\SCALAMARVEL_V2JACKET_BLACK.webp,
Scala,Jackets,Scala Street L2 Riding Pants - Black,Scala Street L2 Riding Pants,Black,8729708003551,8599.00,images_processed\scala\SCALASTREETL2RIDINGPANT_BLACK_4.webp,
Scala,Jackets,Scala Thunder L2 Riding Jacket - Gray,Scala Thunder L2 Riding Jacket - Gray,Standard,8726488613087,9699.00,images_processed\scala\Scala_Thunder_L2_Riding_Jacket_-_Gray_Front.webp,
Scala,Jackets,Scala Thunder L2 Riding Jacket - Black,Scala Thunder L2 Riding Jacket,Black,8726485336287,9699.00,images_processed\scala\ScalaThunderL2RidingJacket-BlackFrontView.webp,
Scala,Jackets,Scala Marvel V2 Riding Jacket - Black and Gray,Scala Marvel V2 Riding Jacket - Black and Gray,Standard,8726478913759,7399.00,images_processed\scala\ScalaMarvelV2RidingJacket-BlackandGrayFrontView.webp,
Scala,Jackets,Scala Blaze Riding Jacket - Black and Neon,Scala Blaze Riding Jacket - Black and,Neon,8726468985055,4849.00,images_processed\scala\ScalaBlazeRidingJacket-BlackandNeonFrontView.webp,
Scala,Jackets,Scala Akira V2 Women Riding Jacket - Gray,Scala Akira V2 Women Riding Jacket - Gray,Standard,8712861450463,7499.00,images_processed\scala\Scala_Gears_Akira_Female_Riding_Jacket_Grey_Front_View.webp,
Scala,Jackets,Scala Akira V2 Women Riding Jacket - Black,Scala Akira V2 Women Riding Jacket,Black,8705641873631,7499.00,images_processed\scala\Scala_Gears_Akira_Female_Riding_Jacket_Black_Front_View.webp,
Axor,Tank bags,AXOR OASIS HYDRATION BAG WITH BLADDER,AXOR OASIS HYDRATION BAG WITH BLADDER,Standard,10291331104900,3320.00,images_processed\axor\AXOROASIS_HYDERATIONBAGWITHBLADER_-2Blue.webp,
Axor,Tank bags,Axor Roadie Saddle Bag,Axor Roadie Saddle Bag,Standard,10186230202500,5498.00,images_processed\axor\1_6.webp,
Axor,Tank bags,Axor Thigh Bag Lite,Axor Thigh Bag Lite,Standard,10166722429060,1691.00,images_processed\axor\AXOR-LITE-BLK-2_LTR_-_1_-_BLUE_BLACK.webp,
Axor,Tank bags,Club Wear,Club Wear,Standard,7156096761988,4890.00,images_processed\axor\ClubWear.webp,
Axor,Tank bags,Artist,Artist,Standard,7156096925828,4890.00,images_processed\axor\Artist.webp,
Axor,Tank bags,Mexicano,Mexicano,Standard,7156097024132,4290.00,images_processed\axor\Mexicano.webp,
Axor,Tank bags,Axor Brat Carrier Duffel Bag,Axor Brat Carrier Duffel Bag,Standard,10107258798212,2900.00,images_processed\axor\BRATBLUEJPG1080x10808.webp,
Axor,Tank bags,Axor Urbanite Minimalist Backpack,Axor Urbanite Minimalist Backpack,Standard,10106433634436,2290.00,images_processed\axor\URBANITEWEB-1.webp,
Axor,Tank bags,Axor Detour Day Adventure Pack,Axor Detour Day Adventure Pack,Standard,10107276722308,4900.00,images_processed\axor\DETOURWEB-2.webp,
Axor,Tank bags,Axor Axe Backpack,Axor Axe Backpack,Standard,10106430292100,3900.00,images_processed\axor\AXE_RED_jpg_1080x1080_2.webp,
Axor,Tank bags,Axor Chap Crossbody bag,Axor Chap Crossbody bag,Standard,10101094088836,1490.00,images_processed\axor\CHAPBLUEWEB-1.webp,
Axor,Tank bags,Axor Tail Bag-40 LTS,Axor Tail Bag-40 LTS,Standard,7283832717444,6200.00,images_processed\axor\TAILBAG_1.webp,
Axor,Tank bags,Axor Tail Bag-25 LTS,Axor Tail Bag-25 LTS,Standard,7105870397572,5498.00,images_processed\axor\TAILBAG_6.webp,
Axor,Tank bags,"Oh, Girl!","Oh, Girl!",Standard,7156096729220,3290.00,images_processed\axor\OhGirl.webp,
Axor,Tank bags,Pro,Pro,Standard,7156096827524,3290.00,images_processed\axor\ProPack_Action1.webp,
Axor,Tank bags,Old School,Old School,Standard,7156096663684,4590.00,images_processed\axor\OldSchool.webp,
Axor,Tank bags,Axor Tank Bag AXTB-2 (20 LTS),Axor Tank Bag AXTB-2 (20 LTS),Standard,7105870332036,3860.00,images_processed\axor\TANKBAGAXTB-2_1.webp,
Axor,Tank bags,Axor Tank Bag AXTB-1 (15 LTS),Axor Tank Bag AXTB-1 (15 LTS),Standard,7105870299268,3554.00,images_processed\axor\TANKBAGAXTB-1_1.webp,
Cramster,Tank bags,COLT LITE SADDLEBAGS 54L,COLT LITE SADDLEBAGS 54L,Standard,8455725187259,3999.00,images_processed\cramster\Cramster_Colt2Saddlebag52L_001_2.webp,
Cramster,Tank bags,ROVER TAIL BAG 40L,ROVER TAIL BAG 40L,Standard,8514496921787,2699.00,images_processed\cramster\Cramster_RoverTailBag40L_3DImages_001.webp,
Cramster,Tank bags,GRAB TAIL BAG 75L,GRAB TAIL BAG 75L,Standard,8308263321787,3799.00,images_processed\cramster\Cramster_Grab_Tail_Bag_010_1.webp,
Cramster,Tank bags,STALLION SADDLEBAGS 60L – WATERPROOF,STALLION SADDLEBAGS 60L – WATERPROOF,Standard,8182618226875,4199.00,images_processed\cramster\FRONT_5ef15c77-e75c-42cd-a002-8f81fd90d965.webp,
Cramster,Tank bags,TURTLE 2 TANK BAG 24L,TURTLE 2 TANK BAG 24L,Standard,8014928543931,2999.00,images_processed\cramster\Cramster_Turtle_Tank_Bag_001.webp,
Cramster,Tank bags,BEETLE 2 TANK BAG 9L,BEETLE 2 TANK BAG 9L,Standard,8015156707515,1999.00,images_processed\cramster\Cramster_Beetle_Tank_Bag_001.webp,
Cramster,Tank bags,OASIS HYDRATION BACKPACK,OASIS HYDRATION BACKPACK,Standard,7907072016571,2799.00,images_processed\cramster\Cramster_Oasis_Hydration_Bag_11_New.webp,
Raida,Tank bags,Raida Compass C65 Tail Bag,Raida Compass C65 Tail Bag,Standard,7883692638273,3650.00,images_processed\raida\Untitled-design-2026-03-25T125425.552-1.webp,
Raida,Tank bags,Raida Compass C45 Tail Bag,Raida Compass C45 Tail Bag,Standard,7873943240769,3250.00,images_processed\raida\Main.webp,
Raida,Tank bags,Raida Tourer Knee Guards Pair,Raida Tourer Knee Guards Pair,Standard,7858013667393,2950.00,images_processed\raida\Untitled-design-2026-03-16T121747.097.webp,
Raida,Tank bags,Raida Tourer Elbow Guards Pair,Raida Tourer Elbow Guards Pair,Standard,7858012520513,2350.00,images_processed\raida\Untitled-design-2026-03-16T121315.645.webp,
Raida,Tank bags,Raida Compass Crashbar Bag 6L,Raida Compass Crashbar Bag 6L,Standard,7848492564545,2250.00,images_processed\raida\Untitled-design-2026-03-07T120823.502.webp,
Raida,Tank bags,Raida Compass Crashbar Bag 10L,Raida Compass Crashbar Bag 10L,Standard,7848534376513,2750.00,images_processed\raida\Untitled-design-2026-03-07T120923.082.webp,
Raida,Tank bags,Raida Compass Crashbar Bag 20L,Raida Compass Crashbar Bag 20L,Standard,7848536866881,3250.00,images_processed\raida\Untitled-design-2026-03-07T120948.344.webp,
Raida,Tank bags,Raida Trailcraft Handlebar Bag,Raida Trailcraft Handlebar Bag,Standard,7772102262849,1299.00,images_processed\raida\21_bd839d28-e3f5-4b00-bf5c-d81b62e92095.webp,
Raida,Tank bags,Raida Compass Thigh Bag,Raida Compass Thigh Bag,Standard,7772099543105,1850.00,images_processed\raida\270.webp,
Raida,Tank bags,Raida Compass X8 Tank Bag,Raida Compass X8 Tank Bag,Standard,7771675689025,1950.00,images_processed\raida\13_2e5fdc33-ef3a-4386-86d4-0231d0e284eb.webp,
Raida,Tank bags,Raida Compass T43 Tail Bag,Raida Compass T43 Tail Bag,Standard,7767009919041,3450.00,images_processed\raida\11_c7353387-9f35-488e-8470-94e15b7500bc.webp,
Raida,Tank bags,Raida Compass T35 Tail Bag,Raida Compass T35 Tail Bag,Standard,7767000711233,2650.00,images_processed\raida\1_e675cfd6-bbca-4b4e-a811-513c56ee479b.webp,
Raida,Tank bags,Raida Compass V70 Motorcycle Saddle Bags,Raida Compass V70 Motorcycle Saddle Bags,Standard,7766992060481,4250.00,images_processed\raida\1-1_6d36f4fd-6df0-44f4-97bc-a08e943400d8.webp,
Raida,Tank bags,Raida Compass S60 Motorcycle Saddle Bags,Raida Compass S60 Motorcycle Saddle Bags,Standard,7765791637569,3950.00,images_processed\raida\14_1a7bb457-99a0-4728-8077-8ceaa86b49ba.webp,
Raida,Tank bags,Raida Compass K28 Tank Bag,Raida Compass K28 Tank Bag,Standard,7765789048897,3250.00,images_processed\raida\6_bec171cc-517a-420e-9c85-b29b4b32fe48.webp,
Raida,Tank bags,Raida Compass K16 Tank Bag,Raida Compass K16 Tank Bag,Standard,7765785051201,2450.00,images_processed\raida\1-2.webp,
Raida,Tank bags,Raida Motorcycle MX Boot Bag,Raida Motorcycle MX Boot Bag,Standard,7765776498753,1299.00,images_processed\raida\2-1_e2111793-9859-47ca-b620-407ffecd0bba.webp,
Raida,Tank bags,Raida Dryporter Waterproof Hydration Bag without Bladder (Hi Viz),Raida Dryporter Waterproof Hydration Bag without Bladder (Hi Viz),Standard,7511573430337,3950.00,images_processed\raida\2_94800b7c-dc9c-4a8b-a7d3-e4eeb2fa57fa.webp,
Raida,Tank bags,Raida Motomate Thigh Bag (Black),Raida Motomate Thigh Bag,Black,7172928208961,999.00,images_processed\raida\16_8e4acf0a-68a3-41e5-9a69-c6b5cc967a48.webp,
Raida,Tank bags,Raida Hydration Bladder with Insulation Cover,Raida Hydration Bladder with Insulation Cover,Standard,7053594263617,1250.00,images_processed\raida\23-removebg-preview.webp,
Raida,Tank bags,Raida DryPorter Waterproof Tail Bag (Black),Raida DryPorter Waterproof Tail Bag,Black,6930933219393,5850.00,images_processed\raida\1-1200x675.webp,
Raida,Tank bags,Raida DryPorter Waterproof Tail Bag (Hi Viz),Raida DryPorter Waterproof Tail Bag (Hi Viz),Standard,6930934497345,5850.00,images_processed\raida\2-1-1.webp,
Raida,Tank bags,Raida V50 Saddle Bag (Hi Viz),Raida V50 Saddle Bag (Hi Viz),Standard,6930936954945,3999.00,images_processed\raida\9R5A0084_20_281_29.webp,
Raida,Tank bags,Raida V50 Saddle Bag (Orange),Raida V50 Saddle Bag,Orange,6930935414849,3999.00,images_processed\raida\1_05f27212-2ff6-423e-b2e0-736919078763.webp,
Raida,Tank bags,Raida Season Pro Waterproof Bike Cover (Black),Raida Season Pro Waterproof Bike Cover,Black,6557305274433,1549.00,images_processed\raida\Glove-Size-Palm-Width-cm-XS-9-9.4-S-9.5-9.8-M-9.9-10.2-L-10.3-10.6-XL-10.7-11-2XL-11.01-11.4-1_b829cd95-4ae8-417f-9029-7e2ba064d847.webp,
Raida,Tank bags,Raida Season Pro Waterproof Bike Cover (Orange),Raida Season Pro Waterproof Bike Cover,Orange,4601641795649,1549.00,images_processed\raida\1_f7200b3c-fea8-41b9-af8d-6183751ce4fe.webp,
Raida,Tank bags,Raida RD Metro Tank Bag,Raida RD Metro Tank Bag,Standard,2119852163137,2199.00,images_processed\raida\5_ae9f5909-de30-4c9a-917d-60afa437d7b3.webp,
Raida,Tank bags,Raida ThruX Motorcycle Thigh Bag,Raida ThruX Motorcycle Thigh Bag,Standard,1400926076993,999.00,images_processed\raida\stencil-2-1_0d9e24b2-79d3-4ff9-8c00-74698e08c438.webp,
Raida,Tank bags,Raida G-Series Bike Saddle Bags,Raida G-Series Bike Saddle Bags,Standard,1400564744257,3699.00,images_processed\raida\stencil-1-1_2a4c7363-6e87-446e-8ace-bf202ef109d6.webp,
Raida,Tank bags,Raida GPS-Series Magnetic Tank Bag,Raida GPS-Series Magnetic Tank Bag,Standard,1400466440257,3099.00,images_processed\raida\stencil-1-1_2a4c7363-6e87-446e-8ace-bf202ef109d6.webp,
Legundary Customs,Crash guards,RE STANDARD 350 REBORN VAMBRACE 2.0 BASHPLATE,RE STANDARD 350 REBORN VAMBRACE 2.0 BASHPLATE,Standard,9669554012416,2990.00,images_processed\legundary_customs\1_6b1b9538-dcf0-4056-9a84-190b6e93aeab.webp,
Legundary Customs,Crash guards,TRIUMPH TRACKER 400 VOYAGER BASHPLATE SILVER,TRIUMPH TRACKER 400 VOYAGER BASHPLATE,SILVER,9580299288832,2790.00,images_processed\legundary_customs\2_9e6f0d40-c9ab-46f1-9857-a6be4a28500e.webp,
Legundary Customs,Crash guards,"TRIUMPH TRACKER 400 COSMIC HEADLIGHT GRILL BLACK & SLIVER, NUMBER PLATE HOLDER","TRIUMPH TRACKER 400 COSMIC HEADLIGHT GRILL BLACK & SLIVER, NUMBER PLATE HOLDER",Standard,9580297945344,2290.00,images_processed\legundary_customs\5_0306a69b-0c80-41b5-b292-02b8de5c2135.webp,
Legundary Customs,Crash guards,TRIUMPH TRACKER 400 MIDGET CRASHGUARD BLACK,TRIUMPH TRACKER 400 MIDGET CRASHGUARD,BLACK,9580000772352,5490.00,images_processed\legundary_customs\7_d282ca03-05b4-4bf7-8ebf-a96b275b944b.webp,
Legundary Customs,Crash guards,Triumph Tracker 400 Hector Crash Guard Black,Triumph Tracker 400 Hector Crash Guard,Black,9454988132608,3990.00,images_processed\legundary_customs\CRA24033TriumphScrambler400XCrashGuardBlack1.webp,
Legundary Customs,Crash guards,BMW F450 GS RAPTOR CRASHGUARD BLACK,BMW F450 GS RAPTOR CRASHGUARD,BLACK,9556843331840,9990.00,images_processed\legundary_customs\7_3b583742-0e62-44f6-8059-157ceaef3c01.webp,
Legundary Customs,Crash guards,BMW F450 GS RAPTOR CRASHGUARD WHITE,BMW F450 GS RAPTOR CRASHGUARD,WHITE,9556852211968,9990.00,images_processed\legundary_customs\1_61b9820b-f594-4483-b65a-732d7fb4610b.webp,
Legundary Customs,Crash guards,BMW F450 GS ROTEX FRONT WHEEL SLIDER,BMW F450 GS ROTEX FRONT WHEEL SLIDER,Standard,9556940718336,4890.00,images_processed\legundary_customs\WheelSlider2.webp,
Legundary Customs,Crash guards,BMW F450 GS VECTOR RADIATOR GRILL BLACK,BMW F450 GS VECTOR RADIATOR GRILL,BLACK,9556930035968,3890.00,images_processed\legundary_customs\1_f2d96e29-df7c-46f1-9a7e-9c2a221b7374.webp,
Legundary Customs,Crash guards,BMW F450 GS VECTOR RADIATOR GRILL SILVER,BMW F450 GS VECTOR RADIATOR GRILL,SILVER,9556920271104,3890.00,images_processed\legundary_customs\RadiatorGrill1.webp,
Legundary Customs,Crash guards,BMW F450 GS VAMBRACE BASHPLATE SILVER,BMW F450 GS VAMBRACE BASHPLATE,SILVER,9556841005312,7390.00,images_processed\legundary_customs\Bashplate_1.webp,
Legundary Customs,Crash guards,BMW F450 GS VAMBRACE BASHPLATE BLACK,BMW F450 GS VAMBRACE BASHPLATE,BLACK,9556835074304,6790.00,images_processed\legundary_customs\1_51f094b2-cf29-4a85-92c8-e9c84b9d6ee2.webp,
Legundary Customs,Crash guards,TVS APACHE RTX 300 RAPTOR CRASHGUARD UPPER & LOWER (WITH SLIDER) RED | BLACK | WHITE,TVS APACHE RTX 300 RAPTOR CRASHGUARD UPPER & LOWER (WITH SLIDER) RED | BLACK |,WHITE,9503423725824,7790.00,images_processed\legundary_customs\5_064890f3-40c9-4744-ba5d-c71f99bf5b59.webp,
Legundary Customs,Crash guards,SCRAM 440 THANOS CRASH GUARD WITH SLIDER BLACK,SCRAM 440 THANOS CRASH GUARD WITH SLIDER,BLACK,9490250006784,5690.00,images_processed\legundary_customs\11_c43c86ad-8c96-451f-ab06-65c55c55de0f.webp,
Legundary Customs,Crash guards,SCRAM 440 COSMIC HEADLIGHT GRILL BLACK & SILVER,SCRAM 440 COSMIC HEADLIGHT GRILL BLACK &,SILVER,9490212487424,1980.00,images_processed\legundary_customs\1_9d0d9179-5284-4576-9c4e-6e15f35b1b51.webp,
Legundary Customs,Crash guards,SCRAM 440 VECTOR RADIATOR GRILL BLACK,SCRAM 440 VECTOR RADIATOR GRILL,BLACK,9490190500096,1390.00,images_processed\legundary_customs\1_92f9677f-dcc7-41d0-886f-52b58b08366f.webp,
Legundary Customs,Crash guards,KAWASAKI KLX 230 (INDIAN) BELLATOR CRASHGUARD -BLACK,KAWASAKI KLX 230 (INDIAN) BELLATOR CRASHGUARD,BLACK,9458155094272,5799.00,images_processed\legundary_customs\8_ac8a5ad6-b8a0-4c04-838f-42c99ad816f7.webp,
Legundary Customs,Crash guards,KAWASAKI KLX 230 (INTERNATIONAL) VAMBRACE BASHPLATE -SILVER,KAWASAKI KLX 230 (INTERNATIONAL) VAMBRACE BASHPLATE,SILVER,9458241437952,4680.00,images_processed\legundary_customs\4_72ffe2af-8e7d-4c68-9038-de3ec9ecc245.webp,
Legundary Customs,Crash guards,KAWASAKI KLX 230 (INDIAN)VAMBRACE BASHPLATE -SILVER,KAWASAKI KLX 230 (INDIAN)VAMBRACE BASHPLATE,SILVER,9458237636864,4680.00,images_processed\legundary_customs\6_39ac63a8-98dc-423e-ae8d-00b39b5b3981.webp,
Legundary Customs,Crash guards,KAWASAKI KLX 230 (INTERNATIONAL) VAMBRACE BASHPLATE -BLACK,KAWASAKI KLX 230 (INTERNATIONAL) VAMBRACE BASHPLATE,BLACK,9458237243648,3799.00,images_processed\legundary_customs\2_ad24f3fc-d027-4e1d-9757-af239e0470a5.webp,
Legundary Customs,Crash guards,KAWASAKI KLX 230 (INDIAN) VAMBRACE BASHPLATE -BLACK,KAWASAKI KLX 230 (INDIAN) VAMBRACE BASHPLATE,BLACK,9458232951040,3799.00,images_processed\legundary_customs\6_cb4e64bd-d623-459e-9344-b5a9516b447b.webp,
Legundary Customs,Crash guards,KAWASAKI KLX 230 (INTERNATIONAL)  BELLATOR CRASHGUARD -BLACK,KAWASAKI KLX 230 (INTERNATIONAL)  BELLATOR CRASHGUARD,BLACK,9458163089664,5799.00,images_processed\legundary_customs\4_9c2b4ac6-85f0-43d5-89aa-b8ce9527f57b.webp,
Legundary Customs,Crash guards,KAWASAKI KLX 230 HAULIER LUGGAGE CARRIER WITH SILVER PLATE,KAWASAKI KLX 230 HAULIER LUGGAGE CARRIER WITH SILVER PLATE,Standard,9458135564544,4799.00,images_processed\legundary_customs\1_18231943-98bd-4cad-a298-541ccf91dec0.webp,
Legundary Customs,Crash guards,KAWASAKI KLX 230 HAULIER LUGGAGE CARRIER WITH BLACK PLATE,KAWASAKI KLX 230 HAULIER LUGGAGE CARRIER WITH BLACK PLATE,Standard,9458119934208,4499.00,images_processed\legundary_customs\12_eaf1d15c-b1e8-4fea-971f-97b84e740036.webp,
Legundary Customs,Crash guards,Triumph Scrambler 400XC Hector Crash Guard Black,Triumph Scrambler 400XC Hector Crash Guard,Black,9454026195200,3990.00,images_processed\legundary_customs\CRA24033TriumphScrambler400XCrashGuardBlack1.webp,
Legundary Customs,Crash guards,Triumph Speed 400 Hector Crash Guard Black,Triumph Speed 400 Hector Crash Guard,Black,9453235962112,3990.00,images_processed\legundary_customs\CRA24033TriumphScrambler400XCrashGuardBlack1.webp,
Legundary Customs,Crash guards,Triumph Speed 400 T4 Hector Crash Guard Black,Triumph Speed 400 T4 Hector Crash Guard,Black,9449886318848,3990.00,images_processed\legundary_customs\CRA24033TriumphScrambler400XCrashGuardBlack1.webp,
Legundary Customs,Crash guards,Triumph Speed 400 T4 Velocis Non Slider Crash Guard,Triumph Speed 400 T4 Velocis Non Slider Crash Guard,Standard,9449879568640,3800.00,images_processed\legundary_customs\3_3ff2c784-da6c-4b9e-a42c-b76ea7578e8e.webp,
Legundary Customs,Crash guards,Triumph Speed 400 T4 Voyager Bashplate,Triumph Speed 400 T4 Voyager Bashplate,Standard,9449874063616,2590.00,images_processed\legundary_customs\1_61a6da24-2bc2-43cf-8250-99f6b6d3d147.webp,
Legundary Customs,Crash guards,Triumph Speed 400 T4 Thanos Crash guard With Slider,Triumph Speed 400 T4 Thanos Crash guard With Slider,Standard,9449870754048,4790.00,images_processed\legundary_customs\13_b4fb7c63-e2c4-4450-bfe9-445fec7af628.webp,
Legundary Customs,Crash guards,YAMAHA XSR 155 THANOS CRASHGUARD WITH SLIDER,YAMAHA XSR 155 THANOS CRASHGUARD WITH SLIDER,Standard,9440485769472,4790.00,images_processed\legundary_customs\3_4bc25c9e-28ab-46dc-8d4a-66307514a89b.webp,
Legundary Customs,Crash guards,TVS APACHE RTX 300 VAMBRACE BASHPLATE BLACK MS,TVS APACHE RTX 300 VAMBRACE BASHPLATE BLACK MS,Standard,9426290180352,3200.00,images_processed\legundary_customs\bash_plate_product.webp,
Legundary Customs,Crash guards,TVS APACHE RTX 300 GENESIS CARRIER PLATE  SILVER -DIRECT FIT(WITH OEM CARRIER),TVS APACHE RTX 300 GENESIS CARRIER PLATE  SILVER -DIRECT FIT(WITH OEM CARRIER),Standard,9405222617344,2990.00,images_processed\legundary_customs\130_311a4be3-294a-4f58-aee4-9554c13b3602.webp,
Legundary Customs,Crash guards,TVS APACHE RTX 300 GENESIS CARRIER PLATE BLACK-DIRECT FIT (WITH OEM CARRIER),TVS APACHE RTX 300 GENESIS CARRIER PLATE BLACK-DIRECT FIT (WITH OEM CARRIER),Standard,9405218554112,2790.00,images_processed\legundary_customs\rtx_1.webp,
Legundary Customs,Crash guards,YAMAHA XSR 155 VAMBRACE BASH PLATE BLACK,YAMAHA XSR 155 VAMBRACE BASH PLATE,BLACK,9390996160768,3290.00,images_processed\legundary_customs\1_9df98dc0-80bf-4b15-842e-c7ae94ca9c27.webp,
Legundary Customs,Crash guards,YAMAHA XSR 155 VAMBRACE BASH PLATE SILVER,YAMAHA XSR 155 VAMBRACE BASH PLATE,SILVER,9391003992320,3890.00,images_processed\legundary_customs\2_3025a4b3-d73d-4804-98dc-79042a4490dc.webp,
Legundary Customs,Crash guards,YAMAHA XSR 155 BELLATOR CRASHGUARD BLACK,YAMAHA XSR 155 BELLATOR CRASHGUARD,BLACK,9391607054592,3990.00,images_processed\legundary_customs\7_622a8f0c-85f5-4482-94c8-ebbe2d1cd325.webp,
Legundary Customs,Crash guards,Apache RTR310 Thanos Crash Guard With Slider white,Apache RTR310 Thanos Crash Guard With Slider,white,9389960986880,5490.00,images_processed\legundary_customs\11_e7a40b51-1188-48b1-ba25-8ae8215971c8.webp,
Legundary Customs,Crash guards,TVS APACHE RTX 300 VAMBRACE BASHPLATE  BLACK ALUMINIUM,TVS APACHE RTX 300 VAMBRACE BASHPLATE  BLACK ALUMINIUM,Standard,9359804236032,4800.00,images_processed\legundary_customs\bash_plate_product.webp,
Legundary Customs,Crash guards,TVS APACHE RTX 300 RAPTOR CRASH GUARD UPPER & LOWER SET RED,TVS APACHE RTX 300 RAPTOR CRASH GUARD UPPER & LOWER SET,RED,9358474510592,6990.00,images_processed\legundary_customs\2_a7989ce6-e82c-4020-b1c0-2080eb59ca93.webp,
Legundary Customs,Crash guards,TVS APACHE RTX 300 VAMBRACE BASHPLATE SILVER,TVS APACHE RTX 300 VAMBRACE BASHPLATE,SILVER,9344747831552,4800.00,images_processed\legundary_customs\ENG25818_02.webp,
Legundary Customs,Crash guards,TVS APACHE RTX 300 VECTOR RADIATOR GRILL SILVER,TVS APACHE RTX 300 VECTOR RADIATOR GRILL,SILVER,9344572588288,2390.00,images_processed\legundary_customs\RAG25809_03.webp,
Legundary Customs,Crash guards,TVS APACHE RTX 300 VECTOR RADIATOR GRILL BLACK,TVS APACHE RTX 300 VECTOR RADIATOR GRILL,BLACK,9344584089856,1890.00,images_processed\legundary_customs\reditor_22.webp,
Legundary Customs,Crash guards,TVS APACHE RTX 300 RAPTOR CRASH GUARD UPPER & LOWER SET WHITE,TVS APACHE RTX 300 RAPTOR CRASH GUARD UPPER & LOWER SET,WHITE,9344619643136,6990.00,images_processed\legundary_customs\CRA25812_03.webp,
Legundary Customs,Crash guards,TVS APACHE RTX 300 RAPTOR CRASH GUARD UPPER & LOWER SET BLACK,TVS APACHE RTX 300 RAPTOR CRASH GUARD UPPER & LOWER SET,BLACK,9344618037504,6990.00,images_processed\legundary_customs\1200x1200_-2.webp,
Legundary Customs,Crash guards,TVS APACHE RTX 300 TITAN BOOT GUARDS,TVS APACHE RTX 300 TITAN BOOT GUARDS,Standard,9344472613120,1890.00,images_processed\legundary_customs\bootgurd.webp,
Legundary Customs,Crash guards,BMW F900 GS ROTEX FRONT WHEEL SLIDER PAIR,BMW F900 GS ROTEX FRONT WHEEL SLIDER PAIR,Standard,9332320272640,4899.00,images_processed\legundary_customs\slider12.webp,
Legundary Customs,Crash guards,BMW F900 GS TITAN BOOT GUARDS SILVER,BMW F900 GS TITAN BOOT GUARDS,SILVER,9332198605056,2980.00,images_processed\legundary_customs\fit1_c2b7923d-85b8-47bd-a186-431f003a66ab.webp,
Legundary Customs,Crash guards,BMW F900 GS BELLATOR CRASH GUARDS BLACK,BMW F900 GS BELLATOR CRASH GUARDS,BLACK,9332213252352,9980.00,images_processed\legundary_customs\fit3_c0266102-3157-47a0-8021-c0ec9d6ce75c.webp,
Legundary Customs,Crash guards,HONDA TRANSALP 750 TITAN BOOT GUARDS SILVER,HONDA TRANSALP 750 TITAN BOOT GUARDS,SILVER,9331741032704,2480.00,images_processed\legundary_customs\FIT3.webp,
Legundary Customs,Crash guards,Honda NX 500 Vector Radiator Grill V2 Black,Honda NX 500 Vector Radiator Grill V2,Black,9308563079424,2980.00,images_processed\legundary_customs\RAG24039LEGUNDARYHONDANX500VECTORRADIATORGRILLBLACK3_1.webp,
Legundary Customs,Crash guards,Honda NX 500 Vambrace Bash Plate Silver,Honda NX 500 Vambrace Bash Plate,Silver,9308550529280,6280.00,images_processed\legundary_customs\ENG24037HONDANX500BASHPLATESILVER9.webp,
Legundary Customs,Crash guards,Honda NX 500 Vambrace Bash Plate Black,Honda NX 500 Vambrace Bash Plate,Black,9308549480704,6280.00,images_processed\legundary_customs\ENG24036HONDANX500BASHPLATEBLACK1.webp,
Legundary Customs,Crash guards,RE Bear 650 Thanos Crash Guard With Slider,RE Bear 650 Thanos Crash Guard With Slider,Standard,9151660130560,5890.00,images_processed\legundary_customs\2_1_9542435e-b764-4a15-8fea-8005f722d3ef.webp,
Legundary Customs,Crash guards,Hunter Vambrace Bash Plate Silver,Hunter Vambrace Bash Plate,Silver,9289484828928,2880.00,images_processed\legundary_customs\ENG24035_LEGUNDARY_ROYAL_ENFIELD_HUNTER_350_VAMBRACE_BASHPLATE_SILVER_3.webp,
Legundary Customs,Crash guards,KTM 390 Enduro R Vambrace Bash Plate Black,KTM 390 Enduro R Vambrace Bash Plate,Black,9153605435648,4200.00,images_processed\legundary_customs\KTM390_CRA_black_1.webp,
Legundary Customs,Crash guards,KTM 390 Enduro R Defender Crash Guard Black,KTM 390 Enduro R Defender Crash Guard,Black,9153559953664,6290.00,images_processed\legundary_customs\KTM390_CRA_BLACK_1_cd76ecdd-38e6-47e7-b934-dac643dcd574.webp,
Legundary Customs,Crash guards,KTM 390 Enduro R Vector Radiator Grill Black,KTM 390 Enduro R Vector Radiator Grill,Black,9153580990720,1990.00,images_processed\legundary_customs\KTM390_reditor_gril_black_1.webp,
Legundary Customs,Crash guards,KTM 390 Enduro R Vector Radiator Grill Silver,KTM 390 Enduro R Vector Radiator Grill,Silver,9153594589440,2690.00,images_processed\legundary_customs\KTM390_reditor_gril_silver_1.webp,
Legundary Customs,Crash guards,KTM 390 Enduro R Rotex Front Wheel Slider,KTM 390 Enduro R Rotex Front Wheel Slider,Standard,9154998829312,4690.00,images_processed\legundary_customs\KTM390_wheel_slider_3.webp,
Legundary Customs,Crash guards,KTM 390 Enduro R Vambrace Bash Plate Silver,KTM 390 Enduro R Vambrace Bash Plate,Silver,9153598259456,4490.00,images_processed\legundary_customs\KTM390_CRA_1.webp,
Legundary Customs,Crash guards,KTM 390 Enduro R Defender Crash Guard Orange,KTM 390 Enduro R Defender Crash Guard,Orange,9153560936704,6290.00,images_processed\legundary_customs\KTM390_cra_orange_1.webp,
Legundary Customs,Crash guards,Triumph Scrambler 400 X Hector Crash Guard Black,Triumph Scrambler 400 X Hector Crash Guard,Black,9289402777856,3990.00,images_processed\legundary_customs\CRA24033TriumphScrambler400XCrashGuardBlack10_copy.webp,
Legundary Customs,Crash guards,Hero Xpulse 210 Vambrace Bash Plate Silver,Hero Xpulse 210 Vambrace Bash Plate,Silver,9104405135616,3890.00,images_processed\legundary_customs\eng1.webp,
Legundary Customs,Crash guards,Hero Xpulse 210 Xplorer Crash Guard,Hero Xpulse 210 Xplorer Crash Guard,Standard,9104384786688,5890.00,images_processed\legundary_customs\CRA21251BLACK1.webp,
Legundary Customs,Crash guards,Suzuki V Strom 800DE Titan Boot Guards Silver,Suzuki V Strom 800DE Titan Boot Guards,Silver,9098806657280,2430.00,images_processed\legundary_customs\CAP205785.webp,
Legundary Customs,Crash guards,Suzuki V Strom 800DE Rotex Front Wheel Slider,Suzuki V Strom 800DE Rotex Front Wheel Slider,Standard,9094940164352,4690.00,images_processed\legundary_customs\SLI203701.webp,
Legundary Customs,Crash guards,KTM ADV 890 Titan Master Cylinder Guard Silver,KTM ADV 890 Titan Master Cylinder Guard,Silver,9081914753280,1390.00,images_processed\legundary_customs\10_09dd7be9-5486-461b-ad19-a61828e49f59.webp,
Legundary Customs,Crash guards,KTM ADV 890 Huckita Carrier Plate Black,KTM ADV 890 Huckita Carrier Plate,Black,9084390539520,2800.00,images_processed\legundary_customs\12_f0c27051-280f-4f3a-affe-56c7314f4f85.webp,
Legundary Customs,Crash guards,KTM ADV 890 Rotex Front Wheel Slider,KTM ADV 890 Rotex Front Wheel Slider,Standard,9081965216000,4690.00,images_processed\legundary_customs\15_bbb0fb4f-fe30-4e79-9b8b-5c279c8a3a82.webp,
Legundary Customs,Crash guards,KTM ADV 890 Huckita Carrier Plate Silver,KTM ADV 890 Huckita Carrier Plate,Silver,9080992006400,2990.00,images_processed\legundary_customs\8_4d07d06b-2f53-46ec-bd5c-a99d16de1c27.webp,
Legundary Customs,Crash guards,KTM  Adventure 390 (2025 model)/ 250 ADV/390 ADV R/390 ADV X+/390 ADV S 2025 VAMBRACE BASHPLATE BLACK,KTM  Adventure 390 (2025 model)/ 250 ADV/390 ADV R/390 ADV X+/390 ADV S 2025 VAMBRACE BASHPLATE,BLACK,9069189988608,4200.00,images_processed\legundary_customs\1_c4b1f675-a4ac-4653-9d03-472eee3dce8d.webp,
Legundary Customs,Crash guards,KTM Adventure 390 (2025 model)/ 250 ADV/390 ADV R/390 ADV X+/390 ADV S 2025 VAMBRACE BASHPLATE SILVER,KTM Adventure 390 (2025 model)/ 250 ADV/390 ADV R/390 ADV X+/390 ADV S 2025 VAMBRACE BASHPLATE,SILVER,9069195329792,4490.00,images_processed\legundary_customs\1_f2726f1a-3ae2-4e71-9fd8-7b800f58aee1.webp,
Legundary Customs,Crash guards,KTM Adventure 390 (2025 model)/ KTM 250 ADV/390 ADV R/390 ADV X+/390 ADV S 2025 RAPTOR CRASHGUARD BLACK,KTM Adventure 390 (2025 model)/ KTM 250 ADV/390 ADV R/390 ADV X+/390 ADV S 2025 RAPTOR CRASHGUARD,BLACK,9069161873664,6990.00,images_processed\legundary_customs\1_5c698192-1576-4a4f-a05f-abb601369371.webp,
Legundary Customs,Crash guards,KTM Adventure 390 (2025 model)/ 250 ADV/390 ADV R/390 ADV X+/390 ADV S 2025 RAPTOR CRASHGUARD ORANGE,KTM Adventure 390 (2025 model)/ 250 ADV/390 ADV R/390 ADV X+/390 ADV S 2025 RAPTOR CRASHGUARD,ORANGE,9069156925696,6990.00,images_processed\legundary_customs\2_86e2bc52-60c1-41ee-93fd-b3bd37252be1.webp,
Legundary Customs,Crash guards,KTM Adventure 390 (2025 model)/ 250 ADV/390 ADV R/390 ADV X+/390 ADV S 2025 ROTEX FRONT WHEEL SLIDER,KTM Adventure 390 (2025 model)/ 250 ADV/390 ADV R/390 ADV X+/390 ADV S 2025 ROTEX FRONT WHEEL SLIDER,Standard,9069107970304,4690.00,images_processed\legundary_customs\1_0d461291-1ad8-4c19-88e7-be104e476692.webp,
Legundary Customs,Crash guards,X Pulse 200 4V Pro Defender Crash Guard,X Pulse 200 4V Pro Defender Crash Guard,Standard,9039954673920,4890.00,images_processed\legundary_customs\X1.webp,
Legundary Customs,Crash guards,X Pulse 200 4V Pro Vambrace Bash Plate,X Pulse 200 4V Pro Vambrace Bash Plate,Standard,9039942975744,3690.00,images_processed\legundary_customs\3_15c35305-9012-4ef5-afc3-4e715be9c90b.webp,
Legundary Customs,Crash guards,Kawasaki Versys 650 Rotex Front Wheel Slider,Kawasaki Versys 650 Rotex Front Wheel Slider,Standard,9032687878400,4690.00,images_processed\legundary_customs\7_d30c5312-334f-4a52-9032-dd4b2725147b.webp,
Legundary Customs,Crash guards,Kawasaki Versys 650 Vector Radiator Grill Black,Kawasaki Versys 650 Vector Radiator Grill,Black,9032665039104,3270.00,images_processed\legundary_customs\WEBSITE_SIZE_b8e64f53-9f84-4d96-9f88-f6e7e49b5e11.webp,
Legundary Customs,Crash guards,Kawasaki Versys 650 Vambrace Bash Plate Silver,Kawasaki Versys 650 Vambrace Bash Plate,Silver,9032568570112,6370.00,images_processed\legundary_customs\2_0737c5df-b5cb-4cae-8dcd-fc705730f265.webp,
Legundary Customs,Crash guards,Kawasaki Versys 650 Vambrace Bash Plate Black,Kawasaki Versys 650 Vambrace Bash Plate,Black,9032602976512,6370.00,images_processed\legundary_customs\10_cf516dda-a59b-42c7-999f-5c400c8bd75c.webp,
Legundary Customs,Crash guards,Hero Mavrick 440 Zephyr Metal Visor With Number Plate Stay,Hero Mavrick 440 Zephyr Metal Visor With Number Plate Stay,Standard,8765530734848,1400.00,images_processed\legundary_customs\MAVERICKFITED10_c7a2e621-d82e-4afe-b10a-fb8c4a1c514c.webp,
Legundary Customs,Crash guards,RE Bear 650 Vambrace Bash Plate Aluminium,RE Bear 650 Vambrace Bash Plate Aluminium,Standard,8921455264000,3990.00,images_processed\legundary_customs\2_890aaa7b-0fc0-4dca-abb8-6b43144629a1.webp,
Legundary Customs,Crash guards,RE Bear 650 Vambrace Bash Plate Mild Steel,RE Bear 650 Vambrace Bash Plate Mild Steel,Standard,8921452773632,2890.00,images_processed\legundary_customs\12_d38dff34-742b-4461-929b-5da1437b1632.webp,
Legundary Customs,Crash guards,RE Bear 650 Mig Headlight Grill With Number Plate,RE Bear 650 Mig Headlight Grill With Number Plate,Standard,8921431703808,1690.00,images_processed\legundary_customs\8_e6dfbd7d-7be6-461e-9f73-e512ec785328.webp,
Legundary Customs,Crash guards,Apache RTR310 Thanos Crash Guard With Slider Black,Apache RTR310 Thanos Crash Guard With Slider,Black,8838242009344,5490.00,images_processed\legundary_customs\2_4256988e-2b0f-4b6c-87d4-3b23e4de7d4a.webp,
Legundary Customs,Crash guards,BMW G310 GS Bellator Lower Crash Guard,BMW G310 GS Bellator Lower Crash Guard,Standard,8838181257472,6800.00,images_processed\legundary_customs\1_7616b8cf-e7c7-47cf-ba77-d1f2a46e000c.webp,
Legundary Customs,Crash guards,BMW G310 GS Raptor Upper Crash Guard,BMW G310 GS Raptor Upper Crash Guard,Standard,8838205767936,6800.00,images_processed\legundary_customs\1_7ad524f4-76bf-4596-913c-2dce5a71e1a6.webp,
Legundary Customs,Crash guards,Bajaj Pulsar NS400Z Brooch Number Plate Holder,Bajaj Pulsar NS400Z Brooch Number Plate Holder,Standard,8878376059136,1490.00,images_processed\legundary_customs\5_60167e50-a783-43b5-9669-2564d769cafa.webp,
Legundary Customs,Crash guards,Bajaj Pulsar NS400Z Pegasus Crash guard With Slider,Bajaj Pulsar NS400Z Pegasus Crash guard With Slider,Standard,8878266810624,5290.00,images_processed\legundary_customs\8_76f6b704-0f5e-43ad-b5e2-78b8822dcb00.webp,
Legundary Customs,Crash guards,RE Guerrilla 450 Bazooka Crash Guard,RE Guerrilla 450 Bazooka Crash Guard,Standard,8875876581632,4990.00,images_processed\legundary_customs\8_58b55179-ba72-4eac-a32b-6538bd44a1a9.webp,
Legundary Customs,Crash guards,RE Guerrilla 450 Gopher Luggage Carrier With Aluminium Plate,RE Guerrilla 450 Gopher Luggage Carrier With Aluminium Plate,Standard,8875866947840,4290.00,images_processed\legundary_customs\3_eb2372a7-edd8-4865-800b-284660e7c0f2.webp,
Legundary Customs,Crash guards,RE Guerrilla 450 Vambrace Bash Plate Aluminium,RE Guerrilla 450 Vambrace Bash Plate Aluminium,Standard,8875031232768,3890.00,images_processed\legundary_customs\1_a61798d8-ce3f-4923-8430-415bf3641c74.webp,
Legundary Customs,Crash guards,RE Guerrilla 450 Vambrace Bash Plate Mild Steel,RE Guerrilla 450 Vambrace Bash Plate Mild Steel,Standard,8874999513344,2980.00,images_processed\legundary_customs\10_e051b945-a2ba-4ded-96ea-30af53adbaca.webp,
Legundary Customs,Crash guards,RE Guerrilla 450 Gopher Luggage Carrier With Mild Steel Plate,RE Guerrilla 450 Gopher Luggage Carrier With Mild Steel Plate,Standard,8874952556800,3890.00,images_processed\legundary_customs\3_c49b110d-ecdd-4612-b795-d5effe9fac4b.webp,
Legundary Customs,Crash guards,Triumph Tiger 660 Vambrace Bash Plate,Triumph Tiger 660 Vambrace Bash Plate,Standard,8769106542848,4699.00,images_processed\legundary_customs\60000-00001-P_1.webp,
Legundary Customs,Crash guards,Hness Vambrace Bashplate,Hness Vambrace Bashplate,Standard,8765550100736,2790.00,images_processed\legundary_customs\hness-bashplate-4.webp,
Legundary Customs,Crash guards,Meteor 350|Honda Hness|Standard 350 Reborn Carrier Plate,Meteor 350|Honda Hness|Standard 350 Reborn Carrier Plate,Standard,8765549412608,1490.00,images_processed\legundary_customs\2_9e7a48c6-31cc-4987-9683-e4a5adbb5817.webp,
Legundary Customs,Crash guards,Meteor Vambrace Bashplate,Meteor Vambrace Bashplate,Standard,8765549379840,2690.00,images_processed\legundary_customs\royalenfieldmeteor350bashplate.webp,
Legundary Customs,Crash guards,Meteor 350 /Classic Reborn/Standard 350 Reborn Wadder Burn Crashguard,Meteor 350 /Classic Reborn/Standard 350 Reborn Wadder Burn Crashguard,Standard,8765549150464,3290.00,images_processed\legundary_customs\meteor-crashguard2_0a254bff-1f97-4602-9905-731433fad4ba.webp,
Legundary Customs,Crash guards,Xpulse Big Carrier Plate,Xpulse Big Carrier Plate,Standard,8765548560640,1690.00,images_processed\legundary_customs\3_0cb9e449-b945-47cf-a87d-2902433a2a30.webp,
Legundary Customs,Crash guards,Xpulse Small Carrier Plate,Xpulse Small Carrier Plate,Standard,8765548167424,1590.00,images_processed\legundary_customs\xpulse-carrier-lc-small_0c153b47-e481-4de9-87f5-d57cbdf57d17.webp,
Legundary Customs,Crash guards,Himalayan Huckitta Carrier Plate Bs6,Himalayan Huckitta Carrier Plate Bs6,Standard,8765545578752,1590.00,images_processed\legundary_customs\10019-001-Palm-White.webp,
Legundary Customs,Crash guards,Himalayan Bazooka Big CG With Slider Bs6,Himalayan Bazooka Big CG With Slider Bs6,Standard,8765545414912,5690.00,images_processed\legundary_customs\1_d13d6b57-a676-4ae3-acbc-00be8d3c2bc8.webp,
Legundary Customs,Crash guards,Himalayan Bazooka Small CG With Slider Bs6,Himalayan Bazooka Small CG With Slider Bs6,Standard,8765545251072,3999.00,images_processed\legundary_customs\HIMALAYAN-BAZOOKA-BIG-CG-LEG-SLIDER-2021-BS6-CRA3678-small2_3278aff4-8ba0-4d21-92e9-a9b17052f8de.webp,
Legundary Customs,Crash guards,Hness Thanos Crashguard With Slider,Hness Thanos Crashguard With Slider,Standard,8765545120000,4690.00,images_processed\legundary_customs\Honda-H_ness-Thanos-Crash-Guard-WITH-LEGUNDARY4.webp,
Legundary Customs,Crash guards,Dominar Pegasus Crashguard With Slider,Dominar Pegasus Crashguard With Slider,Standard,8765544399104,5390.00,images_processed\legundary_customs\with-leg-slider1_4860b806-9302-4baf-97ea-cf0d58e897af.webp,
Legundary Customs,Crash guards,Xpulse Carrier Plate Bs4/Bs6,Xpulse Carrier Plate Bs4/Bs6,Standard,8765543645440,1680.00,images_processed\legundary_customs\xpulse-carrier-LCB.jpg232.webp,
Legundary Customs,Crash guards,Xpulse Xplorer Crashguard Bs6 With Slider,Xpulse Xplorer Crashguard Bs6 With Slider,Standard,8765543547136,4200.00,images_processed\legundary_customs\xpulse-crashguard.jpg125.webp,
Legundary Customs,Crash guards,Dominar 400/Duke 250 BS6 GEN 2 Brooch Number Plate Holder,Dominar 400/Duke 250 BS6 GEN 2 Brooch Number Plate Holder,Standard,8765543514368,1690.00,images_processed\legundary_customs\number-plate-stay-4_1_ce7e05c5-3488-4f70-acd9-f33aeb6f6212.webp,
Legundary Customs,Crash guards,CB 200X | NX200 X Adrinex Crashguard With Slider,CB 200X | NX200 X Adrinex Crashguard With Slider,Standard,8765542891776,5600.00,images_processed\legundary_customs\crashguard.jpg1.webp,
Legundary Customs,Crash guards,KTM Duke 250 BS6 GEN 2  Pegasus Crashguard With Slider,KTM Duke 250 BS6 GEN 2  Pegasus Crashguard With Slider,Standard,8765542727936,5690.00,images_processed\legundary_customs\1_f05db6b6-262c-407a-b191-9fce3350d124.webp,
Legundary Customs,Crash guards,Slider Mat Black,Slider Mat,Black,8765541318912,1690.00,images_processed\legundary_customs\legundary-slider.webp,
Legundary Customs,Crash guards,Classic Reborn Bashplate,Classic Reborn Bashplate,Standard,8765539778816,2490.00,images_processed\legundary_customs\ENG6685-legundary-bash-plate-compatible-for-re-classic-350-legend-reborn_14c1e118-ca17-472e-8958-8b14032c699b.webp,
Legundary Customs,Crash guards,v strom huckitta carrier plate,v strom huckitta carrier plate,Standard,8765539188992,1990.00,images_processed\legundary_customs\6_f0c7abc5-bd1b-4992-9458-a33ceebf0e24.webp,
Legundary Customs,Crash guards,Hunter Hector Crash Guard,Hunter Hector Crash Guard,Standard,8765537517824,3990.00,images_processed\legundary_customs\3_a6f71e3e-1da9-48ed-aa34-62efdea58f09.webp,
Legundary Customs,Crash guards,Triumph Speed 400 Velocis Non Slider Crash Guard,Triumph Speed 400 Velocis Non Slider Crash Guard,Standard,8765535191296,3800.00,images_processed\legundary_customs\2_8f4262d0-38df-42e1-91c0-6c58fcefce6b.webp,
Legundary Customs,Crash guards,Triumph Speed 400 Voyager Bashplate,Triumph Speed 400 Voyager Bashplate,Standard,8765535125760,2590.00,images_processed\legundary_customs\5_32f23a5e-241a-4a8a-972f-b7bd0c82a4f0.webp,
Legundary Customs,Crash guards,Triumph Speed 400 Thanos Crash guard With Slider,Triumph Speed 400 Thanos Crash guard With Slider,Standard,8765533946112,4790.00,images_processed\legundary_customs\7_aab6b046-bbba-4ef0-b445-36815b89dce6.webp,
Legundary Customs,Crash guards,Hunter Midget Crash Guard With Slider,Hunter Midget Crash Guard With Slider,Standard,8765533749504,3990.00,images_processed\legundary_customs\1-2.webp,
Legundary Customs,Crash guards,ADV 390 Raptor Upper Crash Guard Black,ADV 390 Raptor Upper Crash Guard,Black,8765533323520,4680.00,images_processed\legundary_customs\03_c32b156e-1c8e-4319-85e0-ccd1aad017a6.webp,
Legundary Customs,Crash guards,ADV 390 Bellator Lower Crash Guard Black,ADV 390 Bellator Lower Crash Guard,Black,8765533290752,3800.00,images_processed\legundary_customs\advlowercrashguard.webp,
Legundary Customs,Crash guards,ADV 390 Brooch Number Plate Holder,ADV 390 Brooch Number Plate Holder,Standard,8765532733696,1690.00,images_processed\legundary_customs\3_0c745f1a-36cd-4c7d-b354-63f623350d3b.webp,
Legundary Customs,Crash guards,Himalayan 450 Taurus Carrier Plate Mild steel,Himalayan 450 Taurus Carrier Plate Mild steel,Standard,8765532438784,1690.00,images_processed\legundary_customs\3_f4835bc7-4193-472c-9382-9e00d982847f.webp,
Legundary Customs,Crash guards,Himalayan 450 Vambrace Bash plate Aluminium,Himalayan 450 Vambrace Bash plate Aluminium,Standard,8765531914496,3890.00,images_processed\legundary_customs\9_aa9929b3-15d0-458e-9d9d-c641df1c0c55.webp,
Legundary Customs,Crash guards,Himalayan 450 Bazooka Crashguard With Slider,Himalayan 450 Bazooka Crashguard With Slider,Standard,8765531783424,6290.00,images_processed\legundary_customs\5_d15997f3-09ee-4d76-84a4-3f25c0f073a2.webp,
Legundary Customs,Crash guards,Himalayan 450 Taurus Carrier Plate Aluminium,Himalayan 450 Taurus Carrier Plate Aluminium,Standard,8765531455744,1990.00,images_processed\legundary_customs\2_5352c77f-2d7a-4f38-9805-dddfa8a33f63.webp,
Legundary Customs,Crash guards,Himalayan 450 Vambrace Bash plate Mild Steel,Himalayan 450 Vambrace Bash plate Mild Steel,Standard,8765531324672,2890.00,images_processed\legundary_customs\6_192e1052-6a18-492b-a098-bdc2420a6e54.webp,
Legundary Customs,Crash guards,Interceptor Thanos Crash Guard With Slider,Interceptor Thanos Crash Guard With Slider,Standard,8765531062528,5290.00,images_processed\legundary_customs\interceptor_1.webp,
Legundary Customs,Crash guards,Hero Mavrick 440 Thanos Crashguard With Slider,Hero Mavrick 440 Thanos Crashguard With Slider,Standard,8765530931456,5490.00,images_processed\legundary_customs\MAVERICKFITED8.webp,
Legundary Customs,Crash guards,Harley Davidson 440X Mig Headlight Grill,Harley Davidson 440X Mig Headlight Grill,Standard,8765530079488,1400.00,images_processed\legundary_customs\website1.webp,
Legundary Customs,Crash guards,V Strom Adrinex Crashguard With Slider,V Strom Adrinex Crashguard With Slider,Standard,8765372629248,5700.00,images_processed\legundary_customs\11_d4c11087-735f-4523-bc7b-0fccd7676953.webp,
Legundary Customs,Crash guards,V Strom Vambrace Bashplate,V Strom Vambrace Bashplate,Standard,8765371646208,2690.00,images_processed\legundary_customs\14_65647fcb-ea3a-427e-982b-80ca9e68e2d3.webp,
Legundary Customs,Crash guards,Super Meteor 650 Magneto Crash Guard,Super Meteor 650 Magneto Crash Guard,Standard,8765368336640,4200.00,images_processed\legundary_customs\crashguard7.webp,
Legundary Customs,Crash guards,Super Meteor 650 Combat Bash Plate,Super Meteor 650 Combat Bash Plate,Standard,8765367058688,2990.00,images_processed\legundary_customs\650bashplate6.webp,
Legundary Customs,Crash guards,Super Meteor 650 Taurus Carrier Plate,Super Meteor 650 Taurus Carrier Plate,Standard,8765365584128,2290.00,images_processed\legundary_customs\carrier1_4a65510b-123d-4052-ac1f-4a296c079acf.webp,
Legundary Customs,Crash guards,Super Meteor 650 Voyager Bash Plate,Super Meteor 650 Voyager Bash Plate,Standard,8765365092608,2990.00,images_processed\legundary_customs\bashplatelcb73.webp,
Legundary Customs,Crash guards,ADV 390 Crater Bash Plate,ADV 390 Crater Bash Plate,Standard,8765364732160,3590.00,images_processed\legundary_customs\2_dd2397db-8b04-4379-beed-617b56821b5b.webp,
Legundary Customs,Crash guards,Honda NX500 Adrinex Crash Guard,Honda NX500 Adrinex Crash Guard,Standard,8765364404480,6800.00,images_processed\legundary_customs\1_4025770b-89a8-4aa5-a134-c496c4708e7d.webp,
Legundary Customs,Crash guards,Harley Davidson X440 Thanos Crash Guard With Slider,Harley Davidson X440 Thanos Crash Guard With Slider,Standard,8765364109568,5490.00,images_processed\legundary_customs\website7.webp,
Motul,Lubricants/Oils,Motul Chain Maintenance Kit Road C1 C2 Combo (150ml each),Motul Chain Maintenance Kit Road C1 C2 Combo (150ml each),Standard,8000101089345,520.00,images_processed\motul\image_5a47c070-1020-4348-8c9d-6f316a90baa2.webp,
Motul,Lubricants/Oils,Motul Engine Flush 50ml,Motul Engine Flush 50ml,Standard,7469123829825,200.00,images_processed\motul\46B5DDE7-82D6-43A7-B212-2281908DAB7D_48c5d4cd-efd3-426e-994a-7e20b3640151.webp,
Motul,Lubricants/Oils,Motul M1 Helmet and Visor Cleaner (100 ml),Motul M1 Helmet and Visor Cleaner (100 ml),Standard,7455782436929,170.00,images_processed\motul\spray_limpa_capacete_viseira_motul_m1_helmet_visor_clean_25ml_219_1_0d4bc47fd5c1a52d4f8f5c52dc3e34b8.webp,
Motul,Lubricants/Oils,Motul M2 Helmet Interior Cleaner (100 ml),Motul M2 Helmet Interior Cleaner (100 ml),Standard,7455762907201,175.00,images_processed\motul\6146a1PUFlL._AC_SY606.webp,
Motul,Lubricants/Oils,Motul Inugel Expert Coolant (1 Litre),Motul Inugel Expert Coolant (1 Litre),Standard,6993369989185,223.00,images_processed\motul\flmFKkHb4ZHCbKycwLTCkBJf9t2bef8ajz27np6M-removebg-preview.webp,
Motul,Lubricants/Oils,MOTUL FORK OIL EXPERT HEAVY 20W 350 ML,MOTUL FORK OIL EXPERT HEAVY 20W 350 ML,Standard,6707350110273,155.00,images_processed\motul\81F2XjDMnSL._SL1500.webp,
Motul,Lubricants/Oils,Motul C1 Chain Clean (150 ml),Motul C1 Chain Clean (150 ml),Standard,6598601769025,255.00,images_processed\motul\616Iv20KsqL._SL1101.webp,
Motul,Lubricants/Oils,Motul C2 Chain Lube (150ml),Motul C2 Chain Lube (150ml),Standard,6598603341889,265.00,images_processed\motul\61mJo2tHKoL._SL1163.webp,
Motul,Lubricants/Oils,Motul C5 Chain Paste (150 ml),Motul C5 Chain Paste (150 ml),Standard,6538641408065,550.00,images_processed\motul\710T8UxZbHL._SL1500.webp,
Motul,Lubricants/Oils,Motul Motocool Coolant Expert 1 Litre,Motul Motocool Coolant Expert 1 Litre,Standard,4632214896705,475.00,images_processed\motul\MOTOCOOL.webp,
Motul,Lubricants/Oils,Motul P3 Tyre Repair (300 ml),Motul P3 Tyre Repair (300 ml),Standard,4417602781249,555.00,images_processed\motul\61eaw2OcFGL._SL1224.webp,
Motul,Lubricants/Oils,Motul M2 Helmet Interior Cleaner (250 ml),Motul M2 Helmet Interior Cleaner (250 ml),Standard,9306337037,405.00,images_processed\motul\Motul-helmet-clean.webp,
Motul,Lubricants/Oils,Motul M1 Helmet and Visor Cleaner (250 ml),Motul M1 Helmet and Visor Cleaner (250 ml),Standard,9306325005,380.00,images_processed\motul\mot_helmet-visor-clean-m1.webp,
Motul,Lubricants/Oils,Motul C2 Chain Lube (400 ml),Motul C2 Chain Lube (400 ml),Standard,9306293005,595.00,images_processed\motul\C2_Chain_Lube.webp,
Motul,Lubricants/Oils,Motul C1 Chain Clean (400 ml),Motul C1 Chain Clean (400 ml),Standard,9305270989,545.00,images_processed\motul\c1_chain_clean.webp,
