sku,product_name,brand,category,image_path,source_url
10483316228228,Axor Agera Full Face Helmet With Spoiler,Axor,Helmets,images_processed\axor\1_70280cb3-a04f-497d-99cb-8dc3115345b7.webp,
10487803805828,Axor Agera Raiz Full Face Helmet With Spoiler,Axor,Helmets,images_processed\axor\37_97e42a78-a03f-43f2-bf86-95cae37873d6.webp,
10487749345412,Axor Agera Rush Full Face Helmet With Spoiler,Axor,Helmets,images_processed\axor\28_d3293d76-e49f-4eb4-ac27-1bf577c31231.webp,
10483275825284,Axor Brutale Airwaves Full Face Helmet with Dual Spoilers,Axor,Helmets,images_processed\axor\1_4fbe3a9e-7006-4f0a-b20f-74efbf9c19bb.webp,
10420834500740,Apex Scratch Helmet With Spoiler,Axor,Helmets,images_processed\axor\19.webp,
10402640789636,Axor Apex Marvel Spider Man Edition Full-Face Helmet With Spoiler,Axor,Helmets,images_processed\axor\1_936bc0f6-31ef-48c8-af79-3d120215e05a.webp,
10308755849348,Axor Kylo Bean Helmet,Axor,Helmets,images_processed\axor\3_0a592bf5-84cc-460d-afff-c485b11d7cae.webp,
10308683235460,Axor Kylo Bliss Helmet,Axor,Helmets,images_processed\axor\12_f34ec8f0-b8f2-4a94-93f1-af228afa2e0e.webp,
10308676747396,Axor Kylo Ray Helmet,Axor,Helmets,images_processed\axor\47_1.webp,
10308561305732,Axor Kylo Solid Helmet,Axor,Helmets,images_processed\axor\29_f1edb77f-0972-43fd-97c2-1afd79aecf9e.webp,
10340528619652,Apex Revo Coated Visor,Axor,Helmets,images_processed\axor\APEXREVOBLUE.webp,
10329882263684,Brutale Insert Complete Set,Axor,Helmets,images_processed\axor\13_5096eb9e-7952-4487-9c94-887c16efdbac.webp,
10040850645124,Apex Infinity Helmet,Axor,Helmets,images_processed\axor\161.webp,
10090546364548,Axor xBhp Bionic Helmet,Axor,Helmets,images_processed\axor\APEX_XBHP_BIONIC_WEB-3.webp,
10247576518788,Axor X Altor  Apex Venomous Smart Bluetooth Helmet,Axor,Helmets,images_processed\axor\V1.webp,
7106699853956,Street DC Batman Helmet,Axor,Helmets,images_processed\axor\ANTHRACITEBLACK_3.webp,
10217905094788,Axor IRIS Bluetooth Motorcycle Helmet Headset,Axor,Helmets,images_processed\axor\IRISByAltorAxor-2.webp,
7220798128260,Apex Dynamo Helmet,Axor,Helmets,images_processed\axor\283.webp,
10147324166276,Brutale Corsa Dual Spoiler Helmet,Axor,Helmets,images_processed\axor\64.webp,
7184887939204,Retro Jet West Helmet with Peak,Axor,Helmets,images_processed\axor\DULL_AQUA_GREEN_2.webp,
10135909171332,Apex Ascetic Helmet,Axor,Helmets,images_processed\axor\144.webp,
10106433011844,Axor Tom Backpack for Helmet,Axor,Helmets,images_processed\axor\TOMWEB-1.webp,
10053891653764,Brutale Kryptic Dual Spoiler Helmet,Axor,Helmets,images_processed\axor\46.webp,
10053884903556,Brutale Ryden Dual Spoiler Helmet,Axor,Helmets,images_processed\axor\2_cf594637-a812-40fa-8303-693d265398d6.webp,
10047967854724,Brutale Solid Colors Dual Spoiler Helmet,Axor,Helmets,images_processed\axor\11_11d102cc-ac9b-49a6-b000-8e2cc2a94428.webp,
10050695037060,X-Cross Dual Visor Gambling Helmet,Axor,Helmets,images_processed\axor\166_9fe6ca85-cc42-47e4-beb2-9a580948d14b.webp,
10010835943556,Axor X Altor  Apex Smart Bluetooth Helmet,Axor,Helmets,images_processed\axor\169.webp,
10030775730308,Axor Viper Riding Gloves,Axor,Helmets,images_processed\axor\76_5de4c067-1575-4042-a621-4927cc49ffcc.webp,
9999541633156,Hunter DC Superman Helmet,Axor,Helmets,images_processed\axor\1_1ee7e1be-f970-4925-ba87-da10985359cc.webp,
8209666244740,Street Marvel Captain America Helmet,Axor,Helmets,images_processed\axor\StreetCaptainAmericaBlue10803.webp,
8195492937860,Saber Sasuke Helmet,Axor,Helmets,images_processed\axor\SasukeWeb3.webp,
8193244430468,Saber Spark Helmet,Axor,Helmets,images_processed\axor\BLACK_RED_3_c6c6ac71-4455-423c-ac7d-fe13e50a0fb3.webp,
8193242660996,Saber Shadow Helmet,Axor,Helmets,images_processed\axor\BLACKMBLUE3.webp,
8192114589828,Hunter Shark Helmet,Axor,Helmets,images_processed\axor\BLACKWHITE_3_7821d6ee-9788-462f-97fa-07db27dbf018.webp,
8190896013444,Apex Marvel Black Panther Helmet,Axor,Helmets,images_processed\axor\174.webp,
8189829939332,X-Cross Dual Visor Speedometer Helmet,Axor,Helmets,images_processed\axor\183.webp,
8189778362500,X-Cross Dual Visor Orbit Helmet,Axor,Helmets,images_processed\axor\227.webp,
8189784981636,X-Cross Dual Visor Flagstaff Helmet,Axor,Helmets,images_processed\axor\201.webp,
8181870526596,Apex Prism Helmet,Axor,Helmets,images_processed\axor\192.webp,
8178690982020,Hunter Spear Helmet,Axor,Helmets,images_processed\axor\RED_BLACK_3.webp,
8174846214276,Jet Forged Carbon Helmet,Axor,Helmets,images_processed\axor\ForgedCarbon_2_3ac33abd-b570-4de3-bfaa-f8085cca2bd2.webp,
8165627134084,Hunter Turbo Helmet,Axor,Helmets,images_processed\axor\WHITERED_3_ecb84f10-6ce4-460b-9120-11a74cb03305.webp,
8164738990212,Hunter Solid Colors Helmet,Axor,Helmets,images_processed\axor\Black_3_edbc848a-41f0-4fae-9b7e-8b41ff8a8fd3.webp,
8165629886596,Hunter Cornet Helmet,Axor,Helmets,images_processed\axor\DARKBLUEBLUE_3.webp,
7301758582916,Saber X-Sport Helmet,Axor,Helmets,images_processed\axor\BLACK_NEON_YELLOW_3.webp,
7301130190980,Saber Single Colors Helmet,Axor,Helmets,images_processed\axor\SaberBlack_3.webp,
7301652742276,Saber Naruto Helmet,Axor,Helmets,images_processed\axor\BLACK_ORANGE_3_90a52c97-a617-4465-93d0-9f2e3bcf0552.webp,
7285836546180,Apex Marvel Deadpool Helmet,Axor,Helmets,images_processed\axor\209_e677a1f7-4614-4e0c-a8da-4f9a23b52a88.webp,
7102683873412,Apex Solid Color Helmet,Axor,Helmets,images_processed\axor\597.webp,
7262477910148,Apex Streak Helmet,Axor,Helmets,images_processed\axor\229.webp,
7245393854596,Retro Jet Sportz S13 Helmet,Axor,Helmets,images_processed\axor\JetSportsBlueBlack-2.webp,
7242883727492,Retro Jet Sportz C13 Helmet,Axor,Helmets,images_processed\axor\JetSportsOrangeBlue-2.webp,
7102684070020,Apex Seadevil helmet,Axor,Helmets,images_processed\axor\470.webp,
7204588126340,Pinlock 70 Film,Axor,Helmets,images_processed\axor\Pinlock70.webp,
7201377976452,Apex Trance Helmet,Axor,Helmets,images_processed\axor\318_92b859e1-5847-4b46-87c7-3328e18a8bf4.webp,
7202020982916,X-cross X1 Dual Visor Helmet,Axor,Helmets,images_processed\axor\WHITERED2.webp,
7103154716804,X-cross X1 Helmet,Axor,Helmets,images_processed\axor\419.webp,
7185079140484,Axor Nimbuz Jacket,Axor,Helmets,images_processed\axor\BlackGrey_2_379e2546-b70b-4974-bf4d-d88f3bc5617a.webp,
7147987763332,X-Cross Flash Dual Visor Helmet,Axor,Helmets,images_processed\axor\CoolGreyGreen2.webp,
7142961283204,Retro Jet Euro Globe Helmet,Axor,Helmets,images_processed\axor\Black2_9d3041cb-fb1c-4fad-93cd-7f15efd45db3.webp,
7119121023108,Axor Retro Jet Ibiza Women's Helmet,Axor,Helmets,images_processed\axor\IBIZA_2.webp,
7115066704004,Apex Marvel Venom Helmet,Axor,Helmets,images_processed\axor\346_c48a758d-4fce-4a40-a121-29f6a33de978.webp,
7106981429380,X-Cross Dual Visor Helmet,Axor,Helmets,images_processed\axor\298.webp,
7106798518404,Axor Jet Carbon Big Checks helmet with bubble visor,Axor,Helmets,images_processed\axor\CarbonBigChecks_2.webp,
7106798420100,Axor Jet Carbon Small Checks helmet with Bubble Visor,Axor,Helmets,images_processed\axor\CarbonSmallChecks2.webp,
7105870692484,Axor Diva Women's Jacket,Axor,Helmets,images_processed\axor\DivaBlackRed2.webp,
7105870626948,Axor Cruise 2 Jacket,Axor,Helmets,images_processed\axor\Cruise2NeonYellowBlack2.webp,
7105870594180,Axor Falcon Jacket,Axor,Helmets,images_processed\axor\Grey_2_76495ab4-ce92-4229-a024-0683be3d574f.webp,
7105870561412,Axor Flow Jacket,Axor,Helmets,images_processed\axor\Grey_2.webp,
7105868955780,Apex DC Joker Helmet,Axor,Helmets,images_processed\axor\364.webp,
7103155110020,Axor xBhp Speed of Thought Helmet,Axor,Helmets,images_processed\axor\xbhb_3.webp,
7103154880644,Street Solid Black Helmet,Axor,Helmets,images_processed\axor\Streetblack_3.webp,
7103154749572,X-cross Single Color Helmet,Axor,Helmets,images_processed\axor\376_6d418249-e0e8-4b6d-bd59-d887d4920f1d.webp,
7103154651268,Axor Retro Moto-X Helmet,Axor,Helmets,images_processed\axor\DullAthenaGrey_2.webp,
7103154618500,Axor Retro Jet Hawaii Women's Helmet,Axor,Helmets,images_processed\axor\HAWAII_2.webp,
7103154585732,Axor Retro Jet Helmet,Axor,Helmets,images_processed\axor\BLACK2.webp,
7102684168324,Apex Turbine Helmet,Axor,Helmets,images_processed\axor\373.webp,
7102684135556,Apex Vivid Helmet,Axor,Helmets,images_processed\axor\382.webp,
7102684102788,Apex Venomous Helmet,Axor,Helmets,images_processed\axor\409_024a5f8b-796f-4c8f-bbb2-328e659d61c8.webp,
7102684004484,Apex Hunter Helmet,Axor,Helmets,images_processed\axor\498.webp,
7102683906180,Apex Hex-2 Helmet,Axor,Helmets,images_processed\axor\552_2c52f281-d124-4dca-bd88-3c960f7a3bdd.webp,
7989524136001,KYT Striker Flaming Gloss Anthracite Red Helmet,KYT,Helmets,images_processed\kyt\1_25e39557-a3fd-4b2e-9511-668caf80674c.webp,
7989519581249,KYT Striker Brock Parkes Replica Gloss Blue White Helmet,KYT,Helmets,images_processed\kyt\1_d98cac8a-60cf-4dcf-b84f-1964f1fcbbee.webp,
7934900142145,KYT TT Revo Combustion Gloss Black Red Helmet,KYT,Helmets,images_processed\kyt\Y6TR0038-KYT-TT-REVO-COMBUSTION-MATTRED_5.webp,
7904834584641,Spare Visor for KYT R1R Helmets,KYT,Helmets,images_processed\kyt\KYTSpareVisorR1RDarkSmokecopy.webp,
7904281264193,KYT Spare Pinlock 70 Anti fog Clear Lens for R1R Helmets,KYT,Helmets,images_processed\kyt\dks223_c_70_3d_w.thumb_1cbbcccb-bc26-4d63-9136-cf9680988444.webp,
7904265306177,Spare Crown Pad for KYT NZ Race Helmets,KYT,Helmets,images_processed\kyt\1_8c6faf6e-4cbc-4377-abdc-326e3d539f0a.webp,
7904245350465,KYT Striker Runs Gloss White Helmet,KYT,Helmets,images_processed\kyt\1_8552d798-d960-4a13-b0d2-a0d93806538a.webp,
7903677153345,KYT Striker Fernandez Replica Gloss Black Red Helmet,KYT,Helmets,images_processed\kyt\1_43f3d3a2-708d-4d91-b988-818c06fd3d20.webp,
7903674662977,KYT Striker Davo Replica Gloss Black Red Fluro Helmet,KYT,Helmets,images_processed\kyt\1_5e720636-ad25-4d1d-bb9f-74795edd9e05.webp,
7903660867649,KYT Striker Davo Gloss Black Gold Helmet,KYT,Helmets,images_processed\kyt\1_96edb516-51e0-4053-b713-2b97c07fb34d.webp,
7903659327553,KYT Striker Dallaporta Replica Gloss Helmet,KYT,Helmets,images_processed\kyt\1_ebc54d11-f4ed-4d87-b13f-f9b377b5ad60.webp,
7903658672193,KYT R2R Pro Parsec Gloss White Red Helmet,KYT,Helmets,images_processed\kyt\1_3fb562b5-589f-4b4d-8982-e5c5ed986703.webp,
7903653625921,KYT R2R Pro Parsec Matt GRL Grey Red Helmet,KYT,Helmets,images_processed\kyt\1_4888bcbc-cd01-4655-93a2-69e30194fbd1.webp,
7879102857281,KYT R2R Pro Parsec Gloss Black Blue Red Helmet,KYT,Helmets,images_processed\kyt\side_719fdb89-3dc1-48a4-81a1-9877e6e1f2a9.webp,
7879094992961,KYT R2R Pro Fernandez 2025 Replica Matt Blue Helmet,KYT,Helmets,images_processed\kyt\R2RMAX-FERNANDEZ-2025-REP.webp,
7849861972033,KYT TT Revo Speeding Gloss White Red Helmet,KYT,Helmets,images_processed\kyt\Y6TR0051_KYT_TT_REVO_SPEEDING_WHITE_RED_4.webp,
7849851322433,KYT TT Revo Speeding Matt GRL Grey Red Helmet,KYT,Helmets,images_processed\kyt\Y6TR0052_KYTTTREVO_SPEEDING_MATTGRLGREYBLACK_4.webp,
7849836150849,KYT TT Revo Speeding Gloss Black Red Blue Helmet,KYT,Helmets,images_processed\kyt\Y6TR0053_KYT_TT_REVO_SPEEDING_BLACK_RED_BLUE_4.webp,
7849812983873,KYT TT Revo Riccardo Rossi BCN Gloss Helmet,KYT,Helmets,images_processed\kyt\Y6TRX058_KYT_TT-REVO_RICCARDO_ROSSI_BCN_REPLICA_1.webp,
7849794601025,KYT TT Revo Megalodon Gloss Helmet,KYT,Helmets,images_processed\kyt\Y6TRX057_KYT_TT-REVO_MEGALODON_1.webp,
7849775300673,KYT TT Revo Gino Rea Replica Gloss Helmet,KYT,Helmets,images_processed\kyt\Y6TRX061_KYT_TT-REVO_GINO_REA_REPLICA_9.webp,
7849626468417,KYT TT Revo Fernandez 2022 Replica Gloss Helmet,KYT,Helmets,images_processed\kyt\Y6TRX059_KYT_TT-REVO_FERNANDEZ_2022_REPLICA_4.webp,
7850053107777,Spare Photochromic Visor for KYT TT REVO Helmets,KYT,Helmets,images_processed\kyt\VISOR_KYT_TT_REVO_PHOTOCHROMIC.webp,
7768830115905,KYT TT Revo Enea Bastianini Indonesia Replica 2023 Gloss Pearl White Helmet,KYT,Helmets,images_processed\kyt\Y6TRX049-KYTTT-REVOBASTIANINIIDN2023WHITEPEARL_5.webp,
7662901788737,KYT D City Overtech Gloss Black Fluro Orange Helmet,KYT,Helmets,images_processed\kyt\2_c2626421-6666-4ec1-8228-894843830dec.webp,
7616921796673,Spare Visor for KYT KX1 Race GP Helmets,KYT,Helmets,images_processed\kyt\YAKX0VT0-KX1-VISOR-Clear_7a831272-112f-41bb-b14d-2b4166f5e475.webp,
7604890075201,KYT Striker 2V Flaming Gloss Anthracite Green Helmet,KYT,Helmets,images_processed\kyt\DSC08766.webp,
7603725140033,KYT TT Revo Plain Sea Blue Gloss Helmet,KYT,Helmets,images_processed\kyt\1_7a53fef5-93ce-4532-b996-836e8c03e314.webp,
7604873232449,KYT Striker 2V Flaming Gloss Grey Blue Helmet,KYT,Helmets,images_processed\kyt\DSC08765.webp,
7604879949889,KYT Striker 2V Flaming Gloss Anthracite Red Helmet,KYT,Helmets,images_processed\kyt\DSC08760.webp,
7604896366657,KYT Striker 2V Neutron Gloss Black Red Helmet,KYT,Helmets,images_processed\kyt\DSC08565.webp,
7604907999297,KYT Striker 2V Neutron Gloss Black White Helmet,KYT,Helmets,images_processed\kyt\DSC08359.webp,
7604914421825,KYT Striker 2V Neutron Gloss Black Yellow Helmet,KYT,Helmets,images_processed\kyt\DSC08570.webp,
7604921794625,KYT Striker 2V Brock Parkes Replica Gloss Blue White Helmet,KYT,Helmets,images_processed\kyt\DSC08574.webp,
7567342796865,KYT D City Lucent Blue Orange Gloss Open Face Helmets,KYT,Helmets,images_processed\kyt\2_ef796a90-c990-4cee-bebf-da972fe1aa38.webp,
7567133933633,KYT TT Revo Diogo Moreira 2024 Replica Gloss Blue Helmet,KYT,Helmets,images_processed\kyt\01-MOREIRAREPLICA.webp,
7566840004673,KYT D City Foggia Misano 2022 Replica Gloss Open Face Helmet,KYT,Helmets,images_processed\kyt\2_8e052495-642b-4440-a961-29002a2e9053.webp,
7471269937217,KYT TT Revo Fuselage Red Gloss Helmet,KYT,Helmets,images_processed\kyt\1_08a06d25-51a5-4e61-a9a5-0ed930e6d96e.webp,
7471583821889,KYT TT Revo Plain Crystal White Matt Helmet,KYT,Helmets,images_processed\kyt\Y6TRX0X3D_KYTTTREVO_PLAINCRYSTALWHITEMATT_8.webp,
7523631661121,KYT Striker 2V Plain Gloss GRL Grey Helmet,KYT,Helmets,images_processed\kyt\plaingrlgrey2.webp,
7544514379841,KYT TT Revo Plain White Gloss Helmet,KYT,Helmets,images_processed\kyt\1_fb50bc05-0e64-44ad-a75d-2bc886ab567c.webp,
7544520867905,KYT TT Revo Plain Gloss Black Helmet,KYT,Helmets,images_processed\kyt\Y6TRX0W6-KYTTT-REVOPLAINBLACK_8.webp,
7544527650881,KYT TT Revo Plain Sand Pearl Khakis Gloss Helmet,KYT,Helmets,images_processed\kyt\Y6TRX0WSK-KYTTT-REVOPLAINSANDPEARLKHAKIS_4.webp,
7544533319745,KYT TT Revo Plain Stellar Diamond Gloss Helmet,KYT,Helmets,images_processed\kyt\Y6TRX0W4S-KYTTT-REVOPLAINSTELLARDIAMOND_7.webp,
7544538955841,KYT TT Revo Plain Gara Red Gloss Helmet,KYT,Helmets,images_processed\kyt\Y6TRX0W7D-KYT-TTREVO-PLAINGARARED_4.webp,
7544543936577,KYT TT Revo Overtech Black Fuxia Gloss Helmet,KYT,Helmets,images_processed\kyt\Y6TRX042-KYTTT-REVOOVERTECHBLACKFUXIA_4.webp,
7545265848385,KYT TT Revo Synchrotron Gloss Helmet,KYT,Helmets,images_processed\kyt\Y6TR0036-KYT-TTREVO-SYNCHROTRON_5.webp,
7545268404289,KYT TT Revo Combustion Matt Black Red Helmet,KYT,Helmets,images_processed\kyt\Y6TR0038-KYT-TT-REVO-COMBUSTION-MATTRED_5.webp,
7545309495361,KYT TT Revo Combustion Black Orange Gloss Helmet,KYT,Helmets,images_processed\kyt\Y6TR0037-KYT-TTREVO-COMBUSTION-ORANGE_5.webp,
7545315393601,KYT TT Revo Sushi Time Gloss Helmet,KYT,Helmets,images_processed\kyt\Y6TR0042-KYTTT-REVOSUSHITIME_4.webp,
7545326174273,KYT TT Revo Enea Bastianini Indonesia Replica 2023 Matt Black Helmet,KYT,Helmets,images_processed\kyt\1_189bc8dd-c4d9-4a20-9594-785a24a9c1f9.webp,
7545338495041,KYT TT Revo Leopard Replica Spaniard Gloss Helmet,KYT,Helmets,images_processed\kyt\1_026b3cf6-f484-448f-bdc0-88b7af09720d.webp,
7545343574081,KYT TT Revo Bayliss Replica Gloss Helmet,KYT,Helmets,images_processed\kyt\1_a8809595-cf1d-405e-b360-e1c40e010fa5.webp,
7545364840513,KYT TT Revo Nicolo Bulega 2022 Replica Gloss Helmet,KYT,Helmets,images_processed\kyt\1_471e8d80-66e1-49e0-9743-0f17a1c032c2.webp,
7545375359041,KYT R2R Pro LED Matt Black Red Helmet,KYT,Helmets,images_processed\kyt\1_ece5fa9a-26e5-4140-8d8d-a891d8d577e6.webp,
7545376800833,KYT R2R Pro LED Matt Black Blue Helmet,KYT,Helmets,images_processed\kyt\1_26ec5720-cddd-426a-b667-ad6684ba1eb2.webp,
7545377357889,KYT R2R Pro LED Matt Black Grey Fluro Red Helmet,KYT,Helmets,images_processed\kyt\1_f8883de8-f248-409b-838c-c7c1348bacec.webp,
7545377751105,KYT R2R Pro Straight Gloss Helmet,KYT,Helmets,images_processed\kyt\1_3443fb7f-79f3-41cc-b19c-f9d1acdf2cac.webp,
7545378537537,KYT R2R Pro Octane Black Red Gloss Helmet,KYT,Helmets,images_processed\kyt\1_e22fa2fd-09a7-48ec-9315-92157ac94dd3.webp,
7545378832449,KYT R2R Pro Octane Matt Black Yellow Helmet,KYT,Helmets,images_processed\kyt\1_d7af545f-542c-43e9-ac79-c13962130658.webp,
7545379192897,KYT R2R Pro Plain GRL Grey Gloss Helmet,KYT,Helmets,images_processed\kyt\1_02bd067c-4dd8-4fdb-965d-24aaf056f24a.webp,
7545385779265,KYT R2R Pro Plain Gloss White Helmet,KYT,Helmets,images_processed\kyt\1_24efc0f3-82d2-41b8-a26d-4ad4abaf4448.webp,
7545404719169,KYT Striker 2V Plain Gloss White Helmet,KYT,Helmets,images_processed\kyt\1_2bbc8767-73f9-4494-bf78-7b8b2ac91469.webp,
7545773817921,KYT Striker 2V Plain Gloss Black Helmet,KYT,Helmets,images_processed\kyt\plainblack3.webp,
7545776341057,KYT Striker 2V Plain Matt Black Helmet,KYT,Helmets,images_processed\kyt\plainmattblack1.webp,
7545777193025,KYT Striker 2V Plain Matt GRL Grey Helmet,KYT,Helmets,images_processed\kyt\1_34c61e4b-878d-43bc-8a8e-46e2c03dca6a.webp,
7545785679937,KYT Striker 2V #01 Gloss Black Blue Helmet,KYT,Helmets,images_processed\kyt\1_7dee770e-4db7-42ca-a723-80d21c038386.webp,
7545787678785,KYT Striker 2V #01 Gloss Black Red Helmet,KYT,Helmets,images_processed\kyt\kytstrike_01blackred4.webp,
7545788203073,KYT Striker 2V #01 Gloss Grey Blue Helmet,KYT,Helmets,images_processed\kyt\kytstrike_01grlgreyblue2.webp,
7545790857281,KYT Striker 2V #02 Gloss Asphalt Grey Fuxia Helmet,KYT,Helmets,images_processed\kyt\02asphaltgrey-fluxia2.webp,
7545795117121,KYT Striker 2V #02 Matt Black Red Helmet,KYT,Helmets,images_processed\kyt\02mattblackred2.webp,
7545797836865,KYT Striker 2V AF37 Livery Gloss Black White Helmet,KYT,Helmets,images_processed\kyt\2_24fa9286-f821-4ff4-aca5-ccd6b2d459e8.webp,
7545798066241,KYT Striker 2V AF37 Livery Gloss Sea Blue Helmet,KYT,Helmets,images_processed\kyt\AF37liveryseablue2.webp,
7545798230081,KYT Striker 2V AF37 Livery Matt Black Red Helmet,KYT,Helmets,images_processed\kyt\AF37liverymattblackred2.webp,
7546469613633,KYT MX Jumpshot #1 Gloss Black Green Fluro Helmet,KYT,Helmets,images_processed\kyt\1_3e52744d-c3b7-46e4-9e6d-27040d107eb1.webp,
7546487701569,KYT R2R Pro Octane Black Orange Gloss Helmet,KYT,Helmets,images_processed\kyt\1_4402bcbc-e84b-459c-b172-37f02cb2bf1f.webp,
7546493894721,KYT TT Revo Dennis Foggia Replica Gloss Helmet,KYT,Helmets,images_processed\kyt\1_b935e13a-5db0-4820-9b4c-abcd29505309.webp,
7546530168897,KYT Spare Pinlock 70 Anti fog Clear Lens for Striker Helmets,KYT,Helmets,images_processed\kyt\dks223_c_70_3d_w.thumb_d6e0e66b-9c98-407c-8631-99eb7a5d7621.webp,
7546542293057,Spare Crown Pad for KYT TT Revo Helmets,KYT,Helmets,images_processed\kyt\KYT_TT_-_REVO_CROWN_PAD.webp,
7546522992705,KYT Spare Pinlock 70 Anti fog Clear Lens for R2R Pro Helmets,KYT,Helmets,images_processed\kyt\dks223_c_70_3d_w.thumb_d6e0e66b-9c98-407c-8631-99eb7a5d7621.webp,
7523087712321,KYT D City 98 Bomb Gloss Open Face Helmet,KYT,Helmets,images_processed\kyt\D_NQ_NP_868944-MLB74352488566_022024-O.webp,
7523115728961,KYT TT Revo Ratthapark Play Replica Gloss Helmet,KYT,Helmets,images_processed\kyt\Y6TRX041-KYT_TT-REVO_RATTHAPARK_PLAY_REPLICA_6.webp,
7523113009217,KYT MX Jumpshot Plain Gloss Black Helmet,KYT,Helmets,images_processed\kyt\KYT_20JUMP_20SHOT_20OFF_20ROAD_20MX_20DIRT_20BIKE_20HELMET_20PLAIN_20MATT_20BLACK_20AMAZINGLY_20CHEAP_20PRICE_20POINT_201-550x550w.webp,
7523091185729,KYT D City Ratthapark Play Replica Gloss Open Face Helmet,KYT,Helmets,images_processed\kyt\capacete-kyt-d-city-ratthapark-play-replica---2.webp,
7523090923585,KYT D City Lucent Black Red Gloss Open Face Helmet,KYT,Helmets,images_processed\kyt\s-l1600_63415b42-56a8-4f96-ab00-d3697914edda.webp,
7523089514561,KYT D City Dennis Foggia Leopard Replica Gloss Open Face Helmet,KYT,Helmets,images_processed\kyt\capacete-kyt-nf-j-dennis-foggia-leopard-replica-63e524295da19.webp,
7471091449921,KYT TT Revo Leopard Racing Replica Tricolore Gloss Helmet,KYT,Helmets,images_processed\kyt\1_b935e13a-5db0-4820-9b4c-abcd29505309.webp,
7511029448769,KYT Striker Plain Matt GRL Grey Helmet,KYT,Helmets,images_processed\kyt\1_34c61e4b-878d-43bc-8a8e-46e2c03dca6a.webp,
7471089942593,KYT TT Revo Riccardo Rossi 2022 Replica Matt Helmet,KYT,Helmets,images_processed\kyt\1_b63257dd-f09d-4306-baeb-0cbe877fc33a.webp,
7471549055041,KYT TT Revo Magnet Matt Helmet,KYT,Helmets,images_processed\kyt\1_44023741-e52a-4c0c-9672-51241768813b.webp,
7510742597697,KYT Spare Pinlock Pro Race Anti fog Clear Lens for KX1 GP Helmets,KYT,Helmets,images_processed\kyt\dks257_c_120xlt_3d_w.thumb.webp,
7510729588801,KYT Spare Pinlock 120 Max Vision Anti fog Clear Lens for KX1 GP Helmets,KYT,Helmets,images_processed\kyt\dks418_c_120xlt_3d_w.thumb.webp,
7503774941249,KYT D City Plain Gloss White Helmet,KYT,Helmets,images_processed\kyt\51UBC2ZBPJS._AC_SL1080.webp,
7503203139649,KYT D City Plain Matt Black Helmet,KYT,Helmets,images_processed\kyt\2_c4e96ab1-6d80-4c2b-aecb-0ea930a672b6.webp,
7503862530113,KYT TTR Jet Bastianini 2022 Replica Gloss Helmet,KYT,Helmets,images_processed\kyt\7c9322_c0064198c0a1469f89181109d2b4f3dc_mv2.webp,
7503863316545,KYT TTR Jet Bulega 2021 Replica Gloss Helmet,KYT,Helmets,images_processed\kyt\7c9322_76f1bfe2f5434445baaf367fb4aea9e4_mv2.webp,
7503855812673,KYT TTR Jet Foggia Misano 2022 Replica Gloss Helmet,KYT,Helmets,images_processed\kyt\7c9322_9c1c9f0cea4c4bceb604d36db0b5c52c_mv2.webp,
7503849881665,KYT TTR Jet Kasma 2023 Replica Gloss Helmet,KYT,Helmets,images_processed\kyt\KASMA-2023-REPLICA.webp,
7503844671553,KYT TTR Jet Plain Black Gloss Helmet,KYT,Helmets,images_processed\kyt\PLAIN-BLACK-1.webp,
7503832383553,KYT TTR Jet Plain Ice Matt Black Helmet,KYT,Helmets,images_processed\kyt\7c9322_81de09c129804673b343766372737667_mv2.webp,
7503185084481,KYT TTR Jet Plain White Gloss Helmet,KYT,Helmets,images_processed\kyt\7c9322_e459f6f644e644c3b04be8ea40cfa402_mv2.webp,
7503174860865,KYT TT Revo Leopard India Edition Gloss Helmet,KYT,Helmets,images_processed\kyt\1_3b8ee99e-7df7-4ef6-a8d5-e273e624228c.webp,
7478246834241,KYT Spare Pinlock 70 Anti fog Clear Lens for TT REVO Helmets,KYT,Helmets,images_processed\kyt\dks223_c_70_3d_w.thumb_d6e0e66b-9c98-407c-8631-99eb7a5d7621.webp,
7472602120257,KYT MX Jumpshot #3 Black Red Fluro Matt Helmet,KYT,Helmets,images_processed\kyt\1_5672493a-bc88-4d6e-8d7e-9a2afe46e0e4.webp,
7472555622465,KYT MX Jumpshot #3 Black Aqua Gloss Helmet,KYT,Helmets,images_processed\kyt\1_d594084c-3d70-4488-9955-e2cb85adab31.webp,
7472521052225,KYT TT Revo Plain GRL Grey Matt Helmet,KYT,Helmets,images_processed\kyt\1_df7e935f-8b02-43e0-8f9f-10f1f54b62d9.webp,
7471587065921,KYT TT Revo Plain Asphalt Grey Matt Helmet,KYT,Helmets,images_processed\kyt\1_836f6967-a29e-4056-a52d-f9e5cc36ffa4.webp,
7471585329217,KYT TT Revo Plain Black Matt Helmet,KYT,Helmets,images_processed\kyt\1_75fdfbcb-6ab1-48cc-91a0-6368ff3d0205.webp,
7471584542785,KYT TT Revo Plain GRL Grey Gloss Helmet,KYT,Helmets,images_processed\kyt\1_df7e935f-8b02-43e0-8f9f-10f1f54b62d9.webp,
7471544500289,KYT TT Revo Gear Black Red Gloss Helmet,KYT,Helmets,images_processed\kyt\1_e2984931-41a5-4c29-bc6c-fb7ea6189cd7.webp,
7471542861889,KYT TT Revo Gear Black Yellow Gloss Helmet,KYT,Helmets,images_processed\kyt\1_bf9b309c-90c3-4e9d-ad11-088144059e6d.webp,
7471297232961,KYT TT Revo Gear Blue Red Gloss Helmet,KYT,Helmets,images_processed\kyt\1_034661cc-22c4-4437-ac45-38a63f1c280a.webp,
7471293595713,KYT TT Revo Overtech Black Orange Gloss Helmet,KYT,Helmets,images_processed\kyt\1_ba632ff1-70e6-4fcd-9b84-a51067398efb.webp,
7471293333569,KYT TT Revo Overtech Black Green Gloss Helmet,KYT,Helmets,images_processed\kyt\1_016a14e3-a22c-40f5-acec-67cac8a1e5af.webp,
7471291859009,KYT TT Revo Tourist Cool Grey Matt Helmet,KYT,Helmets,images_processed\kyt\1_7f00b4b2-2883-4d44-9fa3-2bf167243d22.webp,
7471286714433,KYT TT Revo Grand Prix White Light Blue Gloss Helmet,KYT,Helmets,images_processed\kyt\1_5870c6e3-2fcc-4d25-b7ef-d3c57038d4b7.webp,
7471278227521,KYT TT Revo Electron Black Yellow Matt Helmet,KYT,Helmets,images_processed\kyt\1_950420b0-ef0c-4204-8c0f-c00b42ddc41a.webp,
7471276490817,KYT TT Revo Electron Grey Red Matt Helmet,KYT,Helmets,images_processed\kyt\1_9168ab85-5b21-4361-baba-f6d2e48afcaf.webp,
7471270756417,KYT TT Revo Fuselage Yellow Matt Helmet,KYT,Helmets,images_processed\kyt\1_71a15c0c-5ba8-4987-827f-b017d9b0169b.webp,
7471262335041,KYT TT Revo Flux Gloss Helmet,KYT,Helmets,images_processed\kyt\1_445c3b54-0519-4172-9347-11993f1ca799.webp,
7471261876289,KYT TT Revo TATI Replica Gloss Helmet,KYT,Helmets,images_processed\kyt\1_c1314a1f-c1c6-4d01-b22e-465e7ff79d7d.webp,
7471093186625,KYT TT Revo Masia Replica Winter Test Matt Helmet,KYT,Helmets,images_processed\kyt\1_d5efc6b2-9b1d-42bd-a358-41825ff48df8.webp,
7471068086337,KYT TT Revo Tourist Red Fluro Gloss Helmet,KYT,Helmets,images_processed\kyt\1_8f6da338-f438-4f44-a36b-b366d7f640e3.webp,
7450222231617,KYT Striker AF37 Livery Gloss Black White Helmet,KYT,Helmets,images_processed\kyt\2_24fa9286-f821-4ff4-aca5-ccd6b2d459e8.webp,
7450048823361,KYT R2R Pro Jaume Masia 2023 World Champion Gold Limited Edition Gloss Helmet,KYT,Helmets,images_processed\kyt\MAX-MASIA-WORLD-CHAMP-2023-GOLD-S.E.webp,
7450036830273,KYT R2R Pro Concept Matt Blue Yellow Helmet,KYT,Helmets,images_processed\kyt\1_c3eecaa2-9589-4b57-9fca-d0b6c6b37290.webp,
7450030374977,KYT R2R Pro Plain Gloss Black Helmet,KYT,Helmets,images_processed\kyt\1_bee960ae-f0cf-4d44-83fe-6af97c300b74.webp,
7423251054657,KYT R2R Pro Foggia Misano 2022 Replica Gloss Helmet,KYT,Helmets,images_processed\kyt\1_4eecb250-6e6f-44e0-a558-ac60d6481cc0.webp,
7250817515585,KYT Striker Plain Matt Black Helmet,KYT,Helmets,images_processed\kyt\plainmattblack1.webp,
7250842091585,KYT Striker Plain Gloss White Helmet,KYT,Helmets,images_processed\kyt\plainwhite2.webp,
7250830295105,KYT Striker Plain Gloss GRL Grey Helmet,KYT,Helmets,images_processed\kyt\plaingrlgrey2.webp,
7250792120385,KYT Striker Plain Gloss Black Helmet,KYT,Helmets,images_processed\kyt\plainblack3.webp,
7250741264449,KYT Striker AF37 Livery Matt Black Red Helmet,KYT,Helmets,images_processed\kyt\AF37liverymattblackred2.webp,
7250751848513,KYT Striker AF37 Livery Gloss Sea Blue Helmet,KYT,Helmets,images_processed\kyt\AF37liveryseablue2.webp,
7250711314497,KYT Striker #02 Matt Black Red Helmet,KYT,Helmets,images_processed\kyt\02mattblackred2.webp,
7250682413121,KYT Striker #02 Gloss Asphalt Grey Fuxia Helmet,KYT,Helmets,images_processed\kyt\02asphaltgrey-fluxia2.webp,
7250658787393,KYT Striker #01 Gloss Grey Blue Helmet,KYT,Helmets,images_processed\kyt\kytstrike_01grlgreyblue2.webp,
7250596003905,KYT Striker #01 Gloss Black Red Helmet,KYT,Helmets,images_processed\kyt\kytstrike_01blackred4.webp,
7244412715073,KYT Striker #01 Gloss Black Blue Helmet,KYT,Helmets,images_processed\kyt\kytstrike_01blackblue2.webp,
7251846103105,KYT R2R Pro Concept Matt Black Yellow Helmet,KYT,Helmets,images_processed\kyt\kyt-r2r-concept-full-face-motorcycle-helmet-matt-black-yellow_239208_zoom.webp,
7251843874881,KYT R2R Pro Concept Matt Black Red Helmet,KYT,Helmets,images_processed\kyt\kyt-r2r-concept-full-face-motorcycle-helmet-matt-black-red_239216_zoom.webp,
7012843585601,KYT R2R Pro Fury 29 Matt Helmet,KYT,Helmets,images_processed\kyt\HoMR2RPROlist_1_-23.webp,
7012837589057,KYT R2R Pro Plain Gun Metal Matt Helmet,KYT,Helmets,images_processed\kyt\HoMR2RPROlist_1_-47.webp,
7012834410561,KYT R2R Pro Augusto Fernandez 2022 Replica Matt Helmet,KYT,Helmets,images_processed\kyt\HoMR2RPROlist_1_-12.webp,
7012831625281,KYT R2R Pro Plain Matt Black Helmet,KYT,Helmets,images_processed\kyt\HoMR2RPROlist_1_-46.webp,
7012807737409,KYT R2R Pro Foggia Mugello 2022 Replica Gloss Helmet,KYT,Helmets,images_processed\kyt\HoMR2RPROlist_1_-6.webp,
7012797251649,KYT R2R Pro Foggia Misano 2021 Replica Gloss Helmet,KYT,Helmets,images_processed\kyt\HoMR2RPROlist_1_-3.webp,
7012638163009,KYT R2R Pro Jaume Masia 2022 Replica Matt Helmet,KYT,Helmets,images_processed\kyt\HoMR2RPROlist_1_-14.webp,
6974094049345,KYT Spare Pinlock 70 Max Vision Anti fog Clear Lens for NZ Race Helmets,KYT,Helmets,images_processed\kyt\dks223_c_70_3d_w.thumb_e78ad16b-2e89-4885-8570-cdc3da97ee1c.webp,
6972519579713,KYT Spare Pinlock 70 Max Vision Anti fog Clear Lens for NFR Helmets,KYT,Helmets,images_processed\kyt\dks223_c_70_3d_w.thumb.webp,
6972290302017,KYT D City Lucent Matt Black Silver Helmet,KYT,Helmets,images_processed\kyt\DSC048191.webp,
6948491886657,KYT D City Overtech Gloss Orange Fluro Yellow Helmet,KYT,Helmets,images_processed\kyt\DSC05903.webp,
6947749003329,KYT Jumpshot #1 Gloss Black Red Helmet,KYT,Helmets,images_processed\kyt\KYSJS000254-c.webp,
8059432566849,SMK Typhoon TVS Racing Edition Hurricane Gloss Black Red Helmet,SMK,Helmets,images_processed\smk\1_2a207a17-1d01-4a77-97f5-2d9ae638738d.webp,
8026567475265,SMK Nova Track Matt Black Grey Yellow (MA264) Helmet,SMK,Helmets,images_processed\smk\NOVA-TRACK-MA-264-3.webp,
8026522452033,SMK Nova Super Gloss Black Grey Green (GL268) Helmet,SMK,Helmets,images_processed\smk\NOVA-SUPER-MA-268.webp,
8026500431937,SMK Agnar Revv Matt Black Grey White (MA261) Helmet,SMK,Helmets,images_processed\smk\AGNAR-REVV-MA-261.webp,
8026497712193,SMK Agnar Revv Gloss Black Grey White (GL261) Helmet,SMK,Helmets,images_processed\smk\AGNAR-REVV-MA-261.webp,
7995379023937,SMK Retro Solid Matt Black with Tinted Visor (MA220) Helmet,SMK,Helmets,images_processed\smk\4FEA77E8-256B-4316-ADE6-48F1C47571FA.webp,
7995363819585,SMK Retro Solid Gloss Black with Tinted Visor (GL220) Helmet,SMK,Helmets,images_processed\smk\1A6109E7-383F-4E45-8FDE-56EC4CBB73E2.webp,
7937856208961,SMK Retro Inferno Gloss Red Yellow Orange (GL347) Helmet,SMK,Helmets,images_processed\smk\RETRO-INFERNO-5-1.webp,
7920279552065,SMK Allterra XSprint Black Grey White Matt (MA261) Helmet,SMK,Helmets,images_processed\smk\ALLTERRA-X-SPRINT-MA-261-BACK-768x768.webp,
7920265429057,SMK Allterra XAces Black Blue Red Gloss (GL253) Helmet,SMK,Helmets,images_processed\smk\gl-253_new.webp,
7914472603713,SMK Nova Super Gloss Grey Red White (GL631) Helmet,SMK,Helmets,images_processed\smk\NOVA-SUPER-MA-631.webp,
7914463035457,SMK Nova Track Gloss Black Grey (GL266) Helmet,SMK,Helmets,images_processed\smk\NOVA-TRACK-MA-266-3_82add3b3-29e6-48ba-9327-071bef70a884.webp,
7914471129153,SMK Nova Super Gloss Blue Orange White (GL571) Helmet,SMK,Helmets,images_processed\smk\NOVA-SUPER-MA-571.webp,
7905655390273,SMK Laminar Solid Matt Black (MA200) Helmet,SMK,Helmets,images_processed\smk\LAMINAR-MATT-BLACK-MA-200.webp,
7905652867137,SMK Laminar Starz Gloss Black Orange Grey (GL276) Helmet,SMK,Helmets,images_processed\smk\LAMINAR-STARZ-GL-276-4.webp,
7905649885249,SMK Laminar Kentro Gloss Grey Orange (GL667) Helmet,SMK,Helmets,images_processed\smk\GL-667-1.webp,
7905646051393,SMK Laminar Kentro Gloss Black Grey Red (GL263) Helmet,SMK,Helmets,images_processed\smk\MA-263-1.webp,
7905643495489,SMK Retro Inferno Gloss Black Yellow Red (GL243) Helmet,SMK,Helmets,images_processed\smk\RETRO-INFERNO-2-1.webp,
7905640906817,SMK Allterra XAces Black Grey Yellow Gloss (GL264) Helmet,SMK,Helmets,images_processed\smk\GL-264-min.webp,
7873942814785,SMK Typhoon Sparko Gloss White Red Blue (GL135) Helmet,SMK,Helmets,images_processed\smk\TYPHOON-SPARKO-GL135-ISO.webp,
7861107523649,SMK Typhoon Sports Tourer Gloss Black Orange Blue (GL275) Helmet,SMK,Helmets,images_processed\smk\SUPERTOURER-MA-275-4.webp,
7861079113793,SMK Typhoon Rival Matt Black Green Red (MA283) Helmet,SMK,Helmets,images_processed\smk\GL-283-ISO.webp,
7861065908289,SMK Typhoon Rival Gloss Black Green Red (GL283) Helmet,SMK,Helmets,images_processed\smk\GL-283-ISO.webp,
7861063286849,SMK Typhoon Rival Gloss Black Blue Yellow (GL254C) Helmet,SMK,Helmets,images_processed\smk\GL-254-C-ISO.webp,
7802752892993,SMK Nova Track Matt Black Grey (MA266) Helmet,SMK,Helmets,images_processed\smk\NOVA-TRACK-MA-266-3.webp,
7802751778881,SMK Nova Solid Gloss Black (GL200) Helmet,SMK,Helmets,images_processed\smk\NOVA-BLACK-GL-200.webp,
7801828540481,SMK Nova Track Matt Black Grey Red (MA263) Helmet,SMK,Helmets,images_processed\smk\NOVA-TRACK-GL-263-3_42791e10-2535-4dcc-b194-2b459b162fa3.webp,
7801826836545,SMK Nova Track Matt Black Blue (MA255) Helmet,SMK,Helmets,images_processed\smk\NOVA-TRACK-MA-255-3.webp,
7801825787969,SMK Nova Track Gloss Black Grey Yellow (GL264) Helmet,SMK,Helmets,images_processed\smk\NOVA-TRACK-GL264-ISO.webp,
7794367496257,SMK Typhoon Rival Gloss Black Blue Grey (GL256) Helmet,SMK,Helmets,images_processed\smk\GL-256-ISO.webp,
7794366939201,SMK Nova Track Gloss Black Blue Magenta (GL259) Helmet,SMK,Helmets,images_processed\smk\NOVA-TRACK-GL-259-MAGENTA-CHROME.webp,
7794366152769,SMK Nova Track Gloss Black Grey Red (GL263) Helmet,SMK,Helmets,images_processed\smk\NOVA-TRACK-GL-263-3.webp,
7788264652865,SMK Retro Inferno Gloss Black Grey (GL266) Helmet,SMK,Helmets,images_processed\smk\RETRO-INFERNO-4-1.webp,
7788255117377,SMK Gullwing Soinc Gloss White Blue Red (GL153) Helmet,SMK,Helmets,images_processed\smk\GULLWING-SONIC-GL-153-ISO.webp,
7788273303617,SMK Nova Track Gloss Black Grey Green (GL268) Helmet,SMK,Helmets,images_processed\smk\NOVA-TRACK-GL-268-3.webp,
7788338118721,SMK Nova Track Matt Black Grey Green (MA268) Helmet,SMK,Helmets,images_processed\smk\NOVA-TRACK-GL-268-3.webp,
7788348342337,SMK Nova Solid Matt Black (MA200) Helmet,SMK,Helmets,images_processed\smk\NOVA-MATT-BLACK-MA-200.webp,
7771690664001,SMK Typhoon Sparko Gloss White Grey Black (GL162) Helmet,SMK,Helmets,images_processed\smk\TYPHOON-SPARKO-GL-162-1.webp,
7771689123905,SMK Agnar Cyborg Gloss Blue Red (GL535) Helmet,SMK,Helmets,images_processed\smk\GL-535-ISO-800.webp,
7763262373953,SMK Gullwing Soinc Matt Black Grey (MA266) Helmet,SMK,Helmets,images_processed\smk\GULLWING-SONIC-MA-266-ISO.webp,
7763259719745,SMK Gullwing Soinc Gloss Black Red White (GL231) Helmet,SMK,Helmets,images_processed\smk\GULLWING-SONIC-MA-231-ISO.webp,
7763256639553,SMK Gullwing Soinc Gloss Black Grey (GL266) Helmet,SMK,Helmets,images_processed\smk\GULLWING-SONIC-MA-266-ISO.webp,
7763251462209,SMK Gullwing Soinc Gloss Black Blue Grey (GL256) Helmet,SMK,Helmets,images_processed\smk\GULLWING-SONIC-GL-256-ISO.webp,
7763248283713,SMK Typhoon Sparko Matt Black Grey (MA266) Helmet,SMK,Helmets,images_processed\smk\TYPHOON-SPARKO-MA-266-1_b839e0e4-1813-4592-8254-fd39870a7781.webp,
7763246481473,SMK Typhoon Sparko Matt Black Red Grey (MA236) Helmet,SMK,Helmets,images_processed\smk\TYPHOON-SPARKO-GL-236-1_8cc8d49b-4540-4373-97a7-a7752568d7fe.webp,
7763244679233,SMK Typhoon Rival Matt Black Grey (MA266) Helmet,SMK,Helmets,images_processed\smk\MA-266_093d2df8-32c9-4fbf-9c8d-5fe52d275a8a.webp,
7763243696193,SMK Typhoon Rival Matt Black Grey Red (MA263) Helmet,SMK,Helmets,images_processed\smk\MA-263_93dc267d-63d5-4475-94e3-c391fb84d2ad.webp,
7763240550465,SMK Typhoon Rival Matt Black Blue Yellow (MA254C) Helmet,SMK,Helmets,images_processed\smk\GL-254-C-BACK-ISO.webp,
7763239075905,SMK Typhoon Rival Matt Black White Red (MA213) Helmet,SMK,Helmets,images_processed\smk\GL-213_e3659cbf-97c8-49c0-8d2f-baa6f29cbb9d.webp,
7763237863489,SMK Typhoon Rival Gloss Black Grey (GL266) Helmet,SMK,Helmets,images_processed\smk\MA-266-1.webp,
7763234947137,SMK Typhoon Rival Gloss Black Grey Red (GL263) Helmet,SMK,Helmets,images_processed\smk\MA-263-1.webp,
7763232915521,SMK Typhoon Rival Gloss Black White Red (GL213) Helmet,SMK,Helmets,images_processed\smk\GL-213-BACK-ISO.webp,
7763229737025,SMK Agnar Cyborg Gloss Black Grey Gold (GL267) Helmet,SMK,Helmets,images_processed\smk\MA-267-GOLD-CHROME-1.webp,
7713313783873,SMK Typhoon Freeride Gloss Black Yellow Grey (GL246) Helmet,SMK,Helmets,images_processed\smk\freeride_07.webp,
7713305952321,SMK Allterra Maverix Grey Red Black Gloss (GL632) Helmet,SMK,Helmets,images_processed\smk\MAVERIX-GL-632-4.webp,
7713302511681,SMK Agnar Cyborg Matt Black Grey (MA266) Helmet,SMK,Helmets,images_processed\smk\MA-266-1.webp,
7713301856321,SMK Agnar Cyborg Gloss Black Grey (GL266) Helmet,SMK,Helmets,images_processed\smk\MA-266-1.webp,
7713301463105,SMK Agnar Cyborg Gloss Black Grey Blue (GL265) Helmet,SMK,Helmets,images_processed\smk\MA-265-1.webp,
7713301168193,SMK Agnar Cyborg Gloss Black Grey Red (GL263) Helmet,SMK,Helmets,images_processed\smk\MA-263-3.webp,
7713300807745,SMK Agnar Cyborg Gloss Black Red Gold (GL237) Helmet,SMK,Helmets,images_processed\smk\MA-237-RED-CHROME-1.webp,
7674927153217,SMK GTJ Tourer Gloss White Blue Red (GL135) Helmet,SMK,Helmets,images_processed\smk\TOURER-6-5-1-1.webp,
7674873020481,SMK Agnar Solid Gloss White (GL100) Helmet,SMK,Helmets,images_processed\smk\AGNAR-SOLID-WHITE-GL-100-4.webp,
7668536541249,SMK Stellar Sports Flight Gloss Black Blue Grey (GL256) Helmet,SMK,Helmets,images_processed\smk\STELLAR-SPORT-FLIGHT-GL-256-1.webp,
7665280024641,SMK GTJ Libero Gloss White Blue Red (GL153) Helmet,SMK,Helmets,images_processed\smk\GL-153-1-min.webp,
7665278779457,SMK GTJ Rover Matt Grey Black Yellow (MA624) Helmet,SMK,Helmets,images_processed\smk\GTJ-ROVER-MA-624-5.webp,
7665276682305,SMK GTJ Tourer Gloss Grey White Yellow (GL614) Helmet,SMK,Helmets,images_processed\smk\TOURER-6-2-1.webp,
7665274978369,SMK Stellar Sports Flight Matt Black Blue Orange Chameleon (MA257C) Helmet,SMK,Helmets,images_processed\smk\STELLAR-SPORT-FLIGHT-GL-257C-1.webp,
7665274323009,SMK Stellar Sports Flight Matt Black Grey Yellow (MA264) Helmet,SMK,Helmets,images_processed\smk\STELLAR-SPORT-FLIGHT-MA-264-1.webp,
7665272488001,SMK Stellar Sports Flight Matt Black Grey (MA266) Helmet,SMK,Helmets,images_processed\smk\STELLAR-SPORT-FLIGHT-MA-266-1.webp,
7665259118657,SMK Stellar Sports Flight Gloss Matt Black Red Grey (MA236) Helmet,SMK,Helmets,images_processed\smk\STELLAR-SPORT-FLIGHT-GL-236-1-768x768.webp,
7665257644097,SMK Stellar Sports Flight Gloss Black Blue Orange Chameleon (GL257C) Helmet,SMK,Helmets,images_processed\smk\STELLAR-SPORT-FLIGHT-GL-257C-1.webp,
7665255710785,SMK Stellar Sports Flight Gloss Black Red Grey (GL236) Helmet,SMK,Helmets,images_processed\smk\STELLAR-SPORT-FLIGHT-GL-236-1-768x768.webp,
7665250369601,SMK Stellar Sports Flight Gloss Black Grey (GL266) Helmet,SMK,Helmets,images_processed\smk\STELLAR-SPORT-FLIGHT-MA-266-1.webp,
7665213669441,SMK Stellar Sports Flight Gloss Black Grey Yellow (GL264) Helmet,SMK,Helmets,images_processed\smk\STELLAR-SPORT-FLIGHT-MA-264-1.webp,
7665211899969,SMK Stellar Sports Flight Gloss Black White Red (GL213) Helmet,SMK,Helmets,images_processed\smk\STELLAR-SPORT-FLIGHT-GL-213-1.webp,
7658387963969,SMK Allterra Maverix Black Grey White Gloss (GL261) Helmet,SMK,Helmets,images_processed\smk\MAVERIX-GL261-4.webp,
7658394615873,SMK Allterra Maverix Grey Black Yellow Gloss (GL624) Helmet,SMK,Helmets,images_processed\smk\MAVERIX-GL-624-5.webp,
7658400874561,SMK Allterra Maverix Grey Black Orange Gloss (GL627) Helmet,SMK,Helmets,images_processed\smk\MAVERIX-GL627-5.webp,
7658438557761,SMK Typhoon Sparko Gloss Black Red Grey (GL236) Helmet,SMK,Helmets,images_processed\smk\TYPHOON-SPARKO-GL-236-1.webp,
7658441211969,SMK Typhoon Sparko Gloss Black Grey (GL266) Helmet,SMK,Helmets,images_processed\smk\TYPHOON-SPARKO-MA-266-1.webp,
7658853531713,SMK Typhoon Sparko Gloss Blue Red White (GL531) Helmet,SMK,Helmets,images_processed\smk\TYPHOON-SPARKO-GL-531-1.webp,
7658382131265,SMK Retro Seven Gloss Off White Red Grey (GL130) Helmet,SMK,Helmets,images_processed\smk\RETRO-SEVEN-4-1.webp,
7658303291457,SMK Gullwing Venture Matt Black Grey Green (MA268) Helmet,SMK,Helmets,images_processed\smk\VENTURE-MA-268.webp,
7658302373953,SMK Gullwing Venture Gloss Black Grey Red (GL263) Helmet,SMK,Helmets,images_processed\smk\VENTURE-MA-263.webp,
7634546917441,SMK GTJ Escape Black Blue Orange Matt (MA257) Helmet,SMK,Helmets,images_processed\smk\ESCAPE-5-2-1_5c2180c2-4b1f-4684-a4dc-9463d257dba7.webp,
7634550685761,SMK Gullwing Venture Gloss Black White Red (GL213) Helmet,SMK,Helmets,images_processed\smk\VENTURE-GL-213.webp,
7620110712897,SMK Agnar Tektron Gloss Black Grey Blue (GL265) Helmet,SMK,Helmets,images_processed\smk\AGNAR-TEKTRON-MA-265-4.webp,
7627234672705,SMK Gullwing Venture Gloss Black Grey Yellow (GL264) Helmet,SMK,Helmets,images_processed\smk\VENTURE-MA-264.webp,
7595290624065,SMK Typhoon Sports Tourer Gloss Grey Orange Black (GL672) Helmet,SMK,Helmets,images_processed\smk\SUPERTOURER-MA-672-3_b88d86f7-77e4-4787-8f32-c4a571c27644.webp,
7591532396609,SMK Retro Electro Gloss Grey Black White (GL621) Helmet,SMK,Helmets,images_processed\smk\MA-621.webp,
7585335509057,SMK Agnar Tektron Matt Blue Green (MA558) Helmet,SMK,Helmets,images_processed\smk\AGNAR-TEKTRON-GL-558-4.webp,
7585344979009,SMK Agnar Tektron Gloss Pearl White Grey Red (GL163) Helmet,SMK,Helmets,images_processed\smk\AGNAR-TEKTRON-GL-163-4.webp,
7585348747329,SMK Agnar Tektron Gloss Black Grey White (GL261) Helmet,SMK,Helmets,images_processed\smk\AGNAR-TEKTRON-MA-261-4.webp,
7585359855681,SMK Agnar Solid Gloss Nardo Grey (GL600) Helmet,SMK,Helmets,images_processed\smk\AGNAR-SOLID-NARDO-GREY-MA-600-4.webp,
7585374175297,SMK Stellar Sports Faro Matt Black Grey Yellow (MA264) Helmet,SMK,Helmets,images_processed\smk\STELLER-FARO-MA-264.webp,
7567730311233,SMK Gullwing Venture Gloss Black Grey Green (GL268) Helmet,SMK,Helmets,images_processed\smk\VENTURE-MA-268.webp,
7555833888833,SMK Stellar Sports Fury Gloss Black Blue Orange Chameleon (GL257C) Helmet,SMK,Helmets,images_processed\smk\STELLAR-FURY-GL-257C-4.webp,
7555830677569,SMK Stellar Sports Fury Gloss White Blue Red (GL153) Helmet,SMK,Helmets,images_processed\smk\STELLAR-FURY-GL153-5.webp,
7532694634561,SMK Agnar Solid Gloss Black (GL200) Helmet,SMK,Helmets,images_processed\smk\AGNAR-SOLID-BLACK-GL-200.webp,
7532810403905,SMK Agnar Solid Matt Black (MA200) Helmet,SMK,Helmets,images_processed\smk\AGNAR-SOLID-MATT-BLACK-MA-200.webp,
7555823304769,SMK Gullwing Charger Gloss Black Grey Red (GL263) Helmet,SMK,Helmets,images_processed\smk\CHARGER-GL263.webp,
7555808264257,SMK Agnar Tektron Matt Grey Yellow (MA664) Helmet,SMK,Helmets,images_processed\smk\TEKTRON-MA-664.webp,
7555803021377,SMK Agnar Tektron Matt Black Grey Blue (MA265) Helmet,SMK,Helmets,images_processed\smk\AGNAR-TEKTRON-MA-265-4.webp,
7555801448513,SMK Agnar Tektron Matt Black Grey Yellow (MA264) Helmet,SMK,Helmets,images_processed\smk\TEKTRON-MA-264.webp,
7555797647425,SMK Agnar Tektron Matt Black Grey Red (MA263) Helmet,SMK,Helmets,images_processed\smk\TEKTRON-MA-263.webp,
7555795386433,SMK Agnar Tektron Matt Black Grey White (MA261) Helmet,SMK,Helmets,images_processed\smk\TEKTRON-MA-261.webp,
7555792928833,SMK Agnar Tektron Gloss Black Grey Yellow (GL264) Helmet,SMK,Helmets,images_processed\smk\TEKTRON-MA-264.webp,
7555776348225,SMK Agnar Tektron Gloss Black Grey Red (GL263) Helmet,SMK,Helmets,images_processed\smk\TEKTRON-MA-263.webp,
7547052589121,SMK Stellar Sports Fury Matt Black Grey (MA266) Helmet,SMK,Helmets,images_processed\smk\STELLAR-FURY-MA-266-4.webp,
7547040104513,SMK Stellar Sports Fury Gloss Black Grey Chameleon (GL266C) Helmet,SMK,Helmets,images_processed\smk\STELLAR-FURY-MA-266C-5.webp,
7547032207425,SMK Gullwing Venture Matt Black Grey Red (MA263) Helmet,SMK,Helmets,images_processed\smk\VENTURE-MA-263.webp,
7512234917953,SMK Typhoon Sports Tourer Matt Grey Orange Black (MA672) Helmet,SMK,Helmets,images_processed\smk\SUPERTOURER-MA-672-3.webp,
7512232165441,SMK Typhoon Sports Tourer Matt Black Red White (MA231) Helmet,SMK,Helmets,images_processed\smk\SUPERTOURER-MA-231-1_f3b31270-0205-47e7-a737-5cc57d53f6d9.webp,
7512225448001,SMK Typhoon Sports Tourer Gloss Grey Blue White (GL651) Helmet,SMK,Helmets,images_processed\smk\SUPERTOURER-GL-651-1.webp,
7512223612993,SMK Typhoon Sports Tourer Gloss White Red Blue (GL135) Helmet,SMK,Helmets,images_processed\smk\SUPERTOURER-GL135-1.webp,
7512215846977,SMK Typhoon Azonix Matt Black Grey Yellow (MA264) Helmet,SMK,Helmets,images_processed\smk\AZONIX-GL264-4_9fe07f2b-c402-4e31-9b6b-dc1e2ae9ba5c.webp,
7512199495745,SMK Typhoon Azonix Matt Black Grey Red (MA263) Helmet,SMK,Helmets,images_processed\smk\AZONIX-GL263-1.webp,
7512198676545,SMK Typhoon Aerot Matt Black Grey (MA266) Helmet,SMK,Helmets,images_processed\smk\AEROT-MA-266-3.webp,
7512194777153,SMK Typhoon Aerot Gloss Black Grey (GL266) Helmet,SMK,Helmets,images_processed\smk\AEROT-MA-266-3.webp,
7508088881217,SMK GTJ Escape Black Grey Yellow Gloss (GL264) Helmet,SMK,Helmets,images_processed\smk\smk-gtj-escape-acik-kask-115805.webp,
7509909340225,SMK GTJ Escape Black Red Grey Matt (MA236) Helmet,SMK,Helmets,images_processed\smk\ESCAPE-5-1-1_443fa687-c25a-4f96-aa6c-39e2023abba2.webp,
7499291492417,SMK Typhoon Sports Tourer Matt Blue Green (MA585) Helmet,SMK,Helmets,images_processed\smk\SUPERTOURER-MA-585-4.webp,
7499290705985,SMK Typhoon Sports Tourer Gloss Blue Green (GL585) Helmet,SMK,Helmets,images_processed\smk\SUPERTOURER-MA-585-4.webp,
7499287298113,SMK Typhoon Sports Tourer Gloss Blue Red Yellow (GL534) Helmet,SMK,Helmets,images_processed\smk\SUPERTOURER-GL534-4.webp,
7499283267649,SMK Typhoon Sports Tourer Gloss Black Red White (GL231) Helmet,SMK,Helmets,images_processed\smk\SUPERTOURER-MA-231-1.webp,
7499278090305,SMK Typhoon Azonix Gloss Black Grey Yellow (GL264) Helmet,SMK,Helmets,images_processed\smk\AZONIX-GL264-4.webp,
7499296702529,SMK Stellar Sports Adox Matt Black Grey (MA266) Helmet,SMK,Helmets,images_processed\smk\ADOX-MA-266.webp,
7499294670913,SMK Stellar Sports Adox Gloss Black Grey (GL266) Helmet,SMK,Helmets,images_processed\smk\ADOX-MA-266.webp,
7498093953089,SMK Gullwing Solid Matt Nardo Grey (MA600) Helmet,SMK,Helmets,images_processed\smk\GULLWING-UNICOLOUR-5.webp,
7498962468929,SMK GTJ Solid Gloss White (GL100) Helmet,SMK,Helmets,images_processed\smk\UNICOLOR-6.webp,
7498954670145,SMK GTJ Escape Black White Red Matt (MA213) Helmet,SMK,Helmets,images_processed\smk\ESCAPE-5-3-1_dc8fd175-93fc-4811-bd14-4183c77dec3e.webp,
7493426708545,SMK Bionic Adult Aerix Matt Black Orange Yellow (MA274) Helmet,SMK,Helmets,images_processed\smk\AERIX-MA-274.webp,
7470250557505,SMK Stellar Sports Samurai Gloss Black Grey Blue (GL265) Helmet,SMK,Helmets,images_processed\smk\61c8HAh_NPL._SL1200.webp,
7470242693185,SMK Bionic Adult Solid Matt Black (MA200) Helmet,SMK,Helmets,images_processed\smk\BIONICY-SOLID-MATT-BLACK-MA-200.webp,
7470216249409,SMK Bionic Adult Solid Gloss Black (GL200) Helmet,SMK,Helmets,images_processed\smk\BIONICA-SOLID-BLACK-GL-200.webp,
7470210285633,SMK Typhoon Azonix Gloss Blue Yellow (GL554) Helmet,SMK,Helmets,images_processed\smk\AZONIX-GL-554.webp,
7470208876609,SMK Typhoon Azonix Gloss Black Grey Red (GL263) Helmet,SMK,Helmets,images_processed\smk\AZONIX-GL-263.webp,
7470208483393,SMK Typhoon Azonix Gloss Black Blue Yellow (GL254) Helmet,SMK,Helmets,images_processed\smk\AZONIX-MA-254.webp,
7470207860801,SMK Typhoon Azonix Gloss Black White Red (GL213) Helmet,SMK,Helmets,images_processed\smk\AZONIX-GL-213.webp,
7470206976065,SMK Typhoon Azonix Gloss White Red Blue (GL135) Helmet,SMK,Helmets,images_processed\smk\AZONIX-GL-135.webp,
7470205042753,SMK Typhoon Aerot Gloss Blue Fluro Red (GL552) Helmet,SMK,Helmets,images_processed\smk\AEROT-GL-552.webp,
7469464125505,SMK GTJ Solid Matt Black (MA200) Helmet,SMK,Helmets,images_processed\smk\UNICOLOR-4.webp,
7469463339073,SMK GTJ Solid Gloss Black (GL200) Helmet,SMK,Helmets,images_processed\smk\UNICOLOR-1.webp,
7469461045313,SMK GTJ Escape Black Grey Yellow Matt (MA264) Helmet,SMK,Helmets,images_processed\smk\ESCAPE-5-4-1.webp,
7469456130113,SMK GTJ Escape Black White Red Gloss (GL213) Helmet,SMK,Helmets,images_processed\smk\ESCAPE-5-3-1.webp,
7449115197505,SMK Bionic Youth Splash Gloss White Black Yellow (GL124) Helmet,SMK,Helmets,images_processed\smk\splash-gl124-1-768x768.webp,
7449112313921,SMK Bionic Youth Chimpz Matt Black Grey Yellow (MA264) Helmet,SMK,Helmets,images_processed\smk\chimpazi-3-1-1-768x768.webp,
7449102024769,SMK Bionic Youth Chimpz Matt Black Grey White (MA261) Helmet,SMK,Helmets,images_processed\smk\chimpazi-3-3-1.webp,
7449083772993,SMK GTJ Escape Black Blue Orange Gloss (GL257) Helmet,SMK,Helmets,images_processed\smk\ESCAPE-5-2-1.webp,
7449072369729,SMK GTJ Escape Black Red Grey Gloss (GL236) Helmet,SMK,Helmets,images_processed\smk\ESCAPE-5-1-1.webp,
7358037590081,SMK Stellar Sports Swank Matt Anthracite Orange Black (MADA672) Helmet,SMK,Helmets,images_processed\smk\SPORT-SWANK-MADA672-1_2decc7cc-e218-4ddd-959e-59108bccb135.webp,
7374289371201,SMK Stellar Sports Swank Gloss Anthracite Orange Black (GLDA672) Helmet,SMK,Helmets,images_processed\smk\SPORT-SWANK-MADA672-1_4aea0b1f-bfeb-48b3-89d4-aafa2c92cffc.webp,
7374289764417,SMK Typhoon Aerot Gloss Blue Yellow (GL545) Helmet,SMK,Helmets,images_processed\smk\Typhoon-aerot-GL545_93777f4c-d418-4940-b403-accc50ac471a.webp,
7374290190401,SMK Typhoon Mystic Gloss Green Yellow (GL884) Helmet,SMK,Helmets,images_processed\smk\MYSTIC-MA884.webp,
7374290583617,SMK Typhoon Mystic Matt Red Grey (MA336) Helmet,SMK,Helmets,images_processed\smk\MYSTIC-GL236_a22a05dd-3a26-41c1-b0f2-27a8f82b3f29.webp,
7396115513409,SMK Allterra Bulldozer White Blue Red Gloss (GL153) Helmet,SMK,Helmets,images_processed\smk\GL-153-1-min.webp,
7396153688129,SMK Allterra Bulldozer Black Grey Orange Matt (MA267) Helmet,SMK,Helmets,images_processed\smk\MA-267-GOLD-CHROME-1.webp,
7357865164865,SMK Typhoon Aerot Matt Grey Red Black (MA632) Helmet,SMK,Helmets,images_processed\smk\Typhoon-aerot-GL632_1285bac9-0e7e-42dd-adf1-15e87b2d1857.webp,
7357891018817,SMK Typhoon Freeride Gloss Black Red Grey (GL236) Helmet,SMK,Helmets,images_processed\smk\freeride_04.webp,
7357908615233,SMK Typhoon Freeride Gloss Black Yellow Blue (GL245) Helmet,SMK,Helmets,images_processed\smk\freeride_03.webp,
7343685238849,SMK Typhoon Aerot Gloss Green Orange (GL878) Helmet,SMK,Helmets,images_processed\smk\Typhoon-aerot-MA878.webp,
7343524184129,SMK Stellar Sports Adox Gloss White Red Blue (GL135) Helmet,SMK,Helmets,images_processed\smk\ADOX-3.webp,
7343420899393,SMK Gullwing Navigator Black Grey Red Matt (MA263) Helmet,SMK,Helmets,images_processed\smk\GL-263_6fd77523-40cc-4d44-94d3-8e86914bd2b3.webp,
7290835828801,SMK Gullwing Supertour Orange Grey Blue Gloss (GL765) Helmet,SMK,Helmets,images_processed\smk\MA-765.webp,
7290833928257,SMK Typhoon Mystic Gloss Blue Yellow (GL554) Helmet,SMK,Helmets,images_processed\smk\MYSTIC-MA554.webp,
7290832683073,SMK Typhoon Mystic Gloss Black Pink Blue (GL295) Helmet,SMK,Helmets,images_processed\smk\MYSTIC-GL295.webp,
7279521136705,SMK Typhoon Mystic Matt Green Yellow (MA884) Helmet,SMK,Helmets,images_processed\smk\MYSTIC-MA884.webp,
7277691174977,SMK Gullwing Navigator Black Grey Yellow Matt (MA264) Helmet,SMK,Helmets,images_processed\smk\MA-264_94a3edd4-561f-4a78-a056-111340c4555b.webp,
7277689405505,SMK Typhoon Mystic Gloss Blue Red (GL553) Helmet,SMK,Helmets,images_processed\smk\MYSTIC-GL553.webp,
7277684195393,SMK Typhoon Mystic Gloss Red Grey (GL336) Helmet,SMK,Helmets,images_processed\smk\MYSTIC-GL236.webp,
7277650116673,SMK Typhoon Freeride Gloss White Blue Black (GL152) Helmet,SMK,Helmets,images_processed\smk\freeride_06.webp,
7119475048513,SMK Gullwing Navigator Black Grey Red Gloss (GL263) Helmet,SMK,Helmets,images_processed\smk\GL-263_6fd77523-40cc-4d44-94d3-8e86914bd2b3.webp,
7119509749825,SMK Gullwing Navigator Black Grey Yellow Gloss (GL264) Helmet,SMK,Helmets,images_processed\smk\MA-264-BACK-ISO-768x768.webp,
7119535112257,SMK Gullwing Navigator Blue White Red Gloss (GL513) Helmet,SMK,Helmets,images_processed\smk\GL-513-1.webp,
7119542124609,SMK Gullwing Navigator Blue White Gloss (GL551) Helmet,SMK,Helmets,images_processed\smk\MA-551.webp,
7119557165121,SMK Gullwing Supertour White Blue Red Gloss (GL153) Helmet,SMK,Helmets,images_processed\smk\GL153.webp,
7119564636225,SMK Gullwing Supertour Grey Blue Yellow Gloss (GL654) Helmet,SMK,Helmets,images_processed\smk\GL654.webp,
7119585476673,SMK Gullwing Supertour Grey White Matt (MA661) Helmet,SMK,Helmets,images_processed\smk\MA661.webp,
7123126222913,SMK Stellar Sports Adox Gloss Black Red White (GL231) Helmet,SMK,Helmets,images_processed\smk\D_NQ_NP_2X_920542-MLU74329015943_012024-F.webp,
7123171213377,SMK Stellar Sports Stage Gloss White Grey Red (GL163) Helmet,SMK,Helmets,images_processed\smk\517EmBdkqhL._SL1200.webp,
7141939675201,SMK Typhoon Aerot Gloss Grey Red Black (GL632) Helmet,SMK,Helmets,images_processed\smk\Typhoon-aerot-GL632_1285bac9-0e7e-42dd-adf1-15e87b2d1857.webp,
7079218217025,SMK Stellar Sports Uno Gloss Black Grey Red (GL263) Helmet,SMK,Helmets,images_processed\smk\GL263.webp,
7079179878465,SMK Stellar Sports Turbo Gloss Black Red Yellow (GL234) Helmet,SMK,Helmets,images_processed\smk\51dr5BLmVxL.webp,
7079189053505,SMK Stellar Sports Turbo Gloss Black Yellow Grey (GL246) Helmet,SMK,Helmets,images_processed\smk\614I2EBy3HL._SL1200.webp,
7079202717761,SMK Stellar Sports Uno Gloss Black Blue Yellow (GL254) Helmet,SMK,Helmets,images_processed\smk\GL254.webp,
7081393258561,SMK Stellar Sports Uno Gloss Black White Yellow (GL214) Helmet,SMK,Helmets,images_processed\smk\GL214.webp,
7052602998849,SMK Stellar Sports Faro Gloss Black White Blue (GL215) Helmet,SMK,Helmets,images_processed\smk\FARO-GL-215.webp,
7052609519681,SMK Stellar Sports Faro Gloss Black Red Grey (GL236) Helmet,SMK,Helmets,images_processed\smk\FARO-GL-236.webp,
7052611584065,SMK Stellar Sports Faro Gloss Black Grey Yellow (GL264) Helmet,SMK,Helmets,images_processed\smk\FARO-MA-264.webp,
7052611649601,SMK Stellar Sports Faro Gloss Black Grey (GL266) Helmet,SMK,Helmets,images_processed\smk\FARO-MA-266.webp,
7052611747905,SMK Stellar Sports Faro Gloss Blue Yellow (GL554) Helmet,SMK,Helmets,images_processed\smk\FARO-MA-554.webp,
7052757073985,SMK Stellar Sports Faro Matt Black Grey (MA266) Helmet,SMK,Helmets,images_processed\smk\FARO-MA-266_bea2b341-859d-42da-9c10-416b28bee2cd.webp,
7052758089793,SMK Stellar Sports Taotei Gloss Black Grey Red (GL263) Helmet,SMK,Helmets,images_processed\smk\GL-263.webp,
7052760219713,SMK Stellar Sports Taotei Gloss Black Grey Orange (GL267) Helmet,SMK,Helmets,images_processed\smk\GL-267_1a95e782-a4fc-4197-8c05-7fdd131ac011.webp,
7052761366593,SMK Stellar Sports Taotei Gloss Black Grey Green (GL268) Helmet,SMK,Helmets,images_processed\smk\GL-268.webp,
7033081102401,SMK Typhoon Aerot Matt Black Grey Red (MA663) Helmet,SMK,Helmets,images_processed\smk\Typhoon-aerot-GL632.webp,
7033078775873,SMK Typhoon Aerot Matt Blue Yellow (MA554) Helmet,SMK,Helmets,images_processed\smk\Typhoon-aerot-GL545.webp,
6974981079105,SMK Stellar Sports Solid Matt Nardo Grey (MA600) Helmet,SMK,Helmets,images_processed\smk\color2-1.webp,
6962614730817,SMK Stellar Sports K Power Matt Grey Red Blue (MA635) Helmet,SMK,Helmets,images_processed\smk\GL-635-675_8ff72045-8165-4f00-a39f-0451e3294715.webp,
6962614665281,SMK Stellar Sports K Power Matt Black Green Grey (MA286) Helmet,SMK,Helmets,images_processed\smk\GL-286_ed1b06c6-828f-440b-a3d3-af9c211fd5e6.webp,
6962614599745,SMK Stellar Sports K Power Matt Black Grey Orange (MA267) Helmet,SMK,Helmets,images_processed\smk\GL-267_c917e1d7-b364-484e-b46a-1818a352ddaa.webp,
6962614435905,SMK Stellar Sports K Power Matt Black Blue Red (MA253) Helmet,SMK,Helmets,images_processed\smk\GL-253_c7ddf041-9250-44cb-b2a5-7c8f3a0108c4.webp,
6962614370369,SMK Stellar Sports K Power Matt Black Yellow Blue (MA245) Helmet,SMK,Helmets,images_processed\smk\GL-245_6ff4a17c-f53a-460e-9dd5-d2cf6db1387b.webp,
6962614009921,SMK Stellar Sports K Power Matt Black Red White (MA231) Helmet,SMK,Helmets,images_processed\smk\GL_231_b68b1e47-367b-40a9-9ca1-a3602e553e73.webp,
6962613878849,SMK Stellar Sports K Power Gloss Grey Red Blue (GL635) Helmet,SMK,Helmets,images_processed\smk\GL-635-675.webp,
6962612863041,SMK Stellar Sports K Power Gloss Black Green Grey (GL286) Helmet,SMK,Helmets,images_processed\smk\GL-286.webp,
6962611847233,SMK Stellar Sports K Power Gloss Black Grey Orange (GL267) Helmet,SMK,Helmets,images_processed\smk\GL-267.webp,
6962611257409,SMK Stellar Sports K Power Gloss Black Blue Red (GL253) Helmet,SMK,Helmets,images_processed\smk\GL-253.webp,
6962611093569,SMK Stellar Sports K Power Gloss Black Yellow Blue (GL245) Helmet,SMK,Helmets,images_processed\smk\GL-245.webp,
6962610536513,SMK Stellar Sports K Power Gloss Black Red White (GL231) Helmet,SMK,Helmets,images_processed\smk\GL_231.webp,
6953246949441,SMK Retro Seven Gloss Black Grey (GL260) Helmet,SMK,Helmets,images_processed\smk\RETRO-SEVEN-1-1_567320bc-649d-4b51-9b1c-a28e6361be42.webp,
6953260974145,SMK Typhoon Solid Matt Nardo Grey (MA600) Helmet,SMK,Helmets,images_processed\smk\grey-1-1.webp,
6953115254849,SMK Allterra X Throttle White Red Black Gloss (GL132) Helmet,SMK,Helmets,images_processed\smk\XTHROTTLE-4-5-1.webp,
6951847592001,SMK Retro Seven Matt Black Grey (MA260) Helmet,SMK,Helmets,images_processed\smk\RETRO-SEVEN-1-1.webp,
6948881432641,SMK Typhoon Aegis Matt Black Grey Yellow (MA264) Helmet,SMK,Helmets,images_processed\smk\Agasi4-1.webp,
6948882808897,SMK Typhoon Aegis Gloss Black Grey Yellow (GL264) Helmet,SMK,Helmets,images_processed\smk\Agasi4-1_acc76269-ade7-481c-8f93-95c15cf97361.webp,
6950108430401,SMK Stellar Sports Adox Gloss Grey Orange Black (GL672) Helmet,SMK,Helmets,images_processed\smk\orangeblackmatte3d_jpg_8195550a-f651-4970-a68a-bbbe2424abe9.webp,
6950108397633,SMK Stellar Sports Adox Matt Blue White Black (MA512) Helmet,SMK,Helmets,images_processed\smk\rside_001a7b79-d7d8-432f-8796-acd6c7fa1603.webp,
6950108332097,SMK Stellar Sports Adox Matt Yellow Black Grey (MA426) Helmet,SMK,Helmets,images_processed\smk\yellowrside_19df7f07-a009-44cd-80eb-94076fd0d424.webp,
6950107742273,SMK Stellar Sports Adox Gloss Blue White Black (GL512) Helmet,SMK,Helmets,images_processed\smk\rside_92f29344-87b4-472b-b918-c1c7a04578da.webp,
6950102106177,SMK Stellar Sports Adox Gloss Yellow Black Grey (GL426) Helmet,SMK,Helmets,images_processed\smk\yellowrside.webp,
6947635265601,SMK Stellar Sports Graffiti Gloss Yellow Red Orange (GL437) Helmet,SMK,Helmets,images_processed\smk\3d.webp,
6947639394369,SMK Stellar Sports Samurai Gloss Black Grey Red (GL263) Helmet,SMK,Helmets,images_processed\smk\3d_0d273dad-1b18-46fb-8a09-a75f58ce1fe0.webp,
6946124857409,SMK Retro Seven Gloss Copper Black (GL720) Helmet,SMK,Helmets,images_processed\smk\RETRO-SEVEN-2-1.webp,
6945161150529,SMK Stellar Sports Solid Matt Black (MA200) Helmet,SMK,Helmets,images_processed\smk\unicolorblackmatte3d_jpg.webp,
6945160757313,SMK Stellar Sports Gloss Solid Black (GL200) Helmet,SMK,Helmets,images_processed\smk\unicolorblackgloss3d_jpg.webp,
6945160036417,SMK Stellar Sports Stage Matt Black Grey (MA262) Helmet,SMK,Helmets,images_processed\smk\Blackgreymatte3d_jpg.webp,
6945159905345,SMK Stellar Sports Stage Matt Black White Orange (MA217) Helmet,SMK,Helmets,images_processed\smk\stageMA217whiteorangematte3d_b3b5247d-0c1a-4467-9100-51607af3b96a.webp,
6945159315521,SMK Stellar Sports Stage Gloss Black Grey (GL262) Helmet,SMK,Helmets,images_processed\smk\Blackgreygloss3d_jpg.webp,
6945158365249,SMK Stellar Sports Stage Gloss Black White Orange (GL217) Helmet,SMK,Helmets,images_processed\smk\stageMA217whiteorangematte3d.webp,
6945149255745,SMK Stellar Sports Adox Matt Grey Orange Black (MA672) Helmet,SMK,Helmets,images_processed\smk\orangeblackmatte3d_jpg.webp,
6944356794433,SMK Allterra X Throttle Yellow Black Gloss (GL422) Helmet,SMK,Helmets,images_processed\smk\XTHROTTLE-4-3-1.webp,
6938483130433,SMK Typhoon Style Gloss White Red Grey (GL136) Helmet,SMK,Helmets,images_processed\smk\8_b3d73454-bdeb-4b0d-b958-8c34e9584783.webp,
6938481197121,SMK Typhoon Style Matt Black Red Blue (MA235) Helmet,SMK,Helmets,images_processed\smk\6-3_68fcbcba-c98b-4be8-96e3-1042797001cb.webp,
6938480181313,SMK Typhoon Style Gloss Black Red Blue (GL235) Helmet,SMK,Helmets,images_processed\smk\6-3.webp,
6938480083009,SMK Typhoon Style Matt Black Grey (MA266) Helmet,SMK,Helmets,images_processed\smk\5-3_2facd49c-9858-4699-a154-f4580218e7c9.webp,
6938479820865,SMK Typhoon Style Gloss Black Grey (GL266) Helmet,SMK,Helmets,images_processed\smk\5-3.webp,
6938479722561,SMK Typhoon Style Matt Black Red Yellow (MA234) Helmet,SMK,Helmets,images_processed\smk\4-4_56e2d76b-a978-4f2d-9fb3-ee0b92500a00.webp,
6938479591489,SMK Typhoon Style Gloss Black Red Yellow (GL234) Helmet,SMK,Helmets,images_processed\smk\4-4.webp,
6938479427649,SMK Typhoon Style Matt Black Blue Yellow (MA254) Helmet,SMK,Helmets,images_processed\smk\3-6_97c1d988-c978-4740-a4fd-6266cb4e2def.webp,
6938479296577,SMK Typhoon Style Gloss Black Blue Yellow (GL254) Helmet,SMK,Helmets,images_processed\smk\3-6.webp,
6938478968897,SMK Typhoon Style Gloss Black Red Grey (GL236) Helmet,SMK,Helmets,images_processed\smk\2-7.webp,
6938478313537,SMK Typhoon Style Gloss Black Blue (GL275) Helmet,SMK,Helmets,images_processed\smk\1-7.webp,
6938238582849,SMK Gullwing Tourleader Desert Grey Matt (MA747) Helmet,SMK,Helmets,images_processed\smk\GULLWING-TOURLEADER-1-1_6237ae29-0e5d-4fe6-a6d5-1fc5128faa3c.webp,
6938238287937,SMK Gullwing Tourleader Grey Yellow Matt (MA646) Helmet,SMK,Helmets,images_processed\smk\GULLWING-TOURLEADER-3-1_18420096-e8bb-4306-bd19-745bc4d7a765.webp,
6938238156865,SMK Gullwing Tourleader Grey Black Matt (MA626) Helmet,SMK,Helmets,images_processed\smk\GULLWING-TOURLEADER-2-1_6fb6ffe8-b75a-4e16-9273-49f16c6bb4b9.webp,
6938238025793,SMK Gullwing Tourleader Red Grey Matt (MA363) Helmet,SMK,Helmets,images_processed\smk\GULLWING-TOURLEADER-4-1-1_db53d935-4b3f-44da-9536-9272f2cdcc1f.webp,
6938237632577,SMK Gullwing Tourleader Desert Grey Gloss (GL747) Helmet,SMK,Helmets,images_processed\smk\GULLWING-TOURLEADER-1-1.webp,
6938237042753,SMK Gullwing Tourleader Grey Yellow Gloss (GL646) Helmet,SMK,Helmets,images_processed\smk\GULLWING-TOURLEADER-3-1.webp,
6938234945601,SMK Gullwing Tourleader Grey Black Gloss (GL626) Helmet,SMK,Helmets,images_processed\smk\GULLWING-TOURLEADER-2-1.webp,
6938230816833,SMK Gullwing Tourleader Red Grey Gloss (GL363) Helmet,SMK,Helmets,images_processed\smk\GULLWING-TOURLEADER-4-1-1.webp,
6881233109057,SMK Typhoon Reptile Black Green Yellow Matt (MA284) Helmet,SMK,Helmets,images_processed\smk\1760_3095_7d4fd860-71e7-428c-ac3a-e70990b65874.webp,
6881232814145,SMK Typhoon Reptile Black Orange Matt (MA277) Helmet,SMK,Helmets,images_processed\smk\1760_3094_02015b5e-39da-4e18-a244-cb7ff2ea1f3d.webp,
6881231831105,SMK Typhoon Reptile Black Orange Red Matt (MA273) Helmet,SMK,Helmets,images_processed\smk\1760_3093_23b8fc0b-0ad1-4eb7-9670-c8c360986fd6.webp,
6881231601729,SMK Typhoon Reptile Black Grey Orange Matt (MA267) Helmet,SMK,Helmets,images_processed\smk\1760_3092_83c31314-4c2e-4ba9-85be-ad569fbc6a5b.webp,
6881230913601,SMK Typhoon Reptile Black Blue Matt (MA255) Helmet,SMK,Helmets,images_processed\smk\1760_3091_8490f5b7-9a07-4494-9094-54931101c00f.webp,
6881230389313,SMK Typhoon Reptile Black Green Yellow Gloss (GL284) Helmet,SMK,Helmets,images_processed\smk\1760_3095.webp,
6881229897793,SMK Typhoon Reptile Black Orange Gloss (GL277) Helmet,SMK,Helmets,images_processed\smk\1760_3094.webp,
6881229242433,SMK Typhoon Reptile Black Orange Red Gloss (GL273) Helmet,SMK,Helmets,images_processed\smk\1760_3093.webp,
6881228423233,SMK Typhoon Reptile Black Grey Orange Gloss (GL267) Helmet,SMK,Helmets,images_processed\smk\1760_3092.webp,
6881224360001,SMK Typhoon Reptile Black Blue Gloss (GL255) Helmet,SMK,Helmets,images_processed\smk\1760_3091.webp,
6868895727681,SMK Top Case TCR291N (Black),SMK,Helmets,images_processed\smk\black-back.webp,
6857321480257,SMK Typhoon Grunge Matt Black Grey (MA426)  Helmet,SMK,Helmets,images_processed\smk\1699_2873_1a7ca3ad-ddf5-4c1f-ad49-f8d791d46f3c.webp,
6857503834177,SMK Typhoon Solid Gloss White (GL100) Helmet,SMK,Helmets,images_processed\smk\1375_1859.webp,
6857202106433,SMK Twister Skull Matt Black Fluro Yellow (MA240),SMK,Helmets,images_processed\smk\1279_1622_7c9e5dff-03bf-4dbe-b39e-7b4f1a20c1b6.webp,
6850091614273,SMK Allterra White Gloss (GL120) Helmet,SMK,Helmets,images_processed\smk\1739_3022.webp,
6850090795073,SMK Allterra Hi Viz Orange Gloss (HV720) Helmet,SMK,Helmets,images_processed\smk\1739_3021.webp,
6850090106945,SMK Allterra Hi Viz Yellow Gloss (HV420) Helmet,SMK,Helmets,images_processed\smk\1739_3019.webp,
6850086895681,SMK Allterra Anthracite Matt (MADA620) Helmet,SMK,Helmets,images_processed\smk\1739_3018.webp,
6850078965825,SMK Allterra Matt Black (MA260) Helmet,SMK,Helmets,images_processed\smk\1739_3020.webp,
6849711931457,SMK Allterra Fulmine Yellow Blue Orange Matt (MA457) Helmet,SMK,Helmets,images_processed\smk\195_1_f1a4906b-4da5-4c98-9318-a53e68f267c2.webp,
6849700462657,SMK Allterra Fulmine White Orange Yellow Matt (MA174) Helmet,SMK,Helmets,images_processed\smk\1735_3006_c762206f-398e-494e-b2b3-d17eb5a01421.webp,
6849696661569,SMK Allterra Fulmine Grey Blue White Matt (MA651) Helmet,SMK,Helmets,images_processed\smk\1735_3008_9b31f851-1768-4089-8d8f-3850f4eadcc1.webp,
6849695711297,SMK Allterra Fulmine Grey Blue White Gloss (GL651) Helmet,SMK,Helmets,images_processed\smk\1735_3008.webp,
6849693777985,SMK Allterra Fulmine Yellow Blue Orange Gloss (GL457) Helmet,SMK,Helmets,images_processed\smk\195_1_85ce4bf1-bbd6-4c17-8e20-e77212a4c589.webp,
6849673363521,SMK Allterra Fulmine White Orange Yellow Gloss (GL174) Helmet,SMK,Helmets,images_processed\smk\1735_3006.webp,
6824627568705,SMK Retro Black Red Matt (MA230) Helmet,SMK,Helmets,images_processed\smk\1335_1717_a0702309-1960-4e62-9efe-9e55178aeaca.webp,
6823871250497,SMK Typhoon Grunge Black Orange Matt (MA627) Helmet,SMK,Helmets,images_processed\smk\1699_2874_56a0cac5-eb40-431b-bb7a-d0d331289876.webp,
6815323521089,SMK Typhoon Thorn Black Blue White Matt (MA251) Helmet,SMK,Helmets,images_processed\smk\1374_1852_ad946eb5-b84f-4f0e-9845-d3937e3a5466.webp,
6815322603585,SMK Typhoon Thorn Black Orange Grey Matt (MA276) Helmet,SMK,Helmets,images_processed\smk\1374_2996_3efb6ad5-a597-4817-aeef-43197eae43aa.webp,
6815321980993,SMK Typhoon Thorn Blue Yellow Red Matt (MA543) Helmet,SMK,Helmets,images_processed\smk\1374_1853_954f56f7-a76a-40fc-855f-518272f3a6dc.webp,
6815321555009,SMK Typhoon Thorn White Red Grey Matt (MA136) Helmet,SMK,Helmets,images_processed\smk\1374_1851_879e9ac0-9e52-4b53-bb9e-42d2eb34fc8a.webp,
6815320277057,SMK Typhoon Thorn Green Yellow Green Matt (MA848) Helmet,SMK,Helmets,images_processed\smk\1374_1854_f0fb89f9-4d13-4ee0-8d33-1a33c63ee12c.webp,
6815312085057,SMK Typhoon Thorn Green Yellow Green Gloss (GL848) Helmet,SMK,Helmets,images_processed\smk\LogoLicious_20240916_191326.webp,
6815311396929,SMK Typhoon Thorn Blue Yellow Red Gloss (GL543) Helmet,SMK,Helmets,images_processed\smk\1374_1853.webp,
6815309234241,SMK Typhoon Thorn Black Orange Grey Gloss (GL276) Helmet,SMK,Helmets,images_processed\smk\1374_2996.webp,
6815308021825,SMK Typhoon Thorn Black Blue White Gloss (GL251) Helmet,SMK,Helmets,images_processed\smk\1374_1852.webp,
6815302221889,SMK Typhoon Thorn White Red Grey Gloss (GL136) Helmet,SMK,Helmets,images_processed\smk\1374_1851.webp,
6808736956481,SMK Typhoon Grunge White Blue Red Gloss (GL153) Helmet,SMK,Helmets,images_processed\smk\1699_2872.webp,
6808736432193,SMK Typhoon Grunge Black Grey Gloss (GL426)  Helmet,SMK,Helmets,images_processed\smk\1699_2873.webp,
6808735088705,SMK Typhoon Grunge Black Grey Gloss (GL826)  Helmet,SMK,Helmets,images_processed\smk\1699_2875.webp,
6808725684289,SMK Typhoon Grunge Black Orange Gloss (GL627)  Helmet,SMK,Helmets,images_processed\smk\1699_2874.webp,
6796384239681,SMK Retro Black Yellow Gloss (GL240) Helmet,SMK,Helmets,images_processed\smk\1335_1716.webp,
6796377227329,SMK Retro White Red Gloss (GL130) Helmet,SMK,Helmets,images_processed\smk\1335_1715.webp,
6796366970945,SMK Retro Ranko Grey Black Grey Matt (MA626) Helmet,SMK,Helmets,images_processed\smk\1361_1814.webp,
6796364972097,SMK Retro Ranko Blue Black Green Gloss (GL428) Helmet,SMK,Helmets,images_processed\smk\1361_1813.webp,
6796357173313,SMK Retro Ranko Grey Blue Red Gloss (GL653) Helmet,SMK,Helmets,images_processed\smk\1361_1812.webp,
6796350947393,SMK Retro Ranko Black Off White Red Gloss (GL213) Helmet,SMK,Helmets,images_processed\smk\1361_1811.webp,
6796338790465,SMK Retro Jet Speed TT Black White Red Matt (MA213) Helmet,SMK,Helmets,images_processed\smk\1341_1750.webp,
6796335579201,SMK Retro Ranko Blue Orange Yellow Gloss (GL574) Helmet,SMK,Helmets,images_processed\smk\1361_1810.webp,
6731158552641,SMK Typhoon Raptor Black Red Gloss (GL233) Helmet (with Double D rings),SMK,Helmets,images_processed\smk\1727_2978.webp,
6731162943553,SMK Typhoon Raptor Black White Red Matt (MA213) Helmet (with Double D rings),SMK,Helmets,images_processed\smk\1727_2977_10bbfbcc-5959-4e98-bb44-8be76dc8aad4.webp,
6731162386497,SMK Typhoon Raptor Black Red Orange Matt (MA237) Helmet (with Double D rings),SMK,Helmets,images_processed\smk\1727_2979_1ce3b96b-e691-4579-a8d6-697c34ef7efb.webp,
6731161272385,SMK Typhoon Raptor Black Red Matt (MA233) Helmet (with Double D rings),SMK,Helmets,images_processed\smk\1727_2978_b1cc7610-aa1f-47ee-b539-8cc25013732b.webp,
6731159273537,SMK Typhoon Raptor Black Red Orange Gloss (GL237) Helmet (with Double D rings),SMK,Helmets,images_processed\smk\1727_2979.webp,
6731152326721,SMK Typhoon Raptor Black White Red Gloss (GL213) Helmet (with Double D rings),SMK,Helmets,images_processed\smk\1727_2977.webp,
6713303892033,SMK Typhoon RD1 White Red Grey Gloss (GL136) Helmet,SMK,Helmets,images_processed\smk\1373_1844_b86b0843-8dcf-4745-972c-e7fd9b99dc03.webp,
6713303695425,SMK Typhoon RD1 White Green Grey Gloss (GL186) Helmet,SMK,Helmets,images_processed\smk\1373_1845_077f2c1e-7a5d-4a58-ad0c-3fb20b903243.webp,
6713303334977,SMK Typhoon RD1 Black Yellow Grey Gloss (GL246) Helmet,SMK,Helmets,images_processed\smk\1373_1848_b55dad1a-f52d-479e-886d-c30f8b46f642.webp,
6713300320321,SMK Typhoon RD1 Black White Grey Gloss (GL216) Helmet,SMK,Helmets,images_processed\smk\1373_1846_541c0d03-8805-4f90-83ec-e6a1d7a7b370.webp,
6713300123713,SMK Typhoon RD1 Black Red Blue Gloss (GL235) Helmet,SMK,Helmets,images_processed\smk\1373_1847_14b2e9a5-5ba2-4e15-969f-1e3f2873d0c6.webp,
6713299435585,SMK Typhoon RD1 Black Grey Yellow Gloss (GL264) Helmet,SMK,Helmets,images_processed\smk\1373_1849_e88aa8de-2ac7-44e8-958b-307add83efb1.webp,
6713299140673,SMK Typhoon RD1 Black Green Orange Gloss (GL287) Helmet,SMK,Helmets,images_processed\smk\1373_1850_afeb28f6-e1c3-40ab-9c70-c1be59b8b430.webp,
6713297666113,SMK Typhoon RD1 Black Green Orange Matt (MA287) Helmet,SMK,Helmets,images_processed\smk\1373_1850.webp,
6713296060481,SMK Typhoon RD1 Black Grey Yellow Matt (MA264) Helmet,SMK,Helmets,images_processed\smk\1373_1849.webp,
6713295241281,SMK Typhoon RD1 Black Yellow Grey Matt (MA246) Helmet,SMK,Helmets,images_processed\smk\1373_1848.webp,
6713294520385,SMK Typhoon RD1 Black Red Blue Matt (MA235) Helmet,SMK,Helmets,images_processed\smk\1373_1847.webp,
6713294094401,SMK Typhoon RD1 Black White Grey Matt (MA216) Helmet,SMK,Helmets,images_processed\smk\1373_1846.webp,
6713293242433,SMK Typhoon RD1 White Green Grey Matt (MA186) Helmet,SMK,Helmets,images_processed\smk\1373_1845.webp,
6713291997249,SMK Typhoon RD1 White Red Grey Matt (MA136) Helmet,SMK,Helmets,images_processed\smk\1373_1844.webp,
6678013247553,SMK Gullwing Tekker Black Grey Yellow Gloss (GL264) Helmet,SMK,Helmets,images_processed\smk\1355_1791_4e0d61a6-f356-42c4-b528-af650e96fa26.webp,
6678012723265,SMK Gullwing Tekker Black Grey Yellow Matt (MA264) Helmet,SMK,Helmets,images_processed\smk\1355_1791.webp,
9634425864423,STEELBIRD SBA 20 - 09 BT,Steelbird,Helmets,images_processed\steelbird\71lCPC1FrML._SX679.webp,
8907113234663,SBA-8 BT GLOSSY BLACK,Steelbird,Helmets,images_processed\steelbird\663b1c300a012IMG_0148.webp,
8899761864935,SBA-20 Painted Glossy Black,Steelbird,Helmets,images_processed\steelbird\65813b619b68fIMG_3565.webp,
8175200076007,SBH-17 Ignimeter [Glossy Black Red],Steelbird,Helmets,images_processed\steelbird\thumb_1.webp,
8117727461607,SBA-7 ROAD MAT BLACK WITH NEON (WITH INNER SUNSHIELD),Steelbird,Helmets,images_processed\steelbird\62d0030382690IMG_8693_1.webp,
9612419399911,Studds Helios Revo Red Visor,Studds,Helmets,images_processed\studds\Studds_Helios_Revo_Red_Night_Vision_Visor.webp,
9612419006695,Studds Helios Revo Ice Blue Visor,Studds,Helmets,images_processed\studds\rn-image_picker_lib_temp_5bf9fdd5-efad-454b-9e4e-a853fabe1c38.webp,
9579999658215,STUDDS HELIOS SUPERMAN EDITION BLUE N1-BLUE,Studds,Helmets,images_processed\studds\HELIOS-SUPERMAN-BLUE-N1-ISO_aa809fbb-c995-4b41-814d-402a8fa84531.webp,
9579998707943,STUDDS HELIOS GUN GREY,Studds,Helmets,images_processed\studds\HELIOS-GUN-GREY-3.webp,
9579989041383,STUDDS HELIOS SUPERMAN EDITION SILVER N1-BLUE,Studds,Helmets,images_processed\studds\HELIOS-SUPERMAN-EDITION-SILVER-N1-ISO.webp,
9579980194023,STUDDS HELIOS SUPERMAN EDITION GREY WITH METALLIC FOIL N2-RED,Studds,Helmets,images_processed\studds\HELIOS-SUPERMAN-EDITION-GREY-N2-ISO.webp,
9579969118439,STUDDS HELIOS D2 CIRCUIT DECOR BLACK & N2-RED,Studds,Helmets,images_processed\studds\HELIOS-D2-CIRCUIT-BLACK-N2_2c1b7fcd-1b56-43a2-984b-8884cabf71ef.webp,
9579968725223,STUDDS HELIOS SUPERMAN EDITION BLACK & N1-BLUE,Studds,Helmets,images_processed\studds\MATT-BLACK-N1-ISO.webp,
9579737383143,STUDDS HELIOS D2 CIRCUIT DECOR BLACK & CHAMELEON GREY/PINK,Studds,Helmets,images_processed\studds\HELIOS-D2-CIRCUIT-BLACK-CHAMELEON-N4-BACK.webp,
9579732533479,STUDDS HELIOS MATT BLACK,Studds,Helmets,images_processed\studds\HELIOS-MATT-BLACK-3.webp,
9426188009703,STUDDS HELIOS D2 CIRCUIT DECOR,Studds,Helmets,images_processed\studds\HELIOS-D2-CIRCUIT-BLACK-N4-LEFT.webp,
9424522445031,HELIOS D2 CIRCUIT,Studds,Helmets,images_processed\studds\HELIOS-D2-CIRCUIT-BLACK-N2-BACK.webp,
9424513827047,HELIOS SUPERMAN EDITION,Studds,Helmets,images_processed\studds\HELIOS-SUPERMAN-BLUE-N1-ISO.webp,
9151353979111,STUDDS Helios Solid Gloss Black Helmet,Studds,Helmets,images_processed\studds\HELIOS-BLACK-3_7841c93a-4e88-4083-9de0-724f1a26a63d.webp,
8521895182567,STUDDS THUNDER MATT BLACK WITH HELMET WALA* Helmet cleaner,Studds,Helmets,images_processed\studds\MATT_BLACK1_76d42ffe-e6e5-4eea-8c19-49185924e6b9.webp,
8521894985959,STUDDS THUNDER MATT BLACK,Studds,Helmets,images_processed\studds\MATT_BLACK1.webp,
8521893675239,STUDDS THUNDER GLOSSY BLACK HELMET WALA* Helmet cleaner,Studds,Helmets,images_processed\studds\BLACK51_8a0364fa-106b-48fb-bd1e-6bd419379ea2.webp,
8521893576935,STUDDS THUNDER GLOSSY BLACK,Studds,Helmets,images_processed\studds\BLACK51.webp,
8521882468583,DRIFTER GLOSSY BLACK HELMET WALA* Helmet cleaner,Studds,Helmets,images_processed\studds\51HWS5VBIkL_c0802969-d217-47db-b19e-91b0735422cc.webp,
8521882403047,DRIFTER GLOSSY BLACK,Studds,Helmets,images_processed\studds\51HWS5VBIkL.webp,
8521878438119,DRIFTER MATT BLACK WITH HELMET WALA* Helmet cleaner,Studds,Helmets,images_processed\studds\DRIFTER-BLACK-matt-07_d7bed86d-5505-4dad-b85d-478f0cfa36d9.webp,
8521878110439,DRIFTER MATT BLACK,Studds,Helmets,images_processed\studds\DRIFTER-BLACK-matt-07.webp,
8521874505959,DRIFTER D3 DECOR WITH HELMET WALA* Helmet cleaner,Studds,Helmets,images_processed\studds\D3-BLACK-N5_39a1ac04-7c73-4a7b-9ca1-3e933e9e82a9.webp,
8521869918439,DRIFTER D3 DECOR HELMET WALA* Helmet cleaner,Studds,Helmets,images_processed\studds\D3-BLACK-GREY-N11_fb751622-fcaf-43be-ba08-06250ecedda0.webp,
8447676448999,THUNDER PISTON D10 DECOR WITH SPOILER WITH EXTRA TINTED VISOR,Studds,Helmets,images_processed\studds\OFF-WHITE-N5.webp,
8424700838119,DRIFTER D3 DECOR,Studds,Helmets,images_processed\studds\D3-BLACK-GREY-N2.webp,
8296294514919,DRIFTER D2 DECOR,Studds,Helmets,images_processed\studds\GREY-N91.webp,
8086727917799,DRIFTER D1 DECOR,Studds,Helmets,images_processed\studds\BLACK-N4.webp,
8086710845671,THUNDER D9 DECOR WITH MIRROR VISOR,Studds,Helmets,images_processed\studds\D9_MATT_BLACK_N5.webp,
8086696460519,THUNDER D2 DECOR WITH SPOILER,Studds,Helmets,images_processed\studds\D2_MATT_BLACK_N21.webp,
8086428549351,THUNDER D6 DECOR WITH SPOILER,Studds,Helmets,images_processed\studds\BLACK-BLUE-N1.webp,
8086257664231,THUNDER D3 DECOR WITH SPOILER,Studds,Helmets,images_processed\studds\BLACK-N53.webp,
15259618541940,Vega Sonic Scope Full Face Helmet with Spoiler – ISI Certified Racing Helmet,Vega,Helmets,images_processed\vega\6_03708822-8166-4ca7-9a5b-074a67242023.webp,
15249231217012,Shade  Dual Visor Open Face Helmet,Vega,Helmets,images_processed\vega\7_ed4dcf4c-cc2a-4427-856a-de03845a697a.webp,
15251657523572,Vega Sniper Flip Up Helmet,Vega,Helmets,images_processed\vega\3_505e0c69-2b04-4539-a7a0-cbc43bd4c5d7.webp,
15056823812468,Cliff Pro Full Face Helmet With Spoiler,Vega,Helmets,images_processed\vega\BreezeTF_2.webp,
15194649362804,Vega Boolean Optimus Flip-up Helmet with spoiler,Vega,Helmets,images_processed\vega\6_86aeb427-09fe-4752-ba6c-79b29da10e26.webp,
15194570490228,Vega Boolean Shadow Flip up Helmet with spoiler,Vega,Helmets,images_processed\vega\26_b26ddfbc-8e01-44dd-bfbb-21990f0db957.webp,
15194536837492,Vega Boolean Flip up Helmet with spoiler,Vega,Helmets,images_processed\vega\39_8d775896-35be-43dc-a989-08b0a84b776d.webp,
15148695060852,Vega Crux Checks Dual Visor Helmet,Vega,Helmets,images_processed\vega\Crux-Dx-Checks-Dull-Black-Silver_5_copy_1.webp,
14915783983476,Cruiser W/P Helmet,Vega,Helmets,images_processed\vega\CruiserW-PAnthracite2.webp,
15138171748724,Vega Bolt Classy Helmet With Spoiler,Vega,Helmets,images_processed\vega\225_e0f931aa-03d0-4aa2-a492-893bad8c7fbb.webp,
14915303014772,Crux Texture Finish Flip up Helmet,Vega,Helmets,images_processed\vega\IMG_1752.webp,
15117828948340,Buds Junior Ants Open Face Helmet,Vega,Helmets,images_processed\vega\1_d078b75f-af7f-40b2-9ba5-92b50b5a01f5.webp,
15117889208692,Buds Junior Ducklings Open Face Helmet,Vega,Helmets,images_processed\vega\435_60a24ee3-3799-49a4-beac-68885e3abb46.webp,
15099198833012,Bolt Elves Helmet,Vega,Helmets,images_processed\vega\1_a2244578-995e-435c-83eb-6b5615438449.webp,
15081053159796,Arrow Runner Dual Visor Helmet With Spoiler,Vega,Helmets,images_processed\vega\ARROW_RUNNER_BLACK_RED_3.webp,
15079866335604,Arrow Dual Visor Helmet With Spoiler,Vega,Helmets,images_processed\vega\ARROW_BLACK_SILVER_1500X1500_3.webp,
15089112023412,Chap Lollipop Helmet,Vega,Helmets,images_processed\vega\2_b9dd9356-259c-4816-9049-886a60242cc6.webp,
15089023123828,Buds Junior OF Avenger Helmet,Vega,Helmets,images_processed\vega\BUDSMARVELAVENGERS1500X15002.webp,
15080944664948,Punch DV Trend Helmet,Vega,Helmets,images_processed\vega\TRENDBLACKRED1500x15002.webp,
15080915403124,Punch DV Diamond Helmet,Vega,Helmets,images_processed\vega\DIAMOND_BLACK_RED_1500x1500_2.webp,
15087949250932,Junior Buds OF Spider Man Helmet,Vega,Helmets,images_processed\vega\BUDSMARVELSPIDERMANRED1500X15005_4.webp,
14926862319988,Chap Solid Color Helmet,Vega,Helmets,images_processed\vega\Chap_Shark_red_new_inserts_1500x1500_02.webp,
14926860583284,Chap Shark Helmet,Vega,Helmets,images_processed\vega\ChapSharknewinserts1500x150002.webp,
14926859567476,Chap Pony Helmet,Vega,Helmets,images_processed\vega\ChapPonynewinserts1500x150002.webp,
15056242049396,Vega Jet-Born To Ride W/Visor Helmet,Vega,Helmets,images_processed\vega\BORN_TO_RIDE_BLACK_RED_1500x1500_02_72679d7f-ff3c-4197-80fc-e353860ba8ff.webp,
15047650476404,Flutter DV Helmet,Vega,Helmets,images_processed\vega\PURPLE_2.webp,
14915713139060,Ranger Texture Finish Helmet,Vega,Helmets,images_processed\vega\Black_2_fdad87bd-eef1-4302-bb1e-5369175e67a2.webp,
15021591298420,Orion Solid Colors Helmet,Vega,Helmets,images_processed\vega\Pink_2_41033286-eb3f-4f1b-bf3f-c4ba73b343da.webp,
14913490157940,Sonic Solid Colors Full Face Helmet With Spoiler,Vega,Helmets,images_processed\vega\SONIC_SOLID_BLACK.webp,
14927142224244,Junior Buds OF Helmet,Vega,Helmets,images_processed\vega\Red_2_7ffbcf72-75ef-4c53-973f-7ed59a3f9d34.webp,
14948973445492,Jet Marvel Comics Edition Helmet,Vega,Helmets,images_processed\vega\470_aabd91da-3f85-4842-9ebf-7f6dcf1cece3.webp,
14918170837364,Edge Texture Finish Helmet,Vega,Helmets,images_processed\vega\Edge-Black2.webp,
14929092870516,Zap Dual Visor Alliance Full Face Helmet With Spoiler,Vega,Helmets,images_processed\vega\130_311a4be3-294a-4f58-aee4-9554c13b3602.webp,
14915747119476,Turbo Solid Colors Helmet With Spoiler,Vega,Helmets,images_processed\vega\Turbo_Black_Png_5.webp,
14926811267444,Junior Buds Helmet,Vega,Helmets,images_processed\vega\budsblack2.webp,
14924890243444,Cliff Helmet,Vega,Helmets,images_processed\vega\CliffBlack2.webp,
14919275905396,Vega Voyager Dragoa Helmet With Spoiler,Vega,Helmets,images_processed\vega\Dragoa_Black_Blue.webp,
14919287570804,Bolt Army Full Face Helmet,Vega,Helmets,images_processed\vega\40.webp,
14919271481716,Vega Voyager Killer Full Face Helmet With Spoiler,Vega,Helmets,images_processed\vega\Black_Neon_Yellow_5.webp,
14919266337140,Voyager Solid Colors Helmet,Vega,Helmets,images_processed\vega\Black_5_8eec9a4c-9597-46e4-b464-11bf493efd54.webp,
14917253529972,Lark Twist Helmet,Vega,Helmets,images_processed\vega\BlackM.Blue2.webp,
14917250941300,Lark Victor Helmet,Vega,Helmets,images_processed\vega\VCTKNY2.webp,
14917202542964,Lark Legend Helmet,Vega,Helmets,images_processed\vega\Lark-Legend-Black-M-Blue2.webp,
14917201232244,Jet DC Wonder Woman Helmet,Vega,Helmets,images_processed\vega\Wonder_Dull_Woman_2.webp,
14917198545268,Jet With Peak Urban Helmet,Vega,Helmets,images_processed\vega\BLACKBLUE2_bdf5a6b9-4148-452a-a9e6-df863d3bd0c0.webp,
14917198414196,Jet With Peak Captain Helmet,Vega,Helmets,images_processed\vega\JETCaptain2.webp,
14917184225652,Jet With Peak Helmet,Vega,Helmets,images_processed\vega\JetBlack2.webp,
14917130781044,Jet Old School With Visor Helmet,Vega,Helmets,images_processed\vega\JetOldSchoolBlackMBlue2.webp,
14917130584436,Jet Marvel Black Panther Edition Helmet,Vega,Helmets,images_processed\vega\Black_Panther_2.webp,
14917127766388,Jet Marvel Captain America Edition Helmet,Vega,Helmets,images_processed\vega\CaptainAmerica2.webp,
14917122687348,JET Captain W/Visor Helmet,Vega,Helmets,images_processed\vega\JETCaptainDullRedMetallic2.webp,
14917114626420,Jet 777 W/Visor Helmet,Vega,Helmets,images_processed\vega\Jet777WhiteRed.webp,
14917111021940,JET With Visor Helmet,Vega,Helmets,images_processed\vega\JetAnthracite2.webp,
14917106565492,Aster Helmet,Vega,Helmets,images_processed\vega\20_3419ba56-77fe-409d-8bae-b6d3b026b913.webp,
14919158628724,Treo Dual Visor Texture Finish Helmet,Vega,Helmets,images_processed\vega\BLACK2copy.webp,
14917200544116,Jet Star With Visor Helmet,Vega,Helmets,images_processed\vega\JetStarBlackSilver2.webp,
14919147880820,EVO Texture Finish Helmet,Vega,Helmets,images_processed\vega\BLACK2_ac57a9aa-a373-4f6a-81e9-4e16c7accb52.webp,
14919030571380,Rapid DV Mandy Monkey Helmet with Spoiler and extra Smoke visor,Vega,Helmets,images_processed\vega\171.webp,
14919022707060,Rapid DV Drack Helmet with Spoiler and extra Smoke visor,Vega,Helmets,images_processed\vega\176.webp,
14919015170420,Rapid DV Solid Colors Helmet with Spoiler and extra Smoke visor,Vega,Helmets,images_processed\vega\161.webp,
14919006781812,Rapid DV Flash Helmet with Spoiler and extra Smoke visor,Vega,Helmets,images_processed\vega\186.webp,
14917211095412,Lark Helmet,Vega,Helmets,images_processed\vega\Lark_Black_2.webp,
14917257822580,Lark Marvel Spiderman Edition Helmet,Vega,Helmets,images_processed\vega\LarkSpiderman1500x15002Png.webp,
14917258903924,Lark Roadies Ride Hard Helmet,Vega,Helmets,images_processed\vega\LarkRoadiesBattelGreen1500x1500Png2.webp,
14917813338484,Off Road D/V Helmet,Vega,Helmets,images_processed\vega\Black_2_71934998-2257-46cb-bc65-4554bfe82b18.webp,
14917814747508,Off Road DV Sketch Helmet,Vega,Helmets,images_processed\vega\SketchKS1.webp,
14917815665012,Off Road D/V Secret Helmet,Vega,Helmets,images_processed\vega\AnthraciteBlackRainbow2.webp,
14917816189300,Off Road D/V Gangster Helmet,Vega,Helmets,images_processed\vega\ORGNGDKMB2_4e08bdb2-7307-41e0-8241-31e00a7b1921.webp,
14917819072884,Off Road DV Thunder Helmet,Vega,Helmets,images_processed\vega\Black_Red_2_7fdd5214-7d0e-48d4-8e83-e86680a621fc.webp,
14917821006196,Off Road DV Motocross Helmet,Vega,Helmets,images_processed\vega\OffroadMotocrossDvBlackRed_2.webp,
14917822480756,Off Road DV Race 3 Helmet,Vega,Helmets,images_processed\vega\OffroadRace3OrangeBlack_2.webp,
14918201639284,Edge US Army Helmet,Vega,Helmets,images_processed\vega\BlackRed_2_3bfd9292-e56e-411a-b737-1a27736b513d.webp,
14917822972276,Off Road D/V Camo Helmet,Vega,Helmets,images_processed\vega\OffroadRoadCamoDullBlackOrange2.webp,
14918196330868,Edge Grain Helmet,Vega,Helmets,images_processed\vega\RedAnthracite_2.webp,
14918185517428,Edge Passion Helmet,Vega,Helmets,images_processed\vega\BlackBlue_2_f1700ac5-dc09-4362-9de1-517822e5338d.webp,
14918171099508,Edge Solid Colors Helmet,Vega,Helmets,images_processed\vega\2_e0656951-50a9-4f44-967c-bb6fb5921c71.webp,
14917107319156,Aster Dx Helmet,Vega,Helmets,images_processed\vega\32_780fdeb1-17f4-47b6-9122-7fda18dd1c00.webp,
14916427612532,Ryker D/V Bolder Helmet,Vega,Helmets,images_processed\vega\Ryker_Bolder_KR_1500_x_1500_3.webp,
14887601373556,Bolt Ninja Full Face Helmet,Vega,Helmets,images_processed\vega\207_503898df-ab58-4a36-bc47-4b379572cd5b.webp,
14916426465652,Ryker DV Helmet,Vega,Helmets,images_processed\vega\Ryker_Bolder_K_1500_x_1500_3.webp,
14915420258676,Crux Dx Victor Helmet,Vega,Helmets,images_processed\vega\Victorblue5.webp,
14915440509300,SPIKE DV TIMELESS HELMET,Vega,Helmets,images_processed\vega\SPIKE_DV_TIMELESS_RED_BLACK_WEB-3.webp,
14915442377076,SPIKE DV HELMET,Vega,Helmets,images_processed\vega\SPIKEDVATHENAGREYWEB-3.webp,
14915447980404,Vega Blaze Open Face Helmet,Vega,Helmets,images_processed\vega\blaze-2.webp,
14915448865140,Blaze Dx Helmet,Vega,Helmets,images_processed\vega\Blaze_Dx_Black_2.webp,
14915415015796,Crux Dx Checks Helmet,Vega,Helmets,images_processed\vega\crux-dx-checker-black-red_5.webp,
14915321299316,Crux Dx Helmet,Vega,Helmets,images_processed\vega\crux-dx-white_5_084fbff7-6629-4b4e-b06b-8ae4f6f253da.webp,
14915310158196,Crux Dual Visor Helmet,Vega,Helmets,images_processed\vega\TextureBlack_5.webp,
14915425468788,Crux Open Face Helmet,Vega,Helmets,images_processed\vega\BLACK2.webp,
14915790963060,Dirt-X Trial  Helmet,Vega,Helmets,images_processed\vega\212.webp,
14915789095284,Dirt-X Challenge Helmet,Vega,Helmets,images_processed\vega\234.webp,
14915787850100,Dirt-X Aircraft Helmet,Vega,Helmets,images_processed\vega\202-Copy.webp,
14915786998132,Dirt-X Solid Colors Helmet,Vega,Helmets,images_processed\vega\229.webp,
14915748364660,Turbo Squad Helmet,Vega,Helmets,images_processed\vega\TURBO_SQUAD_BLACK_ORANGE_PNG_5.webp,
14915764715892,Turbo Flex Helmet With Spoiler,Vega,Helmets,images_processed\vega\TURBO_FLEX_BLACK_GREY_3.webp,
14915774087540,Punch DV Solid Colors Helmet,Vega,Helmets,images_processed\vega\PUNCHATHENAWEB-2.webp,
14915769631092,Clark Solid Colors Helmet,Vega,Helmets,images_processed\vega\ClarkAthenaGreyWeb-2.webp,
14915744170356,Ranger Crew Helmet,Vega,Helmets,images_processed\vega\Range_Crew_Black_Red_3.webp,
14915743514996,Ranger Revenge Helmet,Vega,Helmets,images_processed\vega\RangeRevengeBlackRed_3.webp,
14915714449780,Ranger Solid Colors Helmet,Vega,Helmets,images_processed\vega\Black1_ce101f6e-df1c-4e97-8803-2e080591746c.webp,
14915484647796,Verve Helmet,Vega,Helmets,images_processed\vega\Dull_Red_1500_x_1500_2_png.webp,
14916223533428,Atom Helmet,Vega,Helmets,images_processed\vega\AtomBlack1500x1500-2.webp,
14915416457588,Crux Dx Flex Helmet,Vega,Helmets,images_processed\vega\Flex_KR_5.webp,
14912173474164,Bolt Bunny Full-Face Helmet,Vega,Helmets,images_processed\vega\216_55f80b21-19c7-46b7-b1fb-05e2e4ee60fe.webp,
14912162398580,Bolt Superhero Full-Face Helmet,Vega,Helmets,images_processed\vega\171_7c0f51d1-9e0a-4f10-b90e-a6585467b0de.webp,
14913151598964,Bolt Crown Men Full-Face Helmet,Vega,Helmets,images_processed\vega\69_1a08782b-4a21-4196-8fa7-7462efc5b7b1.webp,
14913466761588,Zap Dual Visor Medusa Full Face Helmet With Spoiler,Vega,Helmets,images_processed\vega\ZAP_MEDUSA_BLACK_GREY.webp,
14913465352564,Zap DV Dude Helmet,Vega,Helmets,images_processed\vega\ZAP_DUDE_BLACK_RED.webp,
14913461584244,Zap DV Explore Helmet,Vega,Helmets,images_processed\vega\ZAP_EXPLORE_BLACK_RED.webp,
14913450377588,Zap DV Volt Helmet,Vega,Helmets,images_processed\vega\ZAP_VOLT_BLACK_BLUE.webp,
14913448116596,ZAP DV Solid Colors Full-Face Helmet,Vega,Helmets,images_processed\vega\ZAP_SOLID_BLACK.webp,
14913442644340,Bolt Bull Full Face Helmet,Vega,Helmets,images_processed\vega\31_491d01e5-aac9-40be-95ca-7078c1ecbfab.webp,
14913440219508,Bolt Bluetooth Smart Helmet With Spoiler Powered by Altor,Vega,Helmets,images_processed\vega\182_c30169fc-87e1-49cb-88e7-bc517b20ab2f.webp,
14913437565300,Bolt Roadies Grit & Glory Full Face Helmet with Spoiler,Vega,Helmets,images_processed\vega\ROADIES_GRIT_AND_GLORY_BLACK_RED.webp,
14913437401460,Bolt Roadies Freedom Fleet Full Face Helmet With Spoiler,Vega,Helmets,images_processed\vega\ROADIES_FREEDOM_ATHENA_GREY_GOLD.webp,
14913432224116,Bolt Dual Tone Full Face Helmet With Spoiler,Vega,Helmets,images_processed\vega\63.webp,
14913511883124,Swift DV Solid Colors Helmet,Vega,Helmets,images_processed\vega\SWIFTPINKPNG1500x15002.webp,
14913503494516,Sonic Shadow full face Helmet with Spoiler,Vega,Helmets,images_processed\vega\SONIC_SHADOW_BLACK_RED.webp,
14913498972532,Sonic Trigger Full Face Helmet With Spoiler,Vega,Helmets,images_processed\vega\SONIC_TRIGGER_BLUE.webp,
14913495564660,Sonic Legend  Full Face Helmet With Spoiler,Vega,Helmets,images_processed\vega\SONIC_LEGEND_BLACK_NEON_YELLOW.webp,
14913491239284,Sonic Saw Full Face Helmet With Spoiler,Vega,Helmets,images_processed\vega\SONIC_SAW_DULL_BLACK_BLUE.webp,
14913468072308,Zap Dual Visor  Marvel  Iron Man Helmet,Vega,Helmets,images_processed\vega\ZAP_IRON_MAN.webp,
14913469481332,Bolt Full Face Riding Helmet,Vega,Helmets,images_processed\vega\12_-_Copy.webp,
14913441300852,Bolt Tron Full Face Helmet,Vega,Helmets,images_processed\vega\BOLTTRONBLACKNEONYELLOWWEB-3.webp,
14913435730292,Bolt Marvel Captain America Edition Full Face Helmet With Spoiler,Vega,Helmets,images_processed\vega\CAPTAIN_AMERICA_BLUE_RED_WHITE.webp,
14913421967732,Bolt Wild Men Full Face Riding Helmet With Spoiler,Vega,Helmets,images_processed\vega\BOLT_WILD_BLACK_GREEN.webp,
14911529779572,Bolt SpeedX Full-Face Helmet,Vega,Helmets,images_processed\vega\186_56ac2053-672b-4248-a499-9e31ae227518.webp,
14913417281908,Bolt Marvel Black Panther Official Licensed Full Face Helmet With Spoiler,Vega,Helmets,images_processed\vega\69000-00000-P_1_8046b057-5f00-4f89-af2c-9944f821753d.webp,
7736210456663,RIDEFIT Gloves Electric Blue,100%,Gloves,images_processed\100%\FA26_GLOVE_RIDEFIT_0046-10031.webp,
7736210227287,RIDEFIT Gloves Grey/Black,100%,Gloves,images_processed\100%\FA26_GLOVE_RIDEFIT_0046-10046.webp,
7736209932375,RIDEFIT Gloves White/Red/Black,100%,Gloves,images_processed\100%\FA26_GLOVE_RIDEFIT_0046-10041.webp,
7736210653271,AIRMATIC 2 Gloves Forest Green,100%,Gloves,images_processed\100%\FA26_GLOVE_AIRMATIC_2_10041-10036.webp,
7736210620503,ITRACK Gloves Green,100%,Gloves,images_processed\100%\FA26_GLOVE_ITRACK_10044-10025.webp,
7736210587735,ITRACK Gloves Navy,100%,Gloves,images_processed\100%\FA26_GLOVE_ITRACK_10044-10030.webp,
7736210554967,ITRACK Gloves Red/White,100%,Gloves,images_processed\100%\FA26_GLOVE_ITRACK_10044-10035.webp,
7736210948183,RIDECAMP Womens Gloves Lavender,100%,Gloves,images_processed\100%\FA26_GLOVE_RIDECAMP_10013-10025.webp,
7736210784343,RIDECAMP Womens Gloves Grey,100%,Gloves,images_processed\100%\FA26_GLOVE_RIDECAMP_10013-10030.webp,
7736210751575,SLING MX Gloves White,100%,Gloves,images_processed\100%\FA26_GLOVE_SLING_10023-10020.webp,
7736210686039,AIRMATIC 2 Gloves White/Orange,100%,Gloves,images_processed\100%\FA26_GLOVE_AIRMATIC_2_10041-10031.webp,
7736211144791,RIDECAMP Gloves Grey,100%,Gloves,images_processed\100%\FA26_GLOVE_RIDECAMP_10011-10045.webp,
7736211079255,RIDECAMP YOUTH Gloves Black/Charcoal,100%,Gloves,images_processed\100%\FA26_GLOVE_RIDECAMP_10011-10025.webp,
7736211046487,RIDECAMP YOUTH Gloves Red,100%,Gloves,images_processed\100%\FA26_GLOVE_RIDECAMP_10011-10035.webp,
7736211013719,RIDECAMP Womens Gloves Black,100%,Gloves,images_processed\100%\FA26_GLOVE_RIDECAMP_10013-10020.webp,
7736211406935,RIDECAMP Gloves Black,100%,Gloves,images_processed\100%\FA26_GLOVE_RIDECAMP_10011-10025.webp,
7736211374167,RIDECAMP Gloves Fluo Yellow,100%,Gloves,images_processed\100%\FA26_GLOVE_RIDECAMP_10011-10030.webp,
7736211341399,RIDECAMP Gloves Red,100%,Gloves,images_processed\100%\FA26_GLOVE_RIDECAMP_10011-10035.webp,
7736211177559,RIDECAMP Gloves Blue,100%,Gloves,images_processed\100%\FA26_GLOVE_RIDECAMP_10011-10040.webp,
6777100501079,RIDEFIT Gloves Fluo Orange Moto,100%,Gloves,images_processed\100%\Z-10010-00005_1.webp,
6629646565463,BRISKER Gloves Red,100%,Gloves,images_processed\100%\Z-10016-003_1.webp,
7487475646551,ITRACK Gloves Camo,100%,Gloves,images_processed\100%\FA25_GLOVE_ITRACK_10044-00017-006_20_281_29.webp,
7487457624151,ITRACK Gloves Black,100%,Gloves,images_processed\100%\FA25_GLOVE_ITRACK_10044-00001-007.webp,
7487453364311,AIRMATIC 2 Gloves Orange,100%,Gloves,images_processed\100%\FA25_GLOVE_AIRMATIC_10041-00021-077.webp,
7487446712407,LANGDALE Gloves Black/Tan,100%,Gloves,images_processed\100%\FA25_GLOVE_LANGDALE_10029-00011-022.webp,
7487442452567,ITRACK Gloves Red,100%,Gloves,images_processed\100%\FA25_GLOVE_ITRACK_10044-00009-010.webp,
7487441993815,RIDEFIT Gloves Fluo Yellow,100%,Gloves,images_processed\100%\FA25_GLOVE_RIDEFIT_10046-00006-003.webp,
7487435898967,ITRACK Gloves Blue/White,100%,Gloves,images_processed\100%\FA25_GLOVE_ITRACK_10044-00013-007_20_281_29.webp,
7487435767895,RIDEFIT Gloves Blue,100%,Gloves,images_processed\100%\FA25_GLOVE_RIDEFIT_10046-00016-129_20_281_29.webp,
7487401721943,AIRMATIC 2 Gloves Blue,100%,Gloves,images_processed\100%\FA25_GLOVE_AIRMATIC_10041-00016-075.webp,
7487396184151,LANGDALE Gloves Blue,100%,Gloves,images_processed\100%\FA25_GLOVE_LANGDALE_10029-00016-023_20_281_29.webp,
7487388155991,AIRMATIC 2 Gloves Fluo Yellow,100%,Gloves,images_processed\100%\FA25_GLOVE_AIRMATIC_10041-00006-032_20_281_29.webp,
7487384191063,RIDEFIT Gloves White/Red,100%,Gloves,images_processed\100%\FA25_GLOVE_RIDEFIT_10046-00011-101.webp,
7486930681943,AIRMATIC 2 Gloves Red/Black,100%,Gloves,images_processed\100%\FA25_GLOVE_AIRMATIC_10041-00011-057_20_281_29.webp,
7486896046167,AIRMATIC 2 Gloves Black,100%,Gloves,images_processed\100%\FA25_GLOVE_AIRMATIC_10041-00001-134_20_281_29.webp,
7487477612631,ITRACK Gloves Red/White/Blue,100%,Gloves,images_processed\100%\FA25_GLOVE_ITRACK_10044-00021-021.webp,
7487477645399,AIRMATIC 2 Gloves Red/White/Blue,100%,Gloves,images_processed\100%\FA25_GLOVE_AIRMATIC_10041-00026-009.webp,
7487480201303,ITRACK Gloves Black/Fluo Yellow,100%,Gloves,images_processed\100%\FA25_GLOVE_ITRACK_10044-00005-002.webp,
7511872471127,ITRACK YOUTH Gloves Black/Fluo Yellow,100%,Gloves,images_processed\100%\FA25_GLOVE_ITRACK_10044-00005-002.webp,
7511877779543,ITRACK YOUTH Gloves Black,100%,Gloves,images_processed\100%\FA25_GLOVE_ITRACK_10044-00001-007.webp,
7511893114967,AIRMATIC 2 YOUTH Gloves Black,100%,Gloves,images_processed\100%\FA25_GLOVE_AIRMATIC_10041-00001-134_20_281_29.webp,
7511913988183,ITRACK YOUTH Gloves Red,100%,Gloves,images_processed\100%\FA25_GLOVE_ITRACK_10044-00009-010.webp,
7511915298903,AIRMATIC 2 YOUTH Gloves Red/Black,100%,Gloves,images_processed\100%\FA25_GLOVE_AIRMATIC_10041-00011-057_20_281_29.webp,
7511930962007,AIRMATIC 2 YOUTH Gloves Fluo Yellow,100%,Gloves,images_processed\100%\FA25_GLOVE_AIRMATIC_10041-00006-032_20_281_29.webp,
7487475581015,RIDEFIT Gloves Fluo Yellow/Black,100%,Gloves,images_processed\100%\FA25_GLOVE_RIDEFIT_10046-00026-005.webp,
7487488491607,RIDEFIT Gloves Red,100%,Gloves,images_processed\100%\FA25_GLOVE_RIDEFIT_10046-00021-116.webp,
7487488524375,RIDEFIT Gloves Black,100%,Gloves,images_processed\100%\FA25_GLOVE_RIDEFIT_10046-00001-009.webp,
6997921923159,BRISKER YOUTH Glove - Black/Black,100%,Gloves,images_processed\100%\Z-10016-057_1.webp,
2287840231482,BRISKER Women's Glove - Neon Pink/Black,100%,Gloves,images_processed\100%\Z-11016-263_1.webp,
6748095807575,CELIUM Gloves Grey MTB,100%,Gloves,images_processed\100%\Z-10007-00005_1.webp,
6910502830167,LANGDALE Gloves Red/White/Blue,100%,Gloves,images_processed\100%\FA23_GLOVE_LANGDALE_10029-00006.webp,
6910502764631,LANGDALE Gloves Black,100%,Gloves,images_processed\100%\FA23_GLOVE_LANGDALE_10029-00001.webp,
6748096594007,SLING Gloves Navy MTB,100%,Gloves,images_processed\100%\Z-10019-00010_1.webp,
6777075040343,SLING Bike Short Finger Gloves Navy,100%,Gloves,images_processed\100%\Z-10021-00010_1.webp,
6777074942039,SLING Bike Short Finger Gloves Black,100%,Gloves,images_processed\100%\Z-10021-00000_1.webp,
6777100402775,RIDEFIT Gloves Black/White,100%,Gloves,images_processed\100%\Z-10010-00000_1.webp,
6748096200791,RIDECAMP Gloves Navy/Slate,100%,Gloves,images_processed\100%\Z-10011-00015_1.webp,
6748096004183,RIDECAMP Gloves Black/Charcoal,100%,Gloves,images_processed\100%\Z-10011-00005_1.webp,
6748081619031,R-CORE Gloves Slate Blue MTB,100%,Gloves,images_processed\100%\Z-10027-00020_1.webp,
6748081520727,R-CORE Gloves Racer Red MTB,100%,Gloves,images_processed\100%\Z-10027-00015_1.webp,
6777099976791,ITRACK Gloves Sentinel Terra,100%,Gloves,images_processed\100%\Z-10008-00025_1.webp,
6777099944023,ITRACK Gloves Sentinel Black,100%,Gloves,images_processed\100%\Z-10008-00020_1.webp,
6777100861527,HYDROMATIC BRISKER Gloves Blue,100%,Gloves,images_processed\100%\Z-10018-00005_1.webp,
6748095905879,GEOMATIC Gloves Grey/Racer Red MTB,100%,Gloves,images_processed\100%\Z-10026-00010_1.webp,
6748095840343,GEOMATIC Gloves Slate Blue MTB,100%,Gloves,images_processed\100%\Z-10026-00020_1.webp,
6777100435543,EXCEEDA Women's Gel Short Finger Gloves Black,100%,Gloves,images_processed\100%\Z-10025-00001_1.webp,
6748095873111,CELIUM Gloves Black/Grey MTB,100%,Gloves,images_processed\100%\Z-10007-00000_1.webp,
6748095742039,CELIUM Gloves Racer Red MTB,100%,Gloves,images_processed\100%\Z-10007-00015_1.webp,
6787813146711,BRISKER YOUTH Gloves Fluo Yellow/Black,100%,Gloves,images_processed\100%\Z-10004-00008_1.webp,
6787813113943,BRISKER YOUTH Gloves Fluo Orange/Black,100%,Gloves,images_processed\100%\Z-10004-00004_1.webp,
6787813081175,BRISKER YOUTH Gloves Black,100%,Gloves,images_processed\100%\Z-10004-00000_1.webp,
6777052397655,BRISKER Women's Gloves Neon Pink/Black,100%,Gloves,images_processed\100%\Z-10005-00006_1.webp,
6777052364887,BRISKER Women's Gloves Black,100%,Gloves,images_processed\100%\Z-10005-00001_1.webp,
6809412567127,BRISKER Gloves Neon Pink,100%,Gloves,images_processed\100%\FA22_GLOVES_BRISKER_10003-00025.webp,
6787813048407,BRISKER Gloves Turquoise,100%,Gloves,images_processed\100%\Z-10003-00035_1.webp,
6787812982871,BRISKER Gloves Heather Grey,100%,Gloves,images_processed\100%\Z-10003-00020_1.webp,
6787812950103,BRISKER Gloves Fluo Yellow/Black,100%,Gloves,images_processed\100%\Z-10003-00015_1.webp,
6787812884567,BRISKER Gloves Fluo Orange/Black,100%,Gloves,images_processed\100%\Z-10003-00010_1.webp,
6787812819031,BRISKER Gloves Camo/Black,100%,Gloves,images_processed\100%\Z-10003-00005_1.webp,
6787812786263,BRISKER Gloves Black,100%,Gloves,images_processed\100%\Z-10003-00000_1.webp,
6777099845719,AIRMATIC YOUTH Gloves Black/Charcoal,100%,Gloves,images_processed\100%\Z-10001-00000_1.webp,
2287838855226,AIRMATIC Glove - Blue/Black,100%,Gloves,images_processed\100%\Z-10012-215_1.webp,
6748096299095,RIDECAMP Gloves Army Green/Black MTB,100%,Gloves,images_processed\100%\Z-10011-00000_1.webp,
6884585603159,RIDECAMP GEL Gloves Black,100%,Gloves,images_processed\100%\FA22_GLOVES_RIDECAMP_GEL_10034-00001.webp,
6884586750039,RIDECAMP GEL Gloves Red,100%,Gloves,images_processed\100%\FA22_GLOVES_RIDECAMP_GEL_10034-00011.webp,
6748081684567,R-CORE Gloves Black MTB,100%,Gloves,images_processed\100%\Z-10027-00000_1.webp,
6748095774807,CELIUM Gloves Slate Blue MTB,100%,Gloves,images_processed\100%\Z-10007-00020_1.webp,
6777101058135,SLING MX Gloves Navy,100%,Gloves,images_processed\100%\Z-10023-00010_1.webp,
6777100992599,SLING MX Gloves Grey,100%,Gloves,images_processed\100%\Z-10023-00015_1.webp,
6777100959831,SLING MX Gloves Fluo Yellow,100%,Gloves,images_processed\100%\Z-10023-00005_1.webp,
6777100730455,HYDROMATIC Gloves Fluo Yellow,100%,Gloves,images_processed\100%\Z-10017-00005_1.webp,
6759473610839,AIRMATIC Moto-Gloves-Navy/White,100%,Gloves,images_processed\100%\Z-10000-00015_1.webp,
6759473741911,AIRMATIC Moto-Gloves-Red/Black,100%,Gloves,images_processed\100%\Z-10000-00025_1.webp,
6777100894295,SLING MX Gloves Black,100%,Gloves,images_processed\100%\Z-10023-00000_1.webp,
6787813605463,COGNITO SMART SHOCK Gloves Fluo Yellow,100%,Gloves,images_processed\100%\Z-10014-00040_1.webp,
6787813539927,COGNITO SMART SHOCK Gloves Fluo Orange,100%,Gloves,images_processed\100%\Z-10014-00035_1.webp,
6787813507159,RIDEFIT Gloves Bonita,100%,Gloves,images_processed\100%\Z-10010-00030_1.webp,
6787813474391,COGNITO SMART SHOCK Gloves Black,100%,Gloves,images_processed\100%\Z-10014-00030_1.webp,
6787813441623,COGNITO SMART SHOCK Gloves Army Green,100%,Gloves,images_processed\100%\Z-10014-00025_1.webp,
6787813212247,ITRACK Gloves Kaledo,100%,Gloves,images_processed\100%\Z-10008-00030_1.webp,
6777100828759,RIDEFIT Gloves Navy,100%,Gloves,images_processed\100%\Z-10010-00025_1.webp,
6777100664919,HYDROMATIC Gloves Black,100%,Gloves,images_processed\100%\Z-10017-00000_1.webp,
6777100599383,EXCEEDA Gel Short Finger Gloves Fluo Yellow,100%,Gloves,images_processed\100%\Z-10024-00005_1.webp,
6777100533847,EXCEEDA Gel Short Finger Gloves Black,100%,Gloves,images_processed\100%\Z-10024-00000_1.webp,
6777099878487,AIRMATIC YOUTH Gloves Fluo Yellow/Black Moto,100%,Gloves,images_processed\100%\Z-10001-00004_1.webp,
6777075138647,SLING Women's Bike Short Finger Gloves Grey,100%,Gloves,images_processed\100%\Z-10022-00006_1.webp,
6777075073111,SLING Women's Bike Short Finger Gloves Black,100%,Gloves,images_processed\100%\Z-10022-00001_1.webp,
6777074876503,AIRMATIC YOUTH Gloves Red/Black,100%,Gloves,images_processed\100%\Z-10001-00008_1.webp,
6759473545303,AIRMATIC Moto-Gloves-Fluo Yellow/Black,100%,Gloves,images_processed\100%\Z-10000-00010_1.webp,
6759473512535,AIRMATIC Moto-Gloves-Blue,100%,Gloves,images_processed\100%\Z-10000-00005_1.webp,
6748124774487,RIDECAMP Gloves Women's Black/Charcoal,100%,Gloves,images_processed\100%\Z-10013-00001_1.webp,
6748096659543,SLING Gloves Women's Grey MTB,100%,Gloves,images_processed\100%\Z-10020-00006_1.webp,
6748096626775,SLING Gloves Women's Black MTB,100%,Gloves,images_processed\100%\Z-10020-00001_1.webp,
6748096561239,SLING Gloves Grey MTB,100%,Gloves,images_processed\100%\Z-10019-00005_1.webp,
6748096528471,SLING Gloves Black MTB,100%,Gloves,images_processed\100%\Z-10019-00000_1.webp,
6748095709271,SLING Gloves Women's Navy MTB,100%,Gloves,images_processed\100%\Z-10020-00011_1.webp,
6793130868823,HYDROMATIC BRISKER Gloves Black Moto/MTB,100%,Gloves,images_processed\100%\Z-10018-00000_1.webp,
6787813408855,ITRACK YOUTH Gloves Kaledo,100%,Gloves,images_processed\100%\Z-10009-00012_1.webp,
6787812687959,AIRMATIC Gloves Silver,100%,Gloves,images_processed\100%\Z-10000-00040_1.webp,
6777101025367,ITRACK Gloves Fluo Yellow,100%,Gloves,images_processed\100%\Z-10008-00010_1.webp,
6777100238935,ITRACK YOUTH Gloves Fluo Yellow,100%,Gloves,images_processed\100%\Z-10009-00004_1.webp,
6748096495703,RIDECAMP Gloves Women's Fluo Yellow,100%,Gloves,images_processed\100%\Z-10013-00006_1.webp,
6748096430167,RIDECAMP Gloves Women's Navy/Slate,100%,Gloves,images_processed\100%\Z-10013-00016_1.webp,
6748096364631,RIDECAMP Gloves Women's Lavender,100%,Gloves,images_processed\100%\Z-10013-00011_1.webp,
6759473479767,AIRMATIC Moto-Gloves-Black/Charcoal,100%,Gloves,images_processed\100%\Z-10000-00000_1.webp,
2287840198714,BRISKER Women's Glove - Black/Grey,100%,Gloves,images_processed\100%\Z-11016-057_1.webp,
6748096102487,GEOMATIC Gloves Black/Charcoal MTB,100%,Gloves,images_processed\100%\Z-10026-00000_1.webp,
2285684654138,BRISKER Glove - Fluo Orange/Black,100%,Gloves,images_processed\100%\Z-10016-260_1.webp,
2495643516986,GEOMATIC Gloves Black,100%,Gloves,images_processed\100%\Z-10022-001_1.webp,
2287838822458,AIRMATIC Glove - Black/Charcoal,100%,Gloves,images_processed\100%\Z-10012-057_1.webp,
2287839772730,BRISKER CE Glove - Fluo Yellow,100%,Gloves,images_processed\100%\Z-10016-004_1.webp,
10284611240068,Axor Enzo Riding Gloves,Axor,Gloves,images_processed\axor\70_4570016c-23b1-418f-85d7-b967e1d4cb57.webp,
7292507881604,Axor Airstream Riding Gloves,Axor,Gloves,images_processed\axor\88_32ba55f0-61f5-4567-a3a8-e9ecfcac6592.webp,
7147639767172,Axor Sela Waterproof Riding Gloves,Axor,Gloves,images_processed\axor\119_9c806d2e-0db9-449a-babc-44c13d7a1ff5.webp,
7105869971588,Axor Lycan Riding Gloves,Axor,Gloves,images_processed\axor\123_4cf0d25d-32cb-4a88-bfe6-10fd88601ea1.webp,
8267458445499,BREEZER JACKET,Cramster,Gloves,images_processed\cramster\CramsterBrezzerJacket_001_2.webp,
8240002891963,VIPER JACKET,Cramster,Gloves,images_processed\cramster\Cramster_ViperJacket_001_080f537c-117e-47b3-b8a4-45073d0229ce.webp,
8182618226875,STALLION SADDLEBAGS 60L – WATERPROOF,Cramster,Gloves,images_processed\cramster\FRONT_5ef15c77-e75c-42cd-a002-8f81fd90d965.webp,
8014928543931,TURTLE 2 TANK BAG 24L,Cramster,Gloves,images_processed\cramster\Cramster_Turtle_Tank_Bag_001.webp,
8015156707515,BEETLE 2 TANK BAG 9L,Cramster,Gloves,images_processed\cramster\Cramster_Beetle_Tank_Bag_001.webp,
7993677054139,BREEZER SP GLOVES,Cramster,Gloves,images_processed\cramster\Cramster_Breezer_SP_Gloves_Black_White.webp,
7912088109243,FLUX GLOVES,Cramster,Gloves,images_processed\cramster\Flux-SP-Gloves-Black-Red-Cramster_6.webp,
7889842241723,RAGE BIONIC ELBOW GUARDS,Cramster,Gloves,images_processed\cramster\Cramster_Rage_Bionice_Elbow_Guards_01.webp,
7888853172411,RAGE BIONIC KNEE GUARDS,Cramster,Gloves,images_processed\cramster\Cramstar_Rage_Bionic_Knee_Guards_Black_01.webp,
7872758317243,FLUX WP GLOVES,Cramster,Gloves,images_processed\cramster\Cramster_Flux_WP_Gloves_Black_01.webp,
7850282778811,HYPERFLEX 2 BASE LAYER - LOWER,Cramster,Gloves,images_processed\cramster\Cramster_Performace_BASE_LAYER_lower_001_1.webp,
7850226090171,K2K GLOVES,Cramster,Gloves,images_processed\cramster\Cramster_K2K_Gloves_Black_Grey_01.webp,
7846631637179,HYPERFLEX 2 BASE LAYER - UPPER,Cramster,Gloves,images_processed\cramster\Cramster_Performace_BASE_LAYER_UPPER_001_1.webp,
7923332743233,DSG Apex V2 Riding Jacket (Black Grey Fluo Red),DSG,Gloves,images_processed\dsg\dsg-apex-v2-riding-jacket-black-grey-red-5.webp,
7923331694657,DSG Apex V2 Riding Jacket (Black Blue Yellow Fluo),DSG,Gloves,images_processed\dsg\dsg_apex-v2-riding-jacket_black-blue-yellow-fluo5.webp,
7923329531969,DSG Aire Mesh 2 Riding Jacket (Light Grey Black White),DSG,Gloves,images_processed\dsg\dsg-aire-mesh-2-riding-jacket.webp,
7923284967489,DSG Phoenix Air Gloves (Black),DSG,Gloves,images_processed\dsg\phoenix-air-glove-black-6.webp,
7719635058753,DSG Aire Mesh 2 Riding Jacket (Black Fluro Yellow),DSG,Gloves,images_processed\dsg\dsg_aire_mesh_2_riding_jacket_aire_black1_1.webp,
7567389917249,DSG GPX Riding Gloves (Black Red),DSG,Gloves,images_processed\dsg\Artboard_13.webp,
7567360786497,DSG Race Pro Sport Gloves (Black Fluro Yellow),DSG,Gloves,images_processed\dsg\Race_Pro_Sport_Glove_Yellow_Fluorescent_6.webp,
7567382839361,DSG Race Pro Sport Gloves (Black Red),DSG,Gloves,images_processed\dsg\Race_Pro_Sport_Glove_Red_1_58a99f51-ee6f-45a6-a5a3-be6edd4663e4.webp,
7567387557953,DSG GPX Riding Gloves (Black Fluro Yellow),DSG,Gloves,images_processed\dsg\DSG_GPX_Riding_Gloves_1.webp,
7419582611521,DSG GPX Riding Jacket Black White,DSG,Gloves,images_processed\dsg\Front_ecom_white.webp,
7419331280961,DSG GPX Riding Jacket Black Red,DSG,Gloves,images_processed\dsg\Front_ecom_red.webp,
7418407649345,DSG GPX Riding Jacket Black Fluro Yellow,DSG,Gloves,images_processed\dsg\Front_ecom_fluo.webp,
7014145785921,DSG Race Pro V1 Gloves (Black Yellow Fluro White),DSG,Gloves,images_processed\dsg\RACEPROYELLOFLUOW_1024x_2b8164bc-8c35-4ac9-89f8-03cd485347ac.webp,
7014144376897,DSG Carbon X V1 Gloves (Black White),DSG,Gloves,images_processed\dsg\CARBONXFRT_1024x_b187e0f0-0e02-467d-ae39-c8a3fb9d81ee.webp,
7014144671809,DSG Carbon X V1 Gloves (Black Fluro Yellow),DSG,Gloves,images_processed\dsg\1_1024x_e98b407f-2b24-42f3-91f9-24286db49da2.webp,
6832046932033,DSG Phoenix Air Gloves (Fluro Yellow),DSG,Gloves,images_processed\dsg\Phoenix_Glove_Yel_Fl.webp,
6831139651649,DSG Hydro V2 Glove (Black Fluro Yellow),DSG,Gloves,images_processed\dsg\BLK_20YEL_20FL_20FRT_20W.webp,
6831138078785,DSG Carbon X Glove (Black Fluro Yellow),DSG,Gloves,images_processed\dsg\BLK_20YELL_20FL_20FRT_20W.webp,
6706814681153,DSG Phoenix Air Gloves (Red),DSG,Gloves,images_processed\dsg\phoenix-air-glove-red-6_2.webp,
7944527413406,Lone Ranger Carbon-X Gloves,Lone Ranger,Gloves,images_processed\lone_ranger\Lone_Ranger_Carbon-X_Gloves_1.webp,
7944527380638,Lone Ranger Dryd V2 Waterproof Riding Gloves-Black,Lone Ranger,Gloves,images_processed\lone_ranger\Lone_Ranger_Dryd_V2_Waterproof_Riding_Gloves_1.webp,
7944527315102,Lone Ranger Viking All Leather Gloves CE with Knox SPS 404 Sliders,Lone Ranger,Gloves,images_processed\lone_ranger\Lone_Ranger_Viking_All_Leather_Gloves_1.webp,
7772102262849,Raida Trailcraft Handlebar Bag,Raida,Gloves,images_processed\raida\21_bd839d28-e3f5-4b00-bf5c-d81b62e92095.webp,
7772099543105,Raida Compass Thigh Bag,Raida,Gloves,images_processed\raida\270.webp,
7771675689025,Raida Compass X8 Tank Bag,Raida,Gloves,images_processed\raida\13_2e5fdc33-ef3a-4386-86d4-0231d0e284eb.webp,
7767009919041,Raida Compass T43 Tail Bag,Raida,Gloves,images_processed\raida\11_c7353387-9f35-488e-8470-94e15b7500bc.webp,
7767000711233,Raida Compass T35 Tail Bag,Raida,Gloves,images_processed\raida\1_e675cfd6-bbca-4b4e-a811-513c56ee479b.webp,
7766992060481,Raida Compass V70 Motorcycle Saddle Bags,Raida,Gloves,images_processed\raida\1-1_6d36f4fd-6df0-44f4-97bc-a08e943400d8.webp,
7765791637569,Raida Compass S60 Motorcycle Saddle Bags,Raida,Gloves,images_processed\raida\14_1a7bb457-99a0-4728-8077-8ceaa86b49ba.webp,
7765789048897,Raida Compass K28 Tank Bag,Raida,Gloves,images_processed\raida\6_bec171cc-517a-420e-9c85-b29b4b32fe48.webp,
7765785051201,Raida Compass K16 Tank Bag,Raida,Gloves,images_processed\raida\1-2.webp,
7765772304449,Raida Trailcraft Offroad Gloves (Grey Red),Raida,Gloves,images_processed\raida\2_768acf14-486a-49c0-b6fd-5b82ff700db9.webp,
7765770240065,Raida Trailcraft Offroad Gloves (Grey Hi Viz),Raida,Gloves,images_processed\raida\1-1_9950a27b-ece0-49d7-9a77-4af3ac88f142.webp,
7765762768961,Raida Trailcraft Offroad Gloves (Camo Orange),Raida,Gloves,images_processed\raida\13-1_a80f5e94-bd18-4c93-8a30-848822289bd4.webp,
7765758672961,Raida Trailcraft Offroad Gloves (Camo Hi Viz),Raida,Gloves,images_processed\raida\12-1_781baa19-da5b-4842-9d4d-e1846ea09c42.webp,
7687815495745,Raida Drift Evo Gloves (Black Red),Raida,Gloves,images_processed\raida\5_2a50ecd0-1810-4b03-97f0-1fe39ed9d477.webp,
7687813103681,Raida Drift Evo Gloves (Black Hi Viz),Raida,Gloves,images_processed\raida\6_cf7f5d50-cffb-472a-b577-44621b7a4a8c.webp,
7687807959105,Raida Avantur 2 Gloves Black Hi Viz,Raida,Gloves,images_processed\raida\10_90d93453-0d35-456e-ac77-5ac64861125b.webp,
7687805796417,Raida Avantur 2 Gloves Black Red,Raida,Gloves,images_processed\raida\8-1-1.webp,
7687803535425,Raida Avantur 2 Gloves Black Orange,Raida,Gloves,images_processed\raida\9_48a257a6-228a-4f91-8556-de061418388b.webp,
7687786430529,Raida Avantur 2 Gloves Black Grey,Raida,Gloves,images_processed\raida\7-1.webp,
7495728496705,Raida Carbonite Gloves (Black White),Raida,Gloves,images_processed\raida\5-1_d66d949f-90d3-4c7a-82b4-ee962f61c379.webp,
7495723057217,Raida Carbonite Gloves (Black Hi Viz),Raida,Gloves,images_processed\raida\6-2-2.webp,
7495707754561,Raida Carbonite Gloves (Black),Raida,Gloves,images_processed\raida\4_b98e08b5-3516-4bed-8661-038e56ccf7bf.webp,
7172928208961,Raida Motomate Thigh Bag (Black),Raida,Gloves,images_processed\raida\16_8e4acf0a-68a3-41e5-9a69-c6b5cc967a48.webp,
7080892399681,Raida Drift Gloves (Black Red),Raida,Gloves,images_processed\raida\4-2.webp,
6979587276865,Raida Drift Gloves (Khaki Orange),Raida,Gloves,images_processed\raida\Untitled-design-67.webp,
6979584000065,Raida Drift Gloves (Black),Raida,Gloves,images_processed\raida\2_2380965e-dc53-4ef1-bc8e-8b19344974ef.webp,
6979586523201,Raida Drift Gloves (Black Hi Viz),Raida,Gloves,images_processed\raida\3_0aed2ab0-6e4e-4e4d-b86b-2556e8bbf814.webp,
6736229498945,Raida Cruise Pro 2 Riding Gloves (Hi-Viz Yellow),Raida,Gloves,images_processed\raida\Passed-level-1-according-to-EN-13594-the-European-norm-for-protective-gloves-for-motorcycle-riders..webp,
6736230121537,Raida Cruise Pro 2 Riding Gloves (Red),Raida,Gloves,images_processed\raida\10_01320156-4931-40dd-a7b6-df1aa06e40f2.webp,
6736224223297,Raida Cruise Pro 2 Riding Gloves (Brown),Raida,Gloves,images_processed\raida\1-2_0a8fcca1-1027-4770-bbc3-b1b3765d631e.webp,
6736229859393,Raida Cruise Pro 2 Riding Gloves (Black),Raida,Gloves,images_processed\raida\6_c897f1ee-b19c-42bd-b4e5-e105fdd3c7d6.webp,
6580368867393,Raida Avantur Gloves Black Grey,Raida,Gloves,images_processed\raida\6_4a85f4ba-1b66-4017-9e39-24cf9706ef8c.webp,
6580368736321,Raida Avantur Gloves Black Hi Viz,Raida,Gloves,images_processed\raida\4_799843c1-24ec-4b9e-a706-4ab1604bb52b.webp,
6580368474177,Raida Avantur Gloves Black Orange,Raida,Gloves,images_processed\raida\3_55d6a481-c78b-42d7-9c71-14c50427cd6b.webp,
6580367589441,Raida Avantur Gloves Black Red,Raida,Gloves,images_processed\raida\5_31039274-693a-42e9-9c5a-d8ffbc408ffc.webp,
4418291892289,Raida Hydration Backpack Ultra,Raida,Gloves,images_processed\raida\1_0b1e1f4a-dacf-405a-b571-9875c8334ee0.webp,
2119852163137,Raida RD Metro Tank Bag,Raida,Gloves,images_processed\raida\5_ae9f5909-de30-4c9a-917d-60afa437d7b3.webp,
1400926076993,Raida ThruX Motorcycle Thigh Bag,Raida,Gloves,images_processed\raida\stencil-2-1_0d9e24b2-79d3-4ff9-8c00-74698e08c438.webp,
8727365451999,Scala Air Glove - Black,Scala,Gloves,images_processed\scala\SCALA_AIRGLOVE-BLACKFront.webp,
8727386030303,Scala Air Glove - Black Neon,Scala,Gloves,images_processed\scala\Air_Neon.webp,
8727387832543,Scala Air Glove - Black Orange,Scala,Gloves,images_processed\scala\Air_orange.webp,
9308790587615,Scala Atlas Glove - Black-Grey,Scala,Gloves,images_processed\scala\Atlas_Gloves-_Black_Grey.webp,
8729211797727,Scala Atlas Glove - Black-Red,Scala,Gloves,images_processed\scala\SCALA_ATLASGLOVE-Red-NEON.webp,
8729243123935,Scala Speed 2 Gloves - Olive Green,Scala,Gloves,images_processed\scala\SCALA_SPEED-2_GLOVE-Olive_Green.webp,
8729231556831,Scala Speed 2 Gloves - Gray,Scala,Gloves,images_processed\scala\SCALA_SPEED-2GLOVE-Gray.webp,
8729220612319,Scala Speed 2 Gloves - Black,Scala,Gloves,images_processed\scala\SCALA_SPEED-2GLOVE-BLACK.webp,
8729217368287,Scala Atlas Glove - Black-White,Scala,Gloves,images_processed\scala\SCALA_ATLASGLOVE-Gray-NEON.webp,
8729209733343,Scala Atlas Glove - Black Neon,Scala,Gloves,images_processed\scala\SCALA_ATLASGLOVE-BLACK-NEON.webp,
10056535474308,Axor Delta Riding Pant,Axor,Jackets,images_processed\axor\DELTAPANTBLACKREDWEB1080x1080Jpeg-2.webp,
7105870659716,Axor Inverno Black Thermal Jacket,Axor,Jackets,images_processed\axor\Inverno2.webp,
7105869906052,Axor Shield Protective Body Armor Jacket,Axor,Jackets,images_processed\axor\ShieldGreen2.webp,
7993380929723,REFLEX BUNGEE CORD,Cramster,Jackets,images_processed\cramster\XTSBungeeCordBlack2.webp,
7993386008763,BUNGEE NET,Cramster,Jackets,images_processed\cramster\XTSBungeeNetBlack3.webp,
7923351552065,DSG Nero V2 Riding Pants (Black),DSG,Jackets,images_processed\dsg\dsg_nero_v2_riding_pants_4.webp,
7923334021185,DSG Race Pro V3 Riding Jacket (Black),DSG,Jackets,images_processed\dsg\dsg-race-pro-v3-black-riding-jacket-2.webp,
7923323273281,DSG ADV Riding Jacket (Grey Yellow Fluo),DSG,Jackets,images_processed\dsg\dsg-adv-riding-jacket-grey-black-yellow-fluo-6.webp,
7923292373057,DSG ADV Riding Jacket (Grey Orange),DSG,Jackets,images_processed\dsg\dsg-adv-riding-jacket-black-grey-orange-2.webp,
7667168247873,DSG Race Pro V3 Jacket (Black Fluro Yellow),DSG,Jackets,images_processed\dsg\DSG_Race_Pro_V3_Yellow_Fluo_5_9851977d-5ccd-4df0-bd12-8f7ab96099ae.webp,
7521282064449,DSG Race Pro Sport Riding Jacket (Black Red Gold),DSG,Jackets,images_processed\dsg\RaceProSportEcom01.webp,
7493416222785,DSG Yakuza Riding Jacket Black Red,DSG,Jackets,images_processed\dsg\YakuzaEcomimage8_85ab5aba-c64c-4079-8d21-ce40d76030b1.webp,
7493378342977,DSG Yakuza Riding Jacket Black Gold,DSG,Jackets,images_processed\dsg\YakuzaEcomimage4_4bf1a301-c04b-4448-82f1-379cfe4b0dd7.webp,
7493356814401,DSG Bionic Plus Armor Jacket (Black),DSG,Jackets,images_processed\dsg\new-bionic-front.webp,
7333899862081,DSG Roadster Jacket Black Red,DSG,Jackets,images_processed\dsg\ROADSTERfront-org.webp,
7333910184001,DSG Roadster Jacket Black Fluro Yellow,DSG,Jackets,images_processed\dsg\front-yellow.webp,
7333883510849,DSG Race Pro V2 Jacket Black Grey,DSG,Jackets,images_processed\dsg\grey-front.webp,
7333876432961,DSG Race Pro V2 Jacket Black,DSG,Jackets,images_processed\dsg\black-front-race-pro-front.webp,
7016993357889,DSG Bionic ADV Protector Riding Jacket (Camo Grey),DSG,Jackets,images_processed\dsg\frontcross_1024x_c199eb13-d07c-4524-b655-bc270957d4da.webp,
6963601571905,DSG ADV Riding Jacket Black Red,DSG,Jackets,images_processed\dsg\advredfront_1024x_28988757-9a2e-4e07-8931-754b52bf8731.webp,
6963601408065,DSG ADV Riding Jacket Black Fluro Yellow,DSG,Jackets,images_processed\dsg\advYellowflo.front_1024x_8f504f09-9baf-4324-bd4a-80bd21f21e28.webp,
6963599179841,DSG ADV Riding Jacket Black Orange,DSG,Jackets,images_processed\dsg\advorangefront_1024x_e517cd6d-f8a6-4512-8690-6a76235b3dc7.webp,
6940778987585,DSG Race Pro V2 Jacket Black Fluro Orange,DSG,Jackets,images_processed\dsg\3o_1024x1024_2e8960a6-e1ae-4005-bf47-7edc9ecf38f8.webp,
6894281293889,DSG RACE PRO V2 PANTS (BLACK),DSG,Jackets,images_processed\dsg\frontyellow.webp,
6677928542273,DSG Race Pro V2 Jacket Black Fluro Yellow,DSG,Jackets,images_processed\dsg\race_pro_V2_1_1024x_302c5f7e-3594-4b0e-81f6-d31198addf2d.webp,
8880324051102,ADV11 JACKET AND PANT COMBO TEST,Lone Ranger,Jackets,images_processed\lone_ranger\ADV11-Combo-All-Black.webp,
8880268083358,Jacket Protector Set + Pant Protector Set,Lone Ranger,Jackets,images_processed\lone_ranger\Yourparagraphtext.webp,
8880251306142,Neon Rain Top + Black Rain Pant,Lone Ranger,Jackets,images_processed\lone_ranger\RainSetNeonto_blackpant.webp,
8873764356254,ADV11 TOURING PANT,Lone Ranger,Jackets,images_processed\lone_ranger\ADV11-Pant-All-Black.webp,
8873756623006,ADV11 TOURING JACKET,Lone Ranger,Jackets,images_processed\lone_ranger\ADV11ALLBLACKJACKET.webp,
8874549674142,Women Addon Pro Jacket (Blue),Lone Ranger,Jackets,images_processed\lone_ranger\ChatGPT_Image_Sep_9_2026_02_45_07_PM.webp,
8874546921630,Women Addon Pro Jacket (Rust),Lone Ranger,Jackets,images_processed\lone_ranger\ChatGPT_Image_Sep_9_2026_02_38_22_PM.webp,
8703987089566,Lone Ranger Rebel Jacket (Neon green),Lone Ranger,Jackets,images_processed\lone_ranger\800x1200_2.webp,
8699118977182,Lone Ranger Rebel Jacket (Black),Lone Ranger,Jackets,images_processed\lone_ranger\rn-image_picker_lib_temp_767cdcdd-ad3f-42fa-a4e3-79719262f5db.webp,
8685778305182,Addon Pro Jacket (Rust),Lone Ranger,Jackets,images_processed\lone_ranger\4_1055937a-e495-47f2-a86c-c9d2335d7647.webp,
8685775061150,Addon Pro Jacket (Blue),Lone Ranger,Jackets,images_processed\lone_ranger\rn-image_picker_lib_temp_1b51555b-fc9b-48eb-ab3c-5764882f2230.webp,
8556223824030,"Riding Jacket Protector Set (L-Spine,Chest,Shoulder & Elbow Armour)",Lone Ranger,Jackets,images_processed\lone_ranger\25_8dccc0d7-e2f6-4a36-b6c4-d839c74c7ad4.webp,
8556214681758,"Riding Jacket Protector Set (S-Spine,Chest,Shoulder & Elbow Armour)",Lone Ranger,Jackets,images_processed\lone_ranger\26_056b209b-d18c-43d8-8b28-443f47c01bf1.webp,
8468884914334,Women Addon Pro Jacket (Black/Grey),Lone Ranger,Jackets,images_processed\lone_ranger\rn-image_picker_lib_temp_703e2a10-be50-483f-a085-e110966ebd66.webp,
8468884652190,Women Addon Pro Jacket (All black),Lone Ranger,Jackets,images_processed\lone_ranger\ChatGPTImageSep9_2026_04_14_43PM.webp,
8468850540702,Addon Pro Jacket (black/red),Lone Ranger,Jackets,images_processed\lone_ranger\1_ac98bab3-7ba0-437e-a513-76e8e16bf6fe.webp,
8468848705694,Women Addon Pro Jacket (Black/Neon green),Lone Ranger,Jackets,images_processed\lone_ranger\ChatGPTImageSep9_2026_04_57_17PM.webp,
8465174233246,Lone Ranger TRIBE Denim Jacket (Navy Blue),Lone Ranger,Jackets,images_processed\lone_ranger\1_3ad46548-779f-4690-9b14-aa3c8b3440d8.webp,
8433809621150,LoneRanger Riding Combo – Addon Pro Jacket + Trotter Riding Trousers (10% OFF),Lone Ranger,Jackets,images_processed\lone_ranger\WhatsApp_Image_2025-09-12_at_18.06.03_93d1c785.webp,
8363916099742,Adventure Touring Jacket- Black,Lone Ranger,Jackets,images_processed\lone_ranger\lone-ranger-adventure-touring-jacket-black-riding-gear_eee16cd1-668d-4682-bc84-123a5b8abdcf.webp,
8363913969822,Adventure Touring Jacket- Grey,Lone Ranger,Jackets,images_processed\lone_ranger\lone-ranger-adventure-touring-jacket-grey-motorcycle-protective-jacket.webp,
8360147910814,New Upcoming Touring Jacket Viking,Lone Ranger,Jackets,images_processed\lone_ranger\WhatsApp_Image_2025-07-11_at_9.05.11_AM_2.webp,
8346728792222,Women Addon Pro Jacket (black/red),Lone Ranger,Jackets,images_processed\lone_ranger\addon_black_-red_1.webp,
8346396786846,Addon Pro Jacket (All black),Lone Ranger,Jackets,images_processed\lone_ranger\IMG-4013.webp,
8213147418782,"Riding Jacket Protector Set (M-Spine,Chest,Shoulder & Elbow Armour)",Lone Ranger,Jackets,images_processed\lone_ranger\24_b789829f-10d2-4f15-8504-e23b2a30ae28.webp,
8111282454686,Addon Pro Max Jacket (Black Red),Lone Ranger,Jackets,images_processed\lone_ranger\1_ef7cf5df-90b1-4866-8b6f-3d4c546db1af.webp,
8110339358878,Addon Pro Max Jacket (Black Orange),Lone Ranger,Jackets,images_processed\lone_ranger\lone-ranger-addon-pro-max-jacket-black-orange-men-durable-high-visibility.webp,
7983899050142,Addon Pro Max Jacket (Black Neon Green),Lone Ranger,Jackets,images_processed\lone_ranger\lone-ranger-addon-pro-max-jacket-black-neon-green-men-lightweight-stylish.webp,
8110302331038,Addon Pro Jacket (Grey/Red),Lone Ranger,Jackets,images_processed\lone_ranger\lone-ranger-addon-pro-jacket-grey-red-men-lightweight-stylish.webp,
8110299283614,Addon Pro Jacket (Grey/Neon green),Lone Ranger,Jackets,images_processed\lone_ranger\lone-ranger-addon-pro-jacket-grey-neon-green-men-rugged-off-road.webp,
8110282932382,Addon Pro Jacket (Black/Grey),Lone Ranger,Jackets,images_processed\lone_ranger\lone-ranger-addon-pro-jacket-black-grey-men-windproof-rugged.webp,
8110277460126,Addon Pro Jacket (Black/Neon green),Lone Ranger,Jackets,images_processed\lone_ranger\rn-image_picker_lib_temp_c10ed4d4-57ea-4912-907a-48e9c405610b.webp,
8067232563358,Urbano Riding Jacket (Orange),Lone Ranger,Jackets,images_processed\lone_ranger\breathable-orange-armored-motorcycle-jacket-lone-ranger.webp,
8067232301214,Urbano Riding Jacket (Green),Lone Ranger,Jackets,images_processed\lone_ranger\breathable-adventure-riding-jacket-lone-ranger-urbano-mens.webp,
8067225223326,Wayfarer Touring Jacket (Grey),Lone Ranger,Jackets,images_processed\lone_ranger\grey-armored-touring-jacket-for-men-lone-ranger-wayfarer.webp,
8067223453854,Lone Ranger Rebel Biker Jacket (Neon Green),Lone Ranger,Jackets,images_processed\lone_ranger\comfortable-mens-motorcycle-gear.webp,
8067220537502,Bandit Green Jacket (with Aerodynamic Hump),Lone Ranger,Jackets,images_processed\lone_ranger\Bestridingjackets_indianjacket_bikeleatherjackets.webp,
7983902097566,Lone Ranger Advento V2 Jacket,Lone Ranger,Jackets,images_processed\lone_ranger\lone-ranger-advento-v2-motorcycle-riding-jacket-mens-motorcycle-racing-jacket-winter-riding-gear.webp,
7944527577246,Wayfarer Touring Jacket (Black),Lone Ranger,Jackets,images_processed\lone_ranger\long-lasting-mens-black-touring-jacket-comfortable-riding-gear.webp,
7944527184030,Urbano Riding Jacket (Black),Lone Ranger,Jackets,images_processed\lone_ranger\LoneRangerAddonRidingJacketBlack-LightweightMotorcycleSafetyGearforRiders.webp,
7944527052958,Bandit Orange Jacket (with Aerodynamic Hump),Lone Ranger,Jackets,images_processed\lone_ranger\2v4a2314.webp,
7944527020190,Troy Touring Jacket - Black,Lone Ranger,Jackets,images_processed\lone_ranger\lone-ranger-troy-touring-jacket-black-outdoor.webp,
7944526987422,Lone Ranger Rebel Biker Jacket (Black),Lone Ranger,Jackets,images_processed\lone_ranger\lightweight-thigh-bag-men-women_e3f478e0-ce59-4bcc-9393-5ff1d70033a4.webp,
7944526495902,Lone Ranger TRIBE Denim Jacket (Black),Lone Ranger,Jackets,images_processed\lone_ranger\1_90663531-397a-4578-806b-c9c99c5dff0e.webp,
7944526430366,Lone Ranger BLITZ Leather jacket,Lone Ranger,Jackets,images_processed\lone_ranger\IMG_2326.webp,
7944526069918,Lone Ranger TRIBE Women Demin jacket,Lone Ranger,Jackets,images_processed\lone_ranger\mens-black-denim-biker-jacket.webp,
7944526004382,Lone Ranger OCCULT (women),Lone Ranger,Jackets,images_processed\lone_ranger\4_6b508a16-9cb5-4e4c-b671-ffbfa513ca50.webp,
7944525840542,Lone Ranger OCCULT (men),Lone Ranger,Jackets,images_processed\lone_ranger\occult_jacket_4040f549-d958-43d9-a115-0b0f84497d0a.webp,
7944525742238,Lone Ranger Camo X,Lone Ranger,Jackets,images_processed\lone_ranger\lone-ranger-camo-x-men-breathable-comfortable-grip.webp,
7944525643934,Lone Ranger Ace - Lifestyle Jacket,Lone Ranger,Jackets,images_processed\lone_ranger\ezgif-3-427679d52e.webp,
7944524365982,Lone Ranger Artemis Denim Women Jacket,Lone Ranger,Jackets,images_processed\lone_ranger\lone-ranger-artemis-denim-women-jacket-womens-denim-jacket-stylish-womens-riding-jacket-lightweight-denim-jacket.webp,
7944524333214,Lone Ranger Artemis Leather Women Jacket,Lone Ranger,Jackets,images_processed\lone_ranger\lone-ranger-artemis-leather-women-jacket-womens-leather-jacket-stylish-womens-riding-jacket-leather-motorcycle-jacket.webp,
7516445081665,Raida Tourer Motorcycle Riding Jacket (Black Red),Raida,Jackets,images_processed\raida\15_c313e29d-405c-419e-a6ae-6ae411c678bb.webp,
7516455010369,Raida Tourer Motorcycle Riding Jacket (Black),Raida,Jackets,images_processed\raida\17_1ea7fbe1-add2-449a-8ebc-5d11fcd9d410.webp,
7516379480129,Raida Tourer Motorcycle Riding Jacket (Black Hi Viz),Raida,Jackets,images_processed\raida\16_52a484f7-6795-4354-a695-32b2d176d782.webp,
7516358049857,Raida Tourer Riding Pants (Black),Raida,Jackets,images_processed\raida\36_2b26ff78-e4a4-4fa5-bd88-fb730e25312e.webp,
7473088069697,Raida Tourer Riding Pants (Black Grey),Raida,Jackets,images_processed\raida\29000-00001-P_1.webp,
7470679523393,Raida Tourer Motorcycle Riding Jacket (Black Grey Red),Raida,Jackets,images_processed\raida\43.webp,
7470672707649,Raida Tourer Motorcycle Riding Jacket (Black Grey Hi Viz),Raida,Jackets,images_processed\raida\42.webp,
7470660157505,Raida Tourer Motorcycle Riding Jacket (Black Grey),Raida,Jackets,images_processed\raida\44.webp,
7456596918337,Raida Vintago Motorcycle Riding Jacket (Black),Raida,Jackets,images_processed\raida\Untitled-design-2024-09-06T144824.917.webp,
7102346690625,Raida Vintago Motorcycle Riding Jacket (Black Brown),Raida,Jackets,images_processed\raida\3-1_0a1a33fd-5de7-4476-85a5-22ec37e89f28.webp,
7060346601537,Raida Empress Women Motorcycle Riding Jacket (Black),Raida,Jackets,images_processed\raida\2copy_1024x_3272f43c-9232-473b-b435-d7502d577589.webp,
7060402831425,Raida Empress Women Motorcycle Riding Jacket (Black Grey),Raida,Jackets,images_processed\raida\Untitled-design-77.webp,
7060418461761,Raida Empress Women Motorcycle Riding Jacket (Black Hi Viz),Raida,Jackets,images_processed\raida\Untitled-design-76.webp,
7060423082049,Raida Empress Women Motorcycle Riding Jacket (Black Pink),Raida,Jackets,images_processed\raida\10019-001-Palm-White.webp,
7060432355393,Raida Vintago Motorcycle Riding Jacket (Black Yellow Blue),Raida,Jackets,images_processed\raida\Untitled-design-84.webp,
6905224626241,Raida Frigate Motorcycle Riding Jacket (Black),Raida,Jackets,images_processed\raida\2000x2000-eComm_20PDP-Casual_Region_20Longsleeve_0002_Layer_2028.webp,
6905221677121,Raida Frigate Motorcycle Riding Jacket (Navy Blue),Raida,Jackets,images_processed\raida\10019-001-Palm-White.webp,
6905183141953,Raida Frigate Motorcycle Riding Jacket (Grey),Raida,Jackets,images_processed\raida\300.webp,
6826888298561,SportZ Kit for Raida Riding Jacket,Raida,Jackets,images_processed\raida\SportsKitsJacket.webp,
6750171529281,Raida Rover Riding Pants,Raida,Jackets,images_processed\raida\1_1106cb9d-1667-40db-a06f-a440f0b770ec.webp,
6706222760001,Raida BOLT Motorcycle Riding Jacket (Black Hiviz),Raida,Jackets,images_processed\raida\2_9497f637-14cb-4890-bfd5-b7d517749453.webp,
6706211291201,Raida BOLT Motorcycle Riding Jacket (Black Red),Raida,Jackets,images_processed\raida\1_4e702686-b41b-4718-9431-6473069a2e91.webp,
6602589438017,Raida Kavac Motorcycle Riding Jacket (Black),Raida,Jackets,images_processed\raida\1_22b0c266-c051-4a7e-afd9-585a3b8f3438.webp,
4644876124225,Raida Kavac GT Edition Motorcycle Riding Jacket (Black Fluro),Raida,Jackets,images_processed\raida\Untitled-design-18.webp,
4463470116929,Raida Kavac Motorcycle Riding Jacket (Grey),Raida,Jackets,images_processed\raida\1-1_de290f3d-7ca1-4992-b2a6-00e3e6ea5d48.webp,
1403563835457,SAS-TEC Chest Protector (CE Level 1),Raida,Jackets,images_processed\raida\stencil-2-1_bd40f720-94fa-43c3-b0e6-4be3d5f27903.webp,
8970153787615,Scala Blaze Riding Jacket - Black,Scala,Jackets,images_processed\scala\Scala_Blaze_Black_Front.webp,
8904503787743,Scala Blaze Riding Jacket - Black and Orange,Scala,Jackets,images_processed\scala\Blaze_Orange_front.webp,
8754329977055,Scala Brave Riding Jacket - Black-Neon,Scala,Jackets,images_processed\scala\Scala_Brave_Neon.webp,
8754314248415,Scala Brave Riding Jacket - Black,Scala,Jackets,images_processed\scala\ScalaBravewhite.webp,
8754247434463,Scala Blaze Riding Jacket - Black and Red,Scala,Jackets,images_processed\scala\Blaze_red_front.webp,
8731280277727,Scala Marvel V2 Riding Jacket - Black,Scala,Jackets,images_processed\scala\SCALAMARVEL_V2JACKET_BLACK.webp,
8729708003551,Scala Street L2 Riding Pants - Black,Scala,Jackets,images_processed\scala\SCALASTREETL2RIDINGPANT_BLACK_4.webp,
8726488613087,Scala Thunder L2 Riding Jacket - Gray,Scala,Jackets,images_processed\scala\Scala_Thunder_L2_Riding_Jacket_-_Gray_Front.webp,
8726485336287,Scala Thunder L2 Riding Jacket - Black,Scala,Jackets,images_processed\scala\ScalaThunderL2RidingJacket-BlackFrontView.webp,
8726478913759,Scala Marvel V2 Riding Jacket - Black and Gray,Scala,Jackets,images_processed\scala\ScalaMarvelV2RidingJacket-BlackandGrayFrontView.webp,
8726468985055,Scala Blaze Riding Jacket - Black and Neon,Scala,Jackets,images_processed\scala\ScalaBlazeRidingJacket-BlackandNeonFrontView.webp,
8712861450463,Scala Akira V2 Women Riding Jacket - Gray,Scala,Jackets,images_processed\scala\Scala_Gears_Akira_Female_Riding_Jacket_Grey_Front_View.webp,
8705641873631,Scala Akira V2 Women Riding Jacket - Black,Scala,Jackets,images_processed\scala\Scala_Gears_Akira_Female_Riding_Jacket_Black_Front_View.webp,
10291331104900,AXOR OASIS HYDRATION BAG WITH BLADDER,Axor,Tank bags,images_processed\axor\AXOROASIS_HYDERATIONBAGWITHBLADER_-2Blue.webp,
10186230202500,Axor Roadie Saddle Bag,Axor,Tank bags,images_processed\axor\1_6.webp,
10166722429060,Axor Thigh Bag Lite,Axor,Tank bags,images_processed\axor\AXOR-LITE-BLK-2_LTR_-_1_-_BLUE_BLACK.webp,
7156096761988,Club Wear,Axor,Tank bags,images_processed\axor\ClubWear.webp,
7156096925828,Artist,Axor,Tank bags,images_processed\axor\Artist.webp,
7156097024132,Mexicano,Axor,Tank bags,images_processed\axor\Mexicano.webp,
10107258798212,Axor Brat Carrier Duffel Bag,Axor,Tank bags,images_processed\axor\BRATBLUEJPG1080x10808.webp,
10106433634436,Axor Urbanite Minimalist Backpack,Axor,Tank bags,images_processed\axor\URBANITEWEB-1.webp,
10107276722308,Axor Detour Day Adventure Pack,Axor,Tank bags,images_processed\axor\DETOURWEB-2.webp,
10106430292100,Axor Axe Backpack,Axor,Tank bags,images_processed\axor\AXE_RED_jpg_1080x1080_2.webp,
10101094088836,Axor Chap Crossbody bag,Axor,Tank bags,images_processed\axor\CHAPBLUEWEB-1.webp,
7283832717444,Axor Tail Bag-40 LTS,Axor,Tank bags,images_processed\axor\TAILBAG_1.webp,
7105870397572,Axor Tail Bag-25 LTS,Axor,Tank bags,images_processed\axor\TAILBAG_6.webp,
7156096729220,"Oh, Girl!",Axor,Tank bags,images_processed\axor\OhGirl.webp,
7156096827524,Pro,Axor,Tank bags,images_processed\axor\ProPack_Action1.webp,
7156096663684,Old School,Axor,Tank bags,images_processed\axor\OldSchool.webp,
7105870332036,Axor Tank Bag AXTB-2 (20 LTS),Axor,Tank bags,images_processed\axor\TANKBAGAXTB-2_1.webp,
7105870299268,Axor Tank Bag AXTB-1 (15 LTS),Axor,Tank bags,images_processed\axor\TANKBAGAXTB-1_1.webp,
8455725187259,COLT LITE SADDLEBAGS 54L,Cramster,Tank bags,images_processed\cramster\Cramster_Colt2Saddlebag52L_001_2.webp,
8514496921787,ROVER TAIL BAG 40L,Cramster,Tank bags,images_processed\cramster\Cramster_RoverTailBag40L_3DImages_001.webp,
8308263321787,GRAB TAIL BAG 75L,Cramster,Tank bags,images_processed\cramster\Cramster_Grab_Tail_Bag_010_1.webp,
8182618226875,STALLION SADDLEBAGS 60L – WATERPROOF,Cramster,Tank bags,images_processed\cramster\FRONT_5ef15c77-e75c-42cd-a002-8f81fd90d965.webp,
8014928543931,TURTLE 2 TANK BAG 24L,Cramster,Tank bags,images_processed\cramster\Cramster_Turtle_Tank_Bag_001.webp,
8015156707515,BEETLE 2 TANK BAG 9L,Cramster,Tank bags,images_processed\cramster\Cramster_Beetle_Tank_Bag_001.webp,
7907072016571,OASIS HYDRATION BACKPACK,Cramster,Tank bags,images_processed\cramster\Cramster_Oasis_Hydration_Bag_11_New.webp,
7883692638273,Raida Compass C65 Tail Bag,Raida,Tank bags,images_processed\raida\Untitled-design-2026-03-25T125425.552-1.webp,
7873943240769,Raida Compass C45 Tail Bag,Raida,Tank bags,images_processed\raida\Main.webp,
7858013667393,Raida Tourer Knee Guards Pair,Raida,Tank bags,images_processed\raida\Untitled-design-2026-03-16T121747.097.webp,
7858012520513,Raida Tourer Elbow Guards Pair,Raida,Tank bags,images_processed\raida\Untitled-design-2026-03-16T121315.645.webp,
7848492564545,Raida Compass Crashbar Bag 6L,Raida,Tank bags,images_processed\raida\Untitled-design-2026-03-07T120823.502.webp,
7848534376513,Raida Compass Crashbar Bag 10L,Raida,Tank bags,images_processed\raida\Untitled-design-2026-03-07T120923.082.webp,
7848536866881,Raida Compass Crashbar Bag 20L,Raida,Tank bags,images_processed\raida\Untitled-design-2026-03-07T120948.344.webp,
7772102262849,Raida Trailcraft Handlebar Bag,Raida,Tank bags,images_processed\raida\21_bd839d28-e3f5-4b00-bf5c-d81b62e92095.webp,
7772099543105,Raida Compass Thigh Bag,Raida,Tank bags,images_processed\raida\270.webp,
7771675689025,Raida Compass X8 Tank Bag,Raida,Tank bags,images_processed\raida\13_2e5fdc33-ef3a-4386-86d4-0231d0e284eb.webp,
7767009919041,Raida Compass T43 Tail Bag,Raida,Tank bags,images_processed\raida\11_c7353387-9f35-488e-8470-94e15b7500bc.webp,
7767000711233,Raida Compass T35 Tail Bag,Raida,Tank bags,images_processed\raida\1_e675cfd6-bbca-4b4e-a811-513c56ee479b.webp,
7766992060481,Raida Compass V70 Motorcycle Saddle Bags,Raida,Tank bags,images_processed\raida\1-1_6d36f4fd-6df0-44f4-97bc-a08e943400d8.webp,
7765791637569,Raida Compass S60 Motorcycle Saddle Bags,Raida,Tank bags,images_processed\raida\14_1a7bb457-99a0-4728-8077-8ceaa86b49ba.webp,
7765789048897,Raida Compass K28 Tank Bag,Raida,Tank bags,images_processed\raida\6_bec171cc-517a-420e-9c85-b29b4b32fe48.webp,
7765785051201,Raida Compass K16 Tank Bag,Raida,Tank bags,images_processed\raida\1-2.webp,
7765776498753,Raida Motorcycle MX Boot Bag,Raida,Tank bags,images_processed\raida\2-1_e2111793-9859-47ca-b620-407ffecd0bba.webp,
7511573430337,Raida Dryporter Waterproof Hydration Bag without Bladder (Hi Viz),Raida,Tank bags,images_processed\raida\2_94800b7c-dc9c-4a8b-a7d3-e4eeb2fa57fa.webp,
7172928208961,Raida Motomate Thigh Bag (Black),Raida,Tank bags,images_processed\raida\16_8e4acf0a-68a3-41e5-9a69-c6b5cc967a48.webp,
7053594263617,Raida Hydration Bladder with Insulation Cover,Raida,Tank bags,images_processed\raida\23-removebg-preview.webp,
6930933219393,Raida DryPorter Waterproof Tail Bag (Black),Raida,Tank bags,images_processed\raida\1-1200x675.webp,
6930934497345,Raida DryPorter Waterproof Tail Bag (Hi Viz),Raida,Tank bags,images_processed\raida\2-1-1.webp,
6930936954945,Raida V50 Saddle Bag (Hi Viz),Raida,Tank bags,images_processed\raida\9R5A0084_20_281_29.webp,
6930935414849,Raida V50 Saddle Bag (Orange),Raida,Tank bags,images_processed\raida\1_05f27212-2ff6-423e-b2e0-736919078763.webp,
6557305274433,Raida Season Pro Waterproof Bike Cover (Black),Raida,Tank bags,images_processed\raida\Glove-Size-Palm-Width-cm-XS-9-9.4-S-9.5-9.8-M-9.9-10.2-L-10.3-10.6-XL-10.7-11-2XL-11.01-11.4-1_b829cd95-4ae8-417f-9029-7e2ba064d847.webp,
4601641795649,Raida Season Pro Waterproof Bike Cover (Orange),Raida,Tank bags,images_processed\raida\1_f7200b3c-fea8-41b9-af8d-6183751ce4fe.webp,
2119852163137,Raida RD Metro Tank Bag,Raida,Tank bags,images_processed\raida\5_ae9f5909-de30-4c9a-917d-60afa437d7b3.webp,
1400926076993,Raida ThruX Motorcycle Thigh Bag,Raida,Tank bags,images_processed\raida\stencil-2-1_0d9e24b2-79d3-4ff9-8c00-74698e08c438.webp,
1400564744257,Raida G-Series Bike Saddle Bags,Raida,Tank bags,images_processed\raida\stencil-1-1_2a4c7363-6e87-446e-8ace-bf202ef109d6.webp,
1400466440257,Raida GPS-Series Magnetic Tank Bag,Raida,Tank bags,images_processed\raida\stencil-1-1_2a4c7363-6e87-446e-8ace-bf202ef109d6.webp,
9669554012416,RE STANDARD 350 REBORN VAMBRACE 2.0 BASHPLATE,Legundary Customs,Crash guards,images_processed\legundary_customs\1_6b1b9538-dcf0-4056-9a84-190b6e93aeab.webp,
9580299288832,TRIUMPH TRACKER 400 VOYAGER BASHPLATE SILVER,Legundary Customs,Crash guards,images_processed\legundary_customs\2_9e6f0d40-c9ab-46f1-9857-a6be4a28500e.webp,
9580297945344,"TRIUMPH TRACKER 400 COSMIC HEADLIGHT GRILL BLACK & SLIVER, NUMBER PLATE HOLDER",Legundary Customs,Crash guards,images_processed\legundary_customs\5_0306a69b-0c80-41b5-b292-02b8de5c2135.webp,
9580000772352,TRIUMPH TRACKER 400 MIDGET CRASHGUARD BLACK,Legundary Customs,Crash guards,images_processed\legundary_customs\7_d282ca03-05b4-4bf7-8ebf-a96b275b944b.webp,
9454988132608,Triumph Tracker 400 Hector Crash Guard Black,Legundary Customs,Crash guards,images_processed\legundary_customs\CRA24033TriumphScrambler400XCrashGuardBlack1.webp,
9556843331840,BMW F450 GS RAPTOR CRASHGUARD BLACK,Legundary Customs,Crash guards,images_processed\legundary_customs\7_3b583742-0e62-44f6-8059-157ceaef3c01.webp,
9556852211968,BMW F450 GS RAPTOR CRASHGUARD WHITE,Legundary Customs,Crash guards,images_processed\legundary_customs\1_61b9820b-f594-4483-b65a-732d7fb4610b.webp,
9556940718336,BMW F450 GS ROTEX FRONT WHEEL SLIDER,Legundary Customs,Crash guards,images_processed\legundary_customs\WheelSlider2.webp,
9556930035968,BMW F450 GS VECTOR RADIATOR GRILL BLACK,Legundary Customs,Crash guards,images_processed\legundary_customs\1_f2d96e29-df7c-46f1-9a7e-9c2a221b7374.webp,
9556920271104,BMW F450 GS VECTOR RADIATOR GRILL SILVER,Legundary Customs,Crash guards,images_processed\legundary_customs\RadiatorGrill1.webp,
9556841005312,BMW F450 GS VAMBRACE BASHPLATE SILVER,Legundary Customs,Crash guards,images_processed\legundary_customs\Bashplate_1.webp,
9556835074304,BMW F450 GS VAMBRACE BASHPLATE BLACK,Legundary Customs,Crash guards,images_processed\legundary_customs\1_51f094b2-cf29-4a85-92c8-e9c84b9d6ee2.webp,
9503423725824,TVS APACHE RTX 300 RAPTOR CRASHGUARD UPPER & LOWER (WITH SLIDER) RED | BLACK | WHITE,Legundary Customs,Crash guards,images_processed\legundary_customs\5_064890f3-40c9-4744-ba5d-c71f99bf5b59.webp,
9490250006784,SCRAM 440 THANOS CRASH GUARD WITH SLIDER BLACK,Legundary Customs,Crash guards,images_processed\legundary_customs\11_c43c86ad-8c96-451f-ab06-65c55c55de0f.webp,
9490212487424,SCRAM 440 COSMIC HEADLIGHT GRILL BLACK & SILVER,Legundary Customs,Crash guards,images_processed\legundary_customs\1_9d0d9179-5284-4576-9c4e-6e15f35b1b51.webp,
9490190500096,SCRAM 440 VECTOR RADIATOR GRILL BLACK,Legundary Customs,Crash guards,images_processed\legundary_customs\1_92f9677f-dcc7-41d0-886f-52b58b08366f.webp,
9458155094272,KAWASAKI KLX 230 (INDIAN) BELLATOR CRASHGUARD -BLACK,Legundary Customs,Crash guards,images_processed\legundary_customs\8_ac8a5ad6-b8a0-4c04-838f-42c99ad816f7.webp,
9458241437952,KAWASAKI KLX 230 (INTERNATIONAL) VAMBRACE BASHPLATE -SILVER,Legundary Customs,Crash guards,images_processed\legundary_customs\4_72ffe2af-8e7d-4c68-9038-de3ec9ecc245.webp,
9458237636864,KAWASAKI KLX 230 (INDIAN)VAMBRACE BASHPLATE -SILVER,Legundary Customs,Crash guards,images_processed\legundary_customs\6_39ac63a8-98dc-423e-ae8d-00b39b5b3981.webp,
9458237243648,KAWASAKI KLX 230 (INTERNATIONAL) VAMBRACE BASHPLATE -BLACK,Legundary Customs,Crash guards,images_processed\legundary_customs\2_ad24f3fc-d027-4e1d-9757-af239e0470a5.webp,
9458232951040,KAWASAKI KLX 230 (INDIAN) VAMBRACE BASHPLATE -BLACK,Legundary Customs,Crash guards,images_processed\legundary_customs\6_cb4e64bd-d623-459e-9344-b5a9516b447b.webp,
9458163089664,KAWASAKI KLX 230 (INTERNATIONAL)  BELLATOR CRASHGUARD -BLACK,Legundary Customs,Crash guards,images_processed\legundary_customs\4_9c2b4ac6-85f0-43d5-89aa-b8ce9527f57b.webp,
9458135564544,KAWASAKI KLX 230 HAULIER LUGGAGE CARRIER WITH SILVER PLATE,Legundary Customs,Crash guards,images_processed\legundary_customs\1_18231943-98bd-4cad-a298-541ccf91dec0.webp,
9458119934208,KAWASAKI KLX 230 HAULIER LUGGAGE CARRIER WITH BLACK PLATE,Legundary Customs,Crash guards,images_processed\legundary_customs\12_eaf1d15c-b1e8-4fea-971f-97b84e740036.webp,
9454026195200,Triumph Scrambler 400XC Hector Crash Guard Black,Legundary Customs,Crash guards,images_processed\legundary_customs\CRA24033TriumphScrambler400XCrashGuardBlack1.webp,
9453235962112,Triumph Speed 400 Hector Crash Guard Black,Legundary Customs,Crash guards,images_processed\legundary_customs\CRA24033TriumphScrambler400XCrashGuardBlack1.webp,
9449886318848,Triumph Speed 400 T4 Hector Crash Guard Black,Legundary Customs,Crash guards,images_processed\legundary_customs\CRA24033TriumphScrambler400XCrashGuardBlack1.webp,
9449879568640,Triumph Speed 400 T4 Velocis Non Slider Crash Guard,Legundary Customs,Crash guards,images_processed\legundary_customs\3_3ff2c784-da6c-4b9e-a42c-b76ea7578e8e.webp,
9449874063616,Triumph Speed 400 T4 Voyager Bashplate,Legundary Customs,Crash guards,images_processed\legundary_customs\1_61a6da24-2bc2-43cf-8250-99f6b6d3d147.webp,
9449870754048,Triumph Speed 400 T4 Thanos Crash guard With Slider,Legundary Customs,Crash guards,images_processed\legundary_customs\13_b4fb7c63-e2c4-4450-bfe9-445fec7af628.webp,
9440485769472,YAMAHA XSR 155 THANOS CRASHGUARD WITH SLIDER,Legundary Customs,Crash guards,images_processed\legundary_customs\3_4bc25c9e-28ab-46dc-8d4a-66307514a89b.webp,
9426290180352,TVS APACHE RTX 300 VAMBRACE BASHPLATE BLACK MS,Legundary Customs,Crash guards,images_processed\legundary_customs\bash_plate_product.webp,
9405222617344,TVS APACHE RTX 300 GENESIS CARRIER PLATE  SILVER -DIRECT FIT(WITH OEM CARRIER),Legundary Customs,Crash guards,images_processed\legundary_customs\130_311a4be3-294a-4f58-aee4-9554c13b3602.webp,
9405218554112,TVS APACHE RTX 300 GENESIS CARRIER PLATE BLACK-DIRECT FIT (WITH OEM CARRIER),Legundary Customs,Crash guards,images_processed\legundary_customs\rtx_1.webp,
9390996160768,YAMAHA XSR 155 VAMBRACE BASH PLATE BLACK,Legundary Customs,Crash guards,images_processed\legundary_customs\1_9df98dc0-80bf-4b15-842e-c7ae94ca9c27.webp,
9391003992320,YAMAHA XSR 155 VAMBRACE BASH PLATE SILVER,Legundary Customs,Crash guards,images_processed\legundary_customs\2_3025a4b3-d73d-4804-98dc-79042a4490dc.webp,
9391607054592,YAMAHA XSR 155 BELLATOR CRASHGUARD BLACK,Legundary Customs,Crash guards,images_processed\legundary_customs\7_622a8f0c-85f5-4482-94c8-ebbe2d1cd325.webp,
9389960986880,Apache RTR310 Thanos Crash Guard With Slider white,Legundary Customs,Crash guards,images_processed\legundary_customs\11_e7a40b51-1188-48b1-ba25-8ae8215971c8.webp,
9359804236032,TVS APACHE RTX 300 VAMBRACE BASHPLATE  BLACK ALUMINIUM,Legundary Customs,Crash guards,images_processed\legundary_customs\bash_plate_product.webp,
9358474510592,TVS APACHE RTX 300 RAPTOR CRASH GUARD UPPER & LOWER SET RED,Legundary Customs,Crash guards,images_processed\legundary_customs\2_a7989ce6-e82c-4020-b1c0-2080eb59ca93.webp,
9344747831552,TVS APACHE RTX 300 VAMBRACE BASHPLATE SILVER,Legundary Customs,Crash guards,images_processed\legundary_customs\ENG25818_02.webp,
9344572588288,TVS APACHE RTX 300 VECTOR RADIATOR GRILL SILVER,Legundary Customs,Crash guards,images_processed\legundary_customs\RAG25809_03.webp,
9344584089856,TVS APACHE RTX 300 VECTOR RADIATOR GRILL BLACK,Legundary Customs,Crash guards,images_processed\legundary_customs\reditor_22.webp,
9344619643136,TVS APACHE RTX 300 RAPTOR CRASH GUARD UPPER & LOWER SET WHITE,Legundary Customs,Crash guards,images_processed\legundary_customs\CRA25812_03.webp,
9344618037504,TVS APACHE RTX 300 RAPTOR CRASH GUARD UPPER & LOWER SET BLACK,Legundary Customs,Crash guards,images_processed\legundary_customs\1200x1200_-2.webp,
9344472613120,TVS APACHE RTX 300 TITAN BOOT GUARDS,Legundary Customs,Crash guards,images_processed\legundary_customs\bootgurd.webp,
9332320272640,BMW F900 GS ROTEX FRONT WHEEL SLIDER PAIR,Legundary Customs,Crash guards,images_processed\legundary_customs\slider12.webp,
9332198605056,BMW F900 GS TITAN BOOT GUARDS SILVER,Legundary Customs,Crash guards,images_processed\legundary_customs\fit1_c2b7923d-85b8-47bd-a186-431f003a66ab.webp,
9332213252352,BMW F900 GS BELLATOR CRASH GUARDS BLACK,Legundary Customs,Crash guards,images_processed\legundary_customs\fit3_c0266102-3157-47a0-8021-c0ec9d6ce75c.webp,
9331741032704,HONDA TRANSALP 750 TITAN BOOT GUARDS SILVER,Legundary Customs,Crash guards,images_processed\legundary_customs\FIT3.webp,
9308563079424,Honda NX 500 Vector Radiator Grill V2 Black,Legundary Customs,Crash guards,images_processed\legundary_customs\RAG24039LEGUNDARYHONDANX500VECTORRADIATORGRILLBLACK3_1.webp,
9308550529280,Honda NX 500 Vambrace Bash Plate Silver,Legundary Customs,Crash guards,images_processed\legundary_customs\ENG24037HONDANX500BASHPLATESILVER9.webp,
9308549480704,Honda NX 500 Vambrace Bash Plate Black,Legundary Customs,Crash guards,images_processed\legundary_customs\ENG24036HONDANX500BASHPLATEBLACK1.webp,
9151660130560,RE Bear 650 Thanos Crash Guard With Slider,Legundary Customs,Crash guards,images_processed\legundary_customs\2_1_9542435e-b764-4a15-8fea-8005f722d3ef.webp,
9289484828928,Hunter Vambrace Bash Plate Silver,Legundary Customs,Crash guards,images_processed\legundary_customs\ENG24035_LEGUNDARY_ROYAL_ENFIELD_HUNTER_350_VAMBRACE_BASHPLATE_SILVER_3.webp,
9153605435648,KTM 390 Enduro R Vambrace Bash Plate Black,Legundary Customs,Crash guards,images_processed\legundary_customs\KTM390_CRA_black_1.webp,
9153559953664,KTM 390 Enduro R Defender Crash Guard Black,Legundary Customs,Crash guards,images_processed\legundary_customs\KTM390_CRA_BLACK_1_cd76ecdd-38e6-47e7-b934-dac643dcd574.webp,
9153580990720,KTM 390 Enduro R Vector Radiator Grill Black,Legundary Customs,Crash guards,images_processed\legundary_customs\KTM390_reditor_gril_black_1.webp,
9153594589440,KTM 390 Enduro R Vector Radiator Grill Silver,Legundary Customs,Crash guards,images_processed\legundary_customs\KTM390_reditor_gril_silver_1.webp,
9154998829312,KTM 390 Enduro R Rotex Front Wheel Slider,Legundary Customs,Crash guards,images_processed\legundary_customs\KTM390_wheel_slider_3.webp,
9153598259456,KTM 390 Enduro R Vambrace Bash Plate Silver,Legundary Customs,Crash guards,images_processed\legundary_customs\KTM390_CRA_1.webp,
9153560936704,KTM 390 Enduro R Defender Crash Guard Orange,Legundary Customs,Crash guards,images_processed\legundary_customs\KTM390_cra_orange_1.webp,
9289402777856,Triumph Scrambler 400 X Hector Crash Guard Black,Legundary Customs,Crash guards,images_processed\legundary_customs\CRA24033TriumphScrambler400XCrashGuardBlack10_copy.webp,
9104405135616,Hero Xpulse 210 Vambrace Bash Plate Silver,Legundary Customs,Crash guards,images_processed\legundary_customs\eng1.webp,
9104384786688,Hero Xpulse 210 Xplorer Crash Guard,Legundary Customs,Crash guards,images_processed\legundary_customs\CRA21251BLACK1.webp,
9098806657280,Suzuki V Strom 800DE Titan Boot Guards Silver,Legundary Customs,Crash guards,images_processed\legundary_customs\CAP205785.webp,
9094940164352,Suzuki V Strom 800DE Rotex Front Wheel Slider,Legundary Customs,Crash guards,images_processed\legundary_customs\SLI203701.webp,
9081914753280,KTM ADV 890 Titan Master Cylinder Guard Silver,Legundary Customs,Crash guards,images_processed\legundary_customs\10_09dd7be9-5486-461b-ad19-a61828e49f59.webp,
9084390539520,KTM ADV 890 Huckita Carrier Plate Black,Legundary Customs,Crash guards,images_processed\legundary_customs\12_f0c27051-280f-4f3a-affe-56c7314f4f85.webp,
9081965216000,KTM ADV 890 Rotex Front Wheel Slider,Legundary Customs,Crash guards,images_processed\legundary_customs\15_bbb0fb4f-fe30-4e79-9b8b-5c279c8a3a82.webp,
9080992006400,KTM ADV 890 Huckita Carrier Plate Silver,Legundary Customs,Crash guards,images_processed\legundary_customs\8_4d07d06b-2f53-46ec-bd5c-a99d16de1c27.webp,
9069189988608,KTM  Adventure 390 (2025 model)/ 250 ADV/390 ADV R/390 ADV X+/390 ADV S 2025 VAMBRACE BASHPLATE BLACK,Legundary Customs,Crash guards,images_processed\legundary_customs\1_c4b1f675-a4ac-4653-9d03-472eee3dce8d.webp,
9069195329792,KTM Adventure 390 (2025 model)/ 250 ADV/390 ADV R/390 ADV X+/390 ADV S 2025 VAMBRACE BASHPLATE SILVER,Legundary Customs,Crash guards,images_processed\legundary_customs\1_f2726f1a-3ae2-4e71-9fd8-7b800f58aee1.webp,
9069161873664,KTM Adventure 390 (2025 model)/ KTM 250 ADV/390 ADV R/390 ADV X+/390 ADV S 2025 RAPTOR CRASHGUARD BLACK,Legundary Customs,Crash guards,images_processed\legundary_customs\1_5c698192-1576-4a4f-a05f-abb601369371.webp,
9069156925696,KTM Adventure 390 (2025 model)/ 250 ADV/390 ADV R/390 ADV X+/390 ADV S 2025 RAPTOR CRASHGUARD ORANGE,Legundary Customs,Crash guards,images_processed\legundary_customs\2_86e2bc52-60c1-41ee-93fd-b3bd37252be1.webp,
9069107970304,KTM Adventure 390 (2025 model)/ 250 ADV/390 ADV R/390 ADV X+/390 ADV S 2025 ROTEX FRONT WHEEL SLIDER,Legundary Customs,Crash guards,images_processed\legundary_customs\1_0d461291-1ad8-4c19-88e7-be104e476692.webp,
9039954673920,X Pulse 200 4V Pro Defender Crash Guard,Legundary Customs,Crash guards,images_processed\legundary_customs\X1.webp,
9039942975744,X Pulse 200 4V Pro Vambrace Bash Plate,Legundary Customs,Crash guards,images_processed\legundary_customs\3_15c35305-9012-4ef5-afc3-4e715be9c90b.webp,
9032687878400,Kawasaki Versys 650 Rotex Front Wheel Slider,Legundary Customs,Crash guards,images_processed\legundary_customs\7_d30c5312-334f-4a52-9032-dd4b2725147b.webp,
9032665039104,Kawasaki Versys 650 Vector Radiator Grill Black,Legundary Customs,Crash guards,images_processed\legundary_customs\WEBSITE_SIZE_b8e64f53-9f84-4d96-9f88-f6e7e49b5e11.webp,
9032568570112,Kawasaki Versys 650 Vambrace Bash Plate Silver,Legundary Customs,Crash guards,images_processed\legundary_customs\2_0737c5df-b5cb-4cae-8dcd-fc705730f265.webp,
9032602976512,Kawasaki Versys 650 Vambrace Bash Plate Black,Legundary Customs,Crash guards,images_processed\legundary_customs\10_cf516dda-a59b-42c7-999f-5c400c8bd75c.webp,
8765530734848,Hero Mavrick 440 Zephyr Metal Visor With Number Plate Stay,Legundary Customs,Crash guards,images_processed\legundary_customs\MAVERICKFITED10_c7a2e621-d82e-4afe-b10a-fb8c4a1c514c.webp,
8921455264000,RE Bear 650 Vambrace Bash Plate Aluminium,Legundary Customs,Crash guards,images_processed\legundary_customs\2_890aaa7b-0fc0-4dca-abb8-6b43144629a1.webp,
8921452773632,RE Bear 650 Vambrace Bash Plate Mild Steel,Legundary Customs,Crash guards,images_processed\legundary_customs\12_d38dff34-742b-4461-929b-5da1437b1632.webp,
8921431703808,RE Bear 650 Mig Headlight Grill With Number Plate,Legundary Customs,Crash guards,images_processed\legundary_customs\8_e6dfbd7d-7be6-461e-9f73-e512ec785328.webp,
8838242009344,Apache RTR310 Thanos Crash Guard With Slider Black,Legundary Customs,Crash guards,images_processed\legundary_customs\2_4256988e-2b0f-4b6c-87d4-3b23e4de7d4a.webp,
8838181257472,BMW G310 GS Bellator Lower Crash Guard,Legundary Customs,Crash guards,images_processed\legundary_customs\1_7616b8cf-e7c7-47cf-ba77-d1f2a46e000c.webp,
8838205767936,BMW G310 GS Raptor Upper Crash Guard,Legundary Customs,Crash guards,images_processed\legundary_customs\1_7ad524f4-76bf-4596-913c-2dce5a71e1a6.webp,
8878376059136,Bajaj Pulsar NS400Z Brooch Number Plate Holder,Legundary Customs,Crash guards,images_processed\legundary_customs\5_60167e50-a783-43b5-9669-2564d769cafa.webp,
8878266810624,Bajaj Pulsar NS400Z Pegasus Crash guard With Slider,Legundary Customs,Crash guards,images_processed\legundary_customs\8_76f6b704-0f5e-43ad-b5e2-78b8822dcb00.webp,
8875876581632,RE Guerrilla 450 Bazooka Crash Guard,Legundary Customs,Crash guards,images_processed\legundary_customs\8_58b55179-ba72-4eac-a32b-6538bd44a1a9.webp,
8875866947840,RE Guerrilla 450 Gopher Luggage Carrier With Aluminium Plate,Legundary Customs,Crash guards,images_processed\legundary_customs\3_eb2372a7-edd8-4865-800b-284660e7c0f2.webp,
8875031232768,RE Guerrilla 450 Vambrace Bash Plate Aluminium,Legundary Customs,Crash guards,images_processed\legundary_customs\1_a61798d8-ce3f-4923-8430-415bf3641c74.webp,
8874999513344,RE Guerrilla 450 Vambrace Bash Plate Mild Steel,Legundary Customs,Crash guards,images_processed\legundary_customs\10_e051b945-a2ba-4ded-96ea-30af53adbaca.webp,
8874952556800,RE Guerrilla 450 Gopher Luggage Carrier With Mild Steel Plate,Legundary Customs,Crash guards,images_processed\legundary_customs\3_c49b110d-ecdd-4612-b795-d5effe9fac4b.webp,
8769106542848,Triumph Tiger 660 Vambrace Bash Plate,Legundary Customs,Crash guards,images_processed\legundary_customs\60000-00001-P_1.webp,
8765550100736,Hness Vambrace Bashplate,Legundary Customs,Crash guards,images_processed\legundary_customs\hness-bashplate-4.webp,
8765549412608,Meteor 350|Honda Hness|Standard 350 Reborn Carrier Plate,Legundary Customs,Crash guards,images_processed\legundary_customs\2_9e7a48c6-31cc-4987-9683-e4a5adbb5817.webp,
8765549379840,Meteor Vambrace Bashplate,Legundary Customs,Crash guards,images_processed\legundary_customs\royalenfieldmeteor350bashplate.webp,
8765549150464,Meteor 350 /Classic Reborn/Standard 350 Reborn Wadder Burn Crashguard,Legundary Customs,Crash guards,images_processed\legundary_customs\meteor-crashguard2_0a254bff-1f97-4602-9905-731433fad4ba.webp,
8765548560640,Xpulse Big Carrier Plate,Legundary Customs,Crash guards,images_processed\legundary_customs\3_0cb9e449-b945-47cf-a87d-2902433a2a30.webp,
8765548167424,Xpulse Small Carrier Plate,Legundary Customs,Crash guards,images_processed\legundary_customs\xpulse-carrier-lc-small_0c153b47-e481-4de9-87f5-d57cbdf57d17.webp,
8765545578752,Himalayan Huckitta Carrier Plate Bs6,Legundary Customs,Crash guards,images_processed\legundary_customs\10019-001-Palm-White.webp,
8765545414912,Himalayan Bazooka Big CG With Slider Bs6,Legundary Customs,Crash guards,images_processed\legundary_customs\1_d13d6b57-a676-4ae3-acbc-00be8d3c2bc8.webp,
8765545251072,Himalayan Bazooka Small CG With Slider Bs6,Legundary Customs,Crash guards,images_processed\legundary_customs\HIMALAYAN-BAZOOKA-BIG-CG-LEG-SLIDER-2021-BS6-CRA3678-small2_3278aff4-8ba0-4d21-92e9-a9b17052f8de.webp,
8765545120000,Hness Thanos Crashguard With Slider,Legundary Customs,Crash guards,images_processed\legundary_customs\Honda-H_ness-Thanos-Crash-Guard-WITH-LEGUNDARY4.webp,
8765544399104,Dominar Pegasus Crashguard With Slider,Legundary Customs,Crash guards,images_processed\legundary_customs\with-leg-slider1_4860b806-9302-4baf-97ea-cf0d58e897af.webp,
8765543645440,Xpulse Carrier Plate Bs4/Bs6,Legundary Customs,Crash guards,images_processed\legundary_customs\xpulse-carrier-LCB.jpg232.webp,
8765543547136,Xpulse Xplorer Crashguard Bs6 With Slider,Legundary Customs,Crash guards,images_processed\legundary_customs\xpulse-crashguard.jpg125.webp,
8765543514368,Dominar 400/Duke 250 BS6 GEN 2 Brooch Number Plate Holder,Legundary Customs,Crash guards,images_processed\legundary_customs\number-plate-stay-4_1_ce7e05c5-3488-4f70-acd9-f33aeb6f6212.webp,
8765542891776,CB 200X | NX200 X Adrinex Crashguard With Slider,Legundary Customs,Crash guards,images_processed\legundary_customs\crashguard.jpg1.webp,
8765542727936,KTM Duke 250 BS6 GEN 2  Pegasus Crashguard With Slider,Legundary Customs,Crash guards,images_processed\legundary_customs\1_f05db6b6-262c-407a-b191-9fce3350d124.webp,
8765541318912,Slider Mat Black,Legundary Customs,Crash guards,images_processed\legundary_customs\legundary-slider.webp,
8765539778816,Classic Reborn Bashplate,Legundary Customs,Crash guards,images_processed\legundary_customs\ENG6685-legundary-bash-plate-compatible-for-re-classic-350-legend-reborn_14c1e118-ca17-472e-8958-8b14032c699b.webp,
8765539188992,v strom huckitta carrier plate,Legundary Customs,Crash guards,images_processed\legundary_customs\6_f0c7abc5-bd1b-4992-9458-a33ceebf0e24.webp,
8765537517824,Hunter Hector Crash Guard,Legundary Customs,Crash guards,images_processed\legundary_customs\3_a6f71e3e-1da9-48ed-aa34-62efdea58f09.webp,
8765535191296,Triumph Speed 400 Velocis Non Slider Crash Guard,Legundary Customs,Crash guards,images_processed\legundary_customs\2_8f4262d0-38df-42e1-91c0-6c58fcefce6b.webp,
8765535125760,Triumph Speed 400 Voyager Bashplate,Legundary Customs,Crash guards,images_processed\legundary_customs\5_32f23a5e-241a-4a8a-972f-b7bd0c82a4f0.webp,
8765533946112,Triumph Speed 400 Thanos Crash guard With Slider,Legundary Customs,Crash guards,images_processed\legundary_customs\7_aab6b046-bbba-4ef0-b445-36815b89dce6.webp,
8765533749504,Hunter Midget Crash Guard With Slider,Legundary Customs,Crash guards,images_processed\legundary_customs\1-2.webp,
8765533323520,ADV 390 Raptor Upper Crash Guard Black,Legundary Customs,Crash guards,images_processed\legundary_customs\03_c32b156e-1c8e-4319-85e0-ccd1aad017a6.webp,
8765533290752,ADV 390 Bellator Lower Crash Guard Black,Legundary Customs,Crash guards,images_processed\legundary_customs\advlowercrashguard.webp,
8765532733696,ADV 390 Brooch Number Plate Holder,Legundary Customs,Crash guards,images_processed\legundary_customs\3_0c745f1a-36cd-4c7d-b354-63f623350d3b.webp,
8765532438784,Himalayan 450 Taurus Carrier Plate Mild steel,Legundary Customs,Crash guards,images_processed\legundary_customs\3_f4835bc7-4193-472c-9382-9e00d982847f.webp,
8765531914496,Himalayan 450 Vambrace Bash plate Aluminium,Legundary Customs,Crash guards,images_processed\legundary_customs\9_aa9929b3-15d0-458e-9d9d-c641df1c0c55.webp,
8765531783424,Himalayan 450 Bazooka Crashguard With Slider,Legundary Customs,Crash guards,images_processed\legundary_customs\5_d15997f3-09ee-4d76-84a4-3f25c0f073a2.webp,
8765531455744,Himalayan 450 Taurus Carrier Plate Aluminium,Legundary Customs,Crash guards,images_processed\legundary_customs\2_5352c77f-2d7a-4f38-9805-dddfa8a33f63.webp,
8765531324672,Himalayan 450 Vambrace Bash plate Mild Steel,Legundary Customs,Crash guards,images_processed\legundary_customs\6_192e1052-6a18-492b-a098-bdc2420a6e54.webp,
8765531062528,Interceptor Thanos Crash Guard With Slider,Legundary Customs,Crash guards,images_processed\legundary_customs\interceptor_1.webp,
8765530931456,Hero Mavrick 440 Thanos Crashguard With Slider,Legundary Customs,Crash guards,images_processed\legundary_customs\MAVERICKFITED8.webp,
8765530079488,Harley Davidson 440X Mig Headlight Grill,Legundary Customs,Crash guards,images_processed\legundary_customs\website1.webp,
8765372629248,V Strom Adrinex Crashguard With Slider,Legundary Customs,Crash guards,images_processed\legundary_customs\11_d4c11087-735f-4523-bc7b-0fccd7676953.webp,
8765371646208,V Strom Vambrace Bashplate,Legundary Customs,Crash guards,images_processed\legundary_customs\14_65647fcb-ea3a-427e-982b-80ca9e68e2d3.webp,
8765368336640,Super Meteor 650 Magneto Crash Guard,Legundary Customs,Crash guards,images_processed\legundary_customs\crashguard7.webp,
8765367058688,Super Meteor 650 Combat Bash Plate,Legundary Customs,Crash guards,images_processed\legundary_customs\650bashplate6.webp,
8765365584128,Super Meteor 650 Taurus Carrier Plate,Legundary Customs,Crash guards,images_processed\legundary_customs\carrier1_4a65510b-123d-4052-ac1f-4a296c079acf.webp,
8765365092608,Super Meteor 650 Voyager Bash Plate,Legundary Customs,Crash guards,images_processed\legundary_customs\bashplatelcb73.webp,
8765364732160,ADV 390 Crater Bash Plate,Legundary Customs,Crash guards,images_processed\legundary_customs\2_dd2397db-8b04-4379-beed-617b56821b5b.webp,
8765364404480,Honda NX500 Adrinex Crash Guard,Legundary Customs,Crash guards,images_processed\legundary_customs\1_4025770b-89a8-4aa5-a134-c496c4708e7d.webp,
8765364109568,Harley Davidson X440 Thanos Crash Guard With Slider,Legundary Customs,Crash guards,images_processed\legundary_customs\website7.webp,
8000101089345,Motul Chain Maintenance Kit Road C1 C2 Combo (150ml each),Motul,Lubricants/Oils,images_processed\motul\image_5a47c070-1020-4348-8c9d-6f316a90baa2.webp,
7469123829825,Motul Engine Flush 50ml,Motul,Lubricants/Oils,images_processed\motul\46B5DDE7-82D6-43A7-B212-2281908DAB7D_48c5d4cd-efd3-426e-994a-7e20b3640151.webp,
7455782436929,Motul M1 Helmet and Visor Cleaner (100 ml),Motul,Lubricants/Oils,images_processed\motul\spray_limpa_capacete_viseira_motul_m1_helmet_visor_clean_25ml_219_1_0d4bc47fd5c1a52d4f8f5c52dc3e34b8.webp,
7455762907201,Motul M2 Helmet Interior Cleaner (100 ml),Motul,Lubricants/Oils,images_processed\motul\6146a1PUFlL._AC_SY606.webp,
6993369989185,Motul Inugel Expert Coolant (1 Litre),Motul,Lubricants/Oils,images_processed\motul\flmFKkHb4ZHCbKycwLTCkBJf9t2bef8ajz27np6M-removebg-preview.webp,
6707350110273,MOTUL FORK OIL EXPERT HEAVY 20W 350 ML,Motul,Lubricants/Oils,images_processed\motul\81F2XjDMnSL._SL1500.webp,
6598601769025,Motul C1 Chain Clean (150 ml),Motul,Lubricants/Oils,images_processed\motul\616Iv20KsqL._SL1101.webp,
6598603341889,Motul C2 Chain Lube (150ml),Motul,Lubricants/Oils,images_processed\motul\61mJo2tHKoL._SL1163.webp,
6538641408065,Motul C5 Chain Paste (150 ml),Motul,Lubricants/Oils,images_processed\motul\710T8UxZbHL._SL1500.webp,
4632214896705,Motul Motocool Coolant Expert 1 Litre,Motul,Lubricants/Oils,images_processed\motul\MOTOCOOL.webp,
4417602781249,Motul P3 Tyre Repair (300 ml),Motul,Lubricants/Oils,images_processed\motul\61eaw2OcFGL._SL1224.webp,
9306337037,Motul M2 Helmet Interior Cleaner (250 ml),Motul,Lubricants/Oils,images_processed\motul\Motul-helmet-clean.webp,
9306325005,Motul M1 Helmet and Visor Cleaner (250 ml),Motul,Lubricants/Oils,images_processed\motul\mot_helmet-visor-clean-m1.webp,
9306293005,Motul C2 Chain Lube (400 ml),Motul,Lubricants/Oils,images_processed\motul\C2_Chain_Lube.webp,
9305270989,Motul C1 Chain Clean (400 ml),Motul,Lubricants/Oils,images_processed\motul\c1_chain_clean.webp,
